id,result
0x49bf169e65c49cda2e57975da2e953f3adc5d462f5f739cc8c0917b1934d86f6,false
0x13c0ad09bc56d23492fbbb1ae8b83d0f265f64dd4fb39dfa8d0a4d1b984342e8,true
0x9a12efe8337efb67cf0f46fd6dff54e7ba00a5fda232f39f25aedb359d4d97bd,true
0xc919fdcc132df145cd8028f40e4700aae266b082c5f5b112e7283def43c6dc06,true
0x9de102c602ce3521dac09dbd0198e7ece1344edf7c189dd1e2045876da1a4cce,false
0x651ddabd846cf984a6374a9d1c6f65e84cb78b4f545966cfc6f21bbf9dc56301,true
0x5c9fda01f03a6e3f027fb80262826a2a9d13eca220de8f80c5aa043e2cde4121,false
0x12815fc692c486e2efb6c4e8882e134f7ed14b9ec774ffcc3b2fdcb12887bfb1,true
0x8641df5182c8ab8557f17cb4ce32a8ea70794d72a5be82b52a375507f9a6b56f,false
0x07acb38209499a75493fb52ffd39518f88472d9dcd29c06f863d98fb78f1bea4,false
0xd4e821e7198f0ca0b83dd05c19266a401384dc55f447491ab88992a14b9795a4,true
0x1903d5ed4dc666c1096ee90e0f019fc92b4ff10c2c7e7dbaa214e7e55c51564b,false
0xa9614c2234f03de152ffeeea6eceacd5c5495c05d2b1e1c1fa6dc503843234ff,false
0x3e022c8f59983f343f9abe6971f6b3d1d9c79d4e5f9c2fb02354e3d86c549040,false
0x972109d1272ca6ac0210204f94234428cec8386a1c0935919279b52688288e40,true
0x7d85c45da3e8a0485cf261cfdb6cd9e34d498a0050b85be5a56767fdaae564e7,true
0x9cdc80503b3e1e8821581f256e9d123308233668bb5e2ab5a42b4a1738fb4fee,true
0x39c67d38f0044a24f54af33d3f8bfe5d2e787926e194224905b92da4d80d00da,false
0x8fe366e8e5f2923293c97cc53777df92e24bd1d2350d73d15c3c3ecb59e9ebf2,false
0xb7a2e85cedde43c25e0de37714dad56b599e78c6027cbf81f1062d06b7b85721,true
0x8450c004317a3c438455f4430496b88d33a95a2dcaa917befc455eb800753eba,false
0x818b58c3f66bb67dcd322a4b42f644ec2b8918947adc0aa3766e5d204e75ada7,true
0x875720f4196fed36149ca301cfcc6a2c0303d1e9bf12f0dc6a196fbb54743e68,true
0xe7ac3a22f4b9f9cac893b11c5e717d0c11deeb47ab6e6bd8b17e40b26bc4592d,true
0x808293737290fd668ee0c869f8960a1931dac4227b239482883a91eef6030730,false
0xb0533a521025e18678b88219945ff147dd785b51f308a40117fe84badf74f18c,false
0x59bfccaa724aad9b4407dd2d8b0853a447cf58ce3de996ae1b39221120d507f1,true
0x346a662af3e48f1ef3f58291a546aae7f752a5194d784a01cbee739c40e93092,false
0xc89ed86b6244a0c470b923782595bfddc1ba40389e3551fd2ca95b1db8123348,true
0x9a52887077a81892311233af7cac4aef2fcae944d3786bc9e295a3f697d32468,false
0x48dfc78323ddac19bc6809c5da5b0d13ecedab0721cb65425aad26783aae24ba,true
0xb0554fd2c92130ce3115519bd1104d838cc16f0233f580b1a00b0d3d6c68e471,false
0x97d2b429a471a5ee8d82691a5ebcc9739d8f199e5fae9ceb0165990afbac52b2,false
0xd363dacb7773607c052192c5a629824d56333de21537adb958d2da33a2e9a51e,true
0x9c267fa22d3881dacbad50d2cd76d69f8f170a8a848ef14fafa933a99fae637f,true
0xf3338ba99b8dd3721d65b31e8df6d54ee083298ea6e73c8d859491bc1d9df9c2,false
0x6f6c2c27dfe681d798313b67c2bdc6ed433fd42c7201842eab5c27a520203f64,false
0x3764747934ebe6c3b4e81f3001ea0af47c923555be6e91feea32ea0f8c7a72b0,false
0x78796aae0dec7414523035af0002a93f567a2f206c3542e4d9baba074bc7f78c,true
0xed02462f048f3c33fb849fefabd5b5cb86ba146d5208d001a314dbdba88003ed,true
0xcf4c4da838114c0450b0c56755953b0671c2550c0013856d7eec432783628fec,false
0x6779ef52e5f3b0b7a6c8b2d9ca8be201dc5c96c4cc50874585a4afe666779b68,false
0x376289fb25659992a716a426f15c16a63a097b2b4ce23f1adc9bf7c2440ce84e,true
0x36619e060a49a4edc485bd30b6438e6f7461a54a298478e1d4f4651c5d45cc5b,false
0xe78f00c5e813e42b3e385822909cd04e1d27045a4a2cbc32c6e0e09bbc6f54cb,true
0x2b91e086df5d94d997fde9ee57b212d31d597e0c052eee202d4a12e10481a186,true
0xcdb44a6a5eb872358bae1ff11bb4b800cd3b411be42fb689cd9eb580f3a1bae1,false
0x56029a50d0f911050b8faac0e01d9288f06ec880927ef6d9e90383b0be690f3c,true
0x461fd91ea90b11636a6b964d2eb18dbc0f8413964cfcfa5c2c6477376a363aad,true
0xfef2a856f74fa640a5bf34f152656a175fb14472f570cb3f00092af18f0c20f3,true
0x34ac88827a234891449403c700d1d5820626760a31ccc2c0f5b12487f7e12822,true
0x304ee992eac56c9695e0dc378d35ab7d4dcdf835df894c67bbe320a946c69797,true
0x25b25755cb4f4a12cdb81510facf9f70a2f51d12a76a9002dc43b4214ae116a6,true
0xf4139ca4b0047fceeacceb4f909df9075c12d42c6852a3509c9c4715d79e74a0,true
0x1bb62c318423e9f6eae5e0f714d6ac3f3bf72e9a6db6fc8e27d8fd0998fcc5aa,true
0x56114436ae57b721518962fd147d6cff43a62e3c03d7c28577ce50bdb0fe08d1,true
0xf0a3dbc8e4c2a2a5d3df02130f42f48f6c12faf9a30d47573b14661968367f60,false
0xc8c8634eafa67d71e154be93415353f5cc81ef9e0d8f5714174ae926859a1b80,true
0x3fa52975510273a86d2695baa9779f0a1730206e76a337949879c2d14a7594c4,false
0x27e6ec75b3ed86489bee4b8b146de7062866d85c0ff26880699804264fa21d7f,true
0x083c1913efc596936b624a7fc40630280ff32e7d6dc4985b3a1fd6e866672fa8,false
0xfb6a12408de5be58fc91f0e3132adf806abc6c7bb3351b2a5a07f26fd2b5cfbd,true
0x48739f5260c4546da9215dfdd5ca5cb34393be35ee45d2ee01579e2969313d07,true
0x189fccc90eec8c279927ce27cdc59c39b89ccb6d674acd8694aae08fb1f90103,true
0x92fe1211fd705d8011bebab6bca3fd18faf0eb0b04a36f2be60179d14d09eea7,true
0x05065e375e193dccc7aa7341606c7a5494e908ed99c4e24bd45a9c5e37b0de57,false
0xa0be4af944313da367e9f2a901fffe0ed2fdefac47902134193a78cbc7c08702,true
0x0881ba740c36c187e26201ebe51c4ead02f7e38487e528d5736b72f4f0a2cc0b,true
0xd436eac45f280a835d39fe1cf32b5c80a920e412f676b05090af36d648347006,false
0x0d63a9516a0898fcb2e482998c59c7b1466773f799780a0d251dd8811238bf07,false
0x2c93486e4729f37679efb058e13fe4e6179e7f3334ce27f635e1114e0ccdff9c,false
0x059be02b73f6dbed21fb08394e0af9eb54123b54fab02d9ef2e7da5d6533ad40,true
0x320968add7769ba7388b171c1362cea4e8f7582638efc98bbe591a370e424748,true
0x5294e9fae592ff0138624c6fe09263a57ccb14578190697fdf46ecd301a52e0b,false
0x12cfdedc36ee18564675cc953b8b832c557cfe539f623055e09998b3627f61b4,true
0xdeedc556ecd39b74f0c1bcb345323ad990c25c75d2bf71d0b2bd1b95b0bfe230,false
0x259474fe2fe0037399e402efa6137743d75a63f45220049668196ba91accce16,true
0x01054107c5d1b18f3cd373bec747f3ee70e35e34a1b46e2c01c1176103e034b6,false
0xa13cbdaa4bdae282820b879dbb45bfc76d5b4e933cd5ac80b16109e3bbae4972,false
0xfb0c806a92e8c9eee00b33006c67b85e30ff1498b7b19f97756c43df72c32d83,false
0x05270982ccbb324bd31a0f932cb566cbe8c3c00ace86ac4125d7b87bfb3aa6d1,true
0x7c0e6d4a7a279a36e2e421c5f7251febe54d8835446eebbd29abf7a1e36e2281,true
0xf56550f329f79f5614d3ebffecb9a6734d2f702afe7487ad1caee6476887b14e,true
0xb8ed724e40d5212e722458af9876ced81ad9126c0fe615f017be4427da7b2014,false
0x556fc4304d61a0592adafbd25229eb8555eef15664795942b0fa164580ac2373,false
0x22bb65621831e5480195fe7d54262494a222626c3fdb040ee06a93783f2625e6,false
0xeba5a20b719f4000fe96d706f39abf50573c1530cd533a62c1186d4937b314b4,false
0xe6874c0fb7b560dcae5b62c4254bb5c67f632ab88332e05d7f56427b2ec92d5e,false
0x611fcfcb113d403ad9c31893f29dc1885394487381fee6fb282ae0c39f0d83f9,true
0x3861443dd51b7878778b81bd8b44b585cce9a4e5c2226e13e29f0e89b12a5333,false
0x67751f5d8e47bff6668d31280ff904739a09b10cfa86e71d15100a8495246ae0,false
0xbddaf4784503c1224d4877216bbd7658c5747eaa3863d1f0ea0ecc6e5705d9df,false
0x0e75e8fbf178ce62e6aa3e0d8c60b4156f5ffe1fd5f8cc88d658c3ac77f791cf,true
0x77d108fa068b309bd128f56a8f98f3a1f0ee705f0b7b7a60204892288ed687a7,true
0x5bf11f64cb81f1fbbbc92d35347602fe0bdc10284e14db9f5f5e11cc533f6337,true
0x3fc25124a3209e5de5cba456adbbf224ec23cf5c59125344d098254860bb6071,false
0xf83687dd2d3790962884d9a70436881c3ae5569bc4596a4d920b44f510167387,false
0x4e435fb2675f6c6a984f24a6989e0e251609555bc1b400173334ab36e29756eb,true
0x7687a982eed67674fbda209bc0bee6c100a87c5b22ddd33598f7576b3e3b2ba1,false
0x8cc583e80d6616ab0bbcb049a4da5e103b1f2c7467f6ce1b0aa84ae6cc333a70,false
0x3bfa30a9f4f342813cd4d3c05301fdf76a850401ff1b993552d6c40b35819b96,false
0x2f2e91eb3040212383a1390fb70fdd23c35e2813a88bfd879d2a7a5498026ee3,false
0x42472f24c4ef8907357b5cae958536ee828e388f175193b5f92873b3b052b6d9,false
0xc0f23b588e7e13bf05782d277a016eeaa5a551d037db0fb9d5f7ab8555e81a0e,true
0xd465bac835d1bbc83117c5412c6e7f424615690d6bd610f300eed0e175def65d,false
0xdddb8945f0bc57c9fe59f2c4803c1909e3462c5edbd3c9da937c5ea79bac380c,false
0x64d7a0b3c71826857351eff51f63e08bcf6aba6f674d47947bb725351c025810,false
0x034e1cb421577d3f8b07831a7f5c35d52ecb27fe132ad2dc3271aae3ad1fd68c,true
0x50adb161e81bffaf1622cb0c057f93ff00a8cdeeff28743b72c2f59bb36620dd,false
0x9e6263d547428c2485d51cf88bd55f6440db6f13e168bf5b17ee2b4f5268b0b0,true
0x3f333dfe7ac755c924e30066f3b5a60e115ace09b09fdc26a0a0d32161ee5e0b,false
0xe809836514ffa3e8336dd81efbc366a0021e6663da322196cbdf7ac55fb5733a,false
0xc6dd776d6253059ec540744d6bbdf83c810c6dde1362f34a082ad73903db38c5,true
0x397a86de595f66ae9a9bb2941850e726bb6783723beae7f555605412744659b5,true
0x894dea6c2ed67753f14354255b854413d2c1406d6b33d52bddacff62fa8050d4,true
0xcfb99b78416f4e4100120923a35d21f3733000a79ac7da5ec9398008fc8a869b,true
0x9946224e2dc894fa099c65f2b9e250ae07baa380b430575dee56be23bbd0122e,false
0xf37d29e6ffd8b5dd392cef4438b6f9f23528e178bb71f15c34139f37166787f7,true
0x097a7c1bd4aac0f017a73041135bee5cc4f4cced46158ab2e0239df5f4865444,true
0xf507bec058cfbf3e56cbb1dc2465f889b0f00647262cabbb8658cd06a3d7eb7e,true
0x0b0b214ea4940da60f7fd3426bbc351521fb9b3bc7ef2d068ae267ebe92a69f1,true
0x0a2e00263b32b1d532322b6a38afe2b92a65930d7a486f3f06dc283eece2eabe,true
0xc9edcf378bce8a14e0955a61f0dd6afc0ea0a528408a708204d007a0c4ce76c3,true
0x2d2b3327cdcb406ef8dc76560098c6d9aec7195dbc486e6aa717c1f61154cf9a,false
0xfa5a6bc226d418626505e33aa3312e93048b06a8128f26fdc481c6d3fdac7370,false
0xa238eb079aae1be23fb321f242424851721b665ab96295e8b82c3ab809786831,true
0x12945bad28485e34e551f1551134d08e820db70baaf01e2e4aa983a599b5ba86,false
0x0c33635f4711c71ed5f29945155a7833ea6ad8034e593f6ddbd67565ffc2a9b5,true
0xe155905e0693f1229dc17ffb0e3d86dd18b79505d511b13cd4d61b48a2798dcb,false
0x2b4aac4914b9020d8d538141361d6ea21822cf79342b3d3f310a078c629546ef,false
0x644cbc79a866386f64a40479237b2802d386f34a7cf547074ba49ffc918f769b,false
0x0e1095d70efbc15958433e0d036cd11a1ef2bd47354d1476223d1c819f5a744d,false
0x4a2f7f0e8fdee7e6f3b0952ac37a96265e7df34d7826c635122d6817e7339fef,true
0x9118241934420bcf0eb9beaa33705e5cab82b84db13495cca81f12e92679b9fe,true
0x44540796b645489809719b7a9fec9180b8c4716303601799432678cd6d4cbf57,true
0x853b253a101de03329499e1c93731201f27d0eb49c025f20ec9ad9f87a5fb701,false
0xfe132fcb009d7cfc8513118abd1bd580b118c6addcb7013fcd591bc58fa92f8c,true
0xc4d68c2bb75fc457eb9ec942dd0e5b66b30aa960d66b2195ed59c200d9d456dd,false
0x46c675fa20a73e0dfac5867aed0ba4b1955c1c3b4d4407a26092aa39a7c9f994,false
0x3cd120b23a6c787b3d3d949755165bdacd971a9c168b0bfcf5875bf5e574bb92,false
0x9b0810b380b8fb48775e6fb708144904c9d1259ca2149a2061ad747847c01e7c,false
0xacf28ae5f05ef3b8a9e684a10fb73805303a88bb9e7175edfecdbbb5d8e09fd3,false
0x73d2524a3801f55d30b19fe514d80ad84f91c1b85834795377a4574ce87b98a5,false
0x82fd2c2412de42e1de69fbb80fedb1fe216c9ef63df94c6df3328bacdb78b79a,true
0x47f15d97d842ef2407f0b9260f27e25c14e8e669aa111f381c9d9c6c00dc221f,false
0xa3ff61a8617bd788a983a82246e295e74c76c5d84c1f3575240f27ec3abd22c7,false
0x9731d335974e9c98ea79d0f8b1d5cf1eb1cb3c983b587d3cd60f0a6e168c0fc9,true
0x4b63bf1596fcc035cd9869115c1269742586c8d3e2aa8da7edc04cd043460b1b,true
0x4dc21bd05d2931cca87a014c9a0ffec6896f911b83327015be752b708fbab8a9,false
0xb2d779e1354c701d55cf12e4bfdec77062afa0756d4d48f86006018f9635b417,true
0x3f196ff70c708e355eed1db5c997344c1b7396a4f65e0fb27e128d3582819845,true
0x43eb53373116753fb605f70c50194d6ce476635c23394e9f1f024f823cb3637c,true
0x4c66ef8601aabc8537306c19760c095db402ffc913901450fce6ee3d0637ea5d,true
0xecb442ffab9af291fab8d1a9e39e1836a13a46c2a734cda791d3d88fb809b0b4,false
0x4c33ace72905ef3e905dd957fcdfe82b7a3765956340f4e3dd17f10edc78115a,false
0x3d2070c5df1806d1b6deb9eef9a6a80037feb66d94185daa3b9df642a4dc4e0a,true
0x8e55af2b22ca3c028353018a6faae8118db2eb723485d1c1e6fcb1ceaba31005,false
0xa2a01312e916a7b111242b21a11b59efa7770c9d5ebb7c90ee453dc7f5e801ab,true
0x392ff132212f552124b0d02b9728b43a8d2c95d0168089d6a833145fc727b788,true
0x361d801a9a2555971daf11f160ab904acc7468bc2a6f240530657a9919f43c47,true
0x93d3af3ce61ec0f5c806d92e0d459f4c6bc79c0bf2f459086deeac07e0b2b720,false
0x921427e7e51e361221749d4463028844fde5328614e7525f18ad5f65fffea309,false
0x17505b376cf7d8bfadebdb98c462fafe4e9abbf998f47ff23ac211fc44bb04e6,true
0x64a86f1057b243556c7d2f9e3b2bd346c89165256e11595305f5ee3010c40be5,false
0xbf95d4b7e8fd41d4b7a864642fb3de819453910a30747037554fbc08418aecc5,false
0x7cc4068f4c18b7c8372861b798badcdff7f347bd9d3ba2da285742aad3f297f5,true
0x5dbe4b59384d29f9ac8b9e93d1ab4ce26a263973fa5f7df08d6b014312264976,true
0xf1d25aff4710dc55621b815618a1dab328f28353092e25cd952713da859011db,true
0xc12e238f5d295fa3d5fe399c2f45631278a62d1736d499c0fae1ada0c4cf9854,false
0x5a79fbe49c77b17685101386745cf06b9f3838698ffe7874c557fa9fd4f008e4,true
0x887c5cf142479414d69df5793c19b201e34872f1f438c8d0a94da7deb55bd839,false
0x0f11f09de27dcd5d1fe72f7ecc925d6343f2523ee7a81b6d0e81dc1e11de834b,false
0xc58e8e29ae565cac2a3261ef7b52722010c503715d008033f354b59c23d04a4f,false
0x468a1a1466ee5f1a0b66f686f68f785efb428a1dbe6010bced89249a7c0dab87,true
0xee3089861943c428230f20a333b481f995547aa81fa1370657547592acdf8c3c,true
0xb6a1bb03c7f67b9c409e9e06300e8c76d2ebabbe52b6595ab8e51679ced0b8c2,true
0xfa82d91694a8e0c322764fceccc49c43ac4075998f2829ad2b1f5a43c258eb63,false
0x37448c089a05cddf525e8aacca31e5d9f1a3a655ff98c0b84597d32cdbcc10ac,true
0xe87e7ac348be51cf73776699d69c1b2677e65c7f2de3eb99d32f5d1dfb28be81,false
0xc74545638e0107f6ea5ab3df34377e923f6aee0f9f105a34abebd38590f4b6e7,true
0x131652f5407ff9f3b629758732d95e801b39654d72511198717dbb3d908df62a,false
0x1c3e050b4d408ae23233ce786398fa5732e848aab53998f443ea78e5ad935726,true
0x6ce61b677b42ebfd203002b25e87d4aaf38536fb10da11156bb486357db69325,true
0x897e6ee9eccab72ac2aa8df438d2f0454b0e551e0d3355e6d84f550316fbb6df,false
0xb150abac774b13bcfa46c6d9acd8be694558de79f36d51a62fa5251dc78ee53a,false
0x431300c71c3f6a909ea3f7fd3659689f6aaefbf59a77f125970cc4951dfc04cb,true
0x9bcccc88e2f0a99310f2739515d53e9686a9b19e26cfdc057b126f8e8e1fa3d2,true
0x3a10994ee712dd38003fcc7477a36f0312b437728911d88b730241c6a366c30d,true
0xc668761d60e4febd5e10ea4641052c104a6a4f380d31c158cc58c4fce289e707,true
0x5244ef0718f5f30e5d960df2e3305b6dae645f2a530268c4da47ab2647d40e05,false
0x12642644d9311f9e74c4425bcd89cc414c8ce32b09e5746197fd0fb304b07dc5,true
0xb100ec07da1f3927b22861c0db20ffb598d4ce2bbe0bf28a19526e643d688b16,true
0x3378eee5f5cc60fa66f315a4b30b809ea84fe91a797e5dd63b25cb66135d469b,false
0xa5340c6ea04d1bb6fc9e9358e60e8d336153c8635f66b85844797528d06767f0,true
0x9cb48d9fd94fa89e30f5e0678536a091c2b063a7ddb702a2a2b036c45f7fc9c0,false
0x847cdead395a84acf68cacd389403bbf61c9c32af0f10439fe4dc58912204781,true
0x17d028718aa525de052b61230903d36239ed109387c727fb413f16e32f02a40e,true
0x3d3f5d7a35851ce0b8654f07e82583555e80f6fa52a5e876344ff49e0e0c57da,false
0xda12ca31aedf206f9737c1d7c5bac3cd830644636fff00fb8baa0e98ba17ceb5,true
0x21f6c497fab3d0b64312b9158acdb881a216e5b687499cf4315ef0400ac7ad91,true
0x8d07bdfd76dedba80161b7d6649c418dd9c781d20e53873903803efd0e7ff525,true
0x49d24544f2cfa19b32f2da3ec86593853a1fda9865c32e85d06effbb670cdab6,true
0x0f388adeddf4f998e07cbfa830fae73926faea0d2958c4abf9ac9fd787d01d82,false
0x2c0090c822bc05bc5bb4eb153f3e1968181bb998d217ae3fa40e020aa6cb1f2a,false
0x9fa5336a5f4264d9c0d3a9f2dc15a08ea2db946b9f9d642982c2faeffb635565,true
0xb4062aa0f66bdf5f5572ab94d2bf2ea6e1e482710aaab88bb1335c9b85379075,true
0xfc8b3a07d8c17214c60a6da00ff3c09248b0428c4643bd9e03bc27245483366b,false
0x7fc555c823a53f8d2fc072a8654e6b75d53dc0a6089ae51a201ea27e61d72414,false
0x4fdbdf3838091544db2a08a09d8c823fed867166d035e5cc845701f068007e24,false
0xa5874693c678c88f9e415ae01bc97d097833217a2c1d4126adc3b978658286b1,true
0xb2ca4b7b14ec13e0f6b4f995bb2919d796f9889e1695aa644e76d5d1a5dd238b,true
0x00ac41d43c3ea8dd382cdfa9a43bb6d1b8847133f5d84ddfaf8323ee703ffed3,false
0xff53587b47c7d31edd49a78f4edf658e1dfb4fb41afc39855c937273c25f196f,true
0x6feb022a4ae168a639f0b92ca4a1bdeb789d4ae945679ed3de4308cf1aa081bd,false
0x84eb5dd3a25eb072a937724ed795783d37654d5b78aca62be0d608503d70967a,false
0x349803103b1478bea26338b811b53067733317544471a22e85bdfd7e3cc7b482,true
0x9379a6fc9d5b7acb59051dfb98d0abaf652ac6088f4af05f2aa4dc6fa737119f,true
0x02ddde5c873ffdb69a58b3bc54742a5e28485da1fd82a595cf7d64583a519797,true
0xfaabffc09eaec4cffc39654b6ed3f2ef21a4713dd16b8e87ad2884172a3cef59,true
0x2f23ee435e2859052efa92e35cd89bea7c43bc9819ee2436be5ca03fbc9be9ec,true
0x5e8c754e46796ea0c9616ffc7d1da3811c3814f355b86b32133e09b999ea6364,false
0x6a9b477a82f70e2d2bb72eab14224ee074b03c25dbe272ca09c9d4a27b77198e,false
0x1462c98b88700f5c5b94889dc16584c385ee61547ccb946c0c46d8b945a54b3e,true
0x04ab49d894d38a1d98b9730012b54602614296bf7f7ad42f6157bec8365343d1,false
0x5cf8acec9c6f2e4f22df7aa8487852d79383f1b9504378ef62ef627578b36e13,true
0xa368b5ed59690c4e6b98c47d64626beee20d91b4c12839e3addb659057226812,true
0x03dacb09ec2b916ca23bee9b112f35cfd152e00b91e5f3f57d79ea4cf788ab91,true
0x7f187d51e9b87f8f2a246d926268694ce6134d06ffea645312aa5276dea379bf,true
0xcca089d63c310286a371b7cf594d40f26d19e1b945dbbe37b4fb314168dc0aa1,false
0x9a30104258ff8cb2ff98f0e64c4f8f21403d970b640a2da1cbb9782ede4c935c,false
0x2b41684ffd07e221085d1449192afbf3ce6cfe2beef3d598811180720f6444c8,false
0x226b489e0ce83e74efb4432736d71db14da1f7f282b3265e8c481dfb5e893ca3,false
0x88e1459fada3af1a2c13ab281fdd89e73e444e08fdf935676e2ad5e8e8140ca7,false
0xddbe02d0b8bd24c069b9adee19203e14c1836b770e42bdea300d46655f9feb8a,true
0x4fff147e4f5e2fbb055dc16c0d231a8104491086a56054665082597d4fdfb930,true
0xcf60e965f0c987bd22391d987ce63e35c4cf5757c05805f129626f3a024ab077,true
0x82502e61eb4ae8bdeac799290140dfb61a34e499e83451b9b9febf176bda97bd,true
0x4d468e2770e665e8b6b6c8d9e43d30531efc342812d84ef4ec3e59557fc580ac,false
0xc2ad1744efe5a6426b87348cb2f71c40ff2e219033f1865998fc84a1e806aaed,true
0xcf373715c94e31fc1ce5e6498b3a0fb6793e644bcc27b707d31aa67bdff61a81,true
0x4a0b3c060d78f05f0ca66d3a5c639cc9ee417d7b718506a7ffe34e398e76e8f3,true
0x1c75b99fb04c275d6e9928e1c7a198b1dc8f98ed7e0ca8444efd353f294b888d,true
0xae539189e932f2624c3779aa037f43bc4af9707325d3daad1a4d578690675351,true
0x330ad0f9f8a4b33cf66a017ba95b0000b3ca9b1ed533cbbc7a2b243f817b6f18,false
0x150be8123628afaffc49e3c8e26d7fd2f0495d56deee57ddfb6499caa0d78017,false
0x2d7b02b8f1ab7fa7f3a52c170d7e7e246e79008252b21aab56ea0cff2b48688d,true
0x98cf595636c7fdeda788bbeeaa6fe5ea13784baf965e316e1c240eb0803c45b1,true
0xc222b504464495b1ed740ff6d4bbc0040b7d175fb08af881d1f864403c937012,false
0x8056f934eaa152fdd06149afbe615c4a71155bc86ce93ee378e2b5a3d4a2edf8,false
0xb01a4926436af76db34c412d96d7fa26855fd21391f03fa20b5c5fef695aefed,true
0x8dab50219bee7410c3bc0da13621cd118976add7202a46011821a72bdd2a6ac9,false
0xa8f903de342408bd6f89b985bd6d27159a44225a838c98cfe3be90bae0d3df8f,true
0x7ad1fb387b9b07ced0ee7e6b4283d4b03f642c21ab0129a5fc03c420778f443d,false
0x394e598fa0a2a118606d0fa2637dcd2af0d46b22a3124b4c6ac5a8680192d6f0,true
0xa7ce90b16bff7ad75a4e84ffd457fa6123780a0e601421d1f372a0e96312500c,false
0xbb33c7075d1a16064bfac331d759307c30a5a1d3af14069f378bdf4d13f69827,true
0xafa0af96d74a455ab4de4a3159a45733b1aa188dd4ee2747a672bbc4ebf1530b,true
0x062c798df44d41bb5ebf845ccd8eac454cd1bf892a3b6953c81ebac570f4b117,false
0x34ad405f1dd46456bbdd9042fd22012aedef4206c34bdc6849683f9c878a0ca4,false
0x5ea20e50927398f4eec29e347f4ce8424f47230cd9ec10d1a1239254056fd8ee,true
0x6683175cacd362e18f19320132ea886575fc6a857af215c212d0a7f496abaecd,true
0xcca4755eac25b7ac5da98e67f1aabf555c7c89c8306e386ddf9a09f3dfed87ed,true
0xee12c18b9834e72bda462682c494a0994a0877be7ae7ac445fd819417886ff7b,true
0x2d949e1f66eacd41a2fb0af91b311a8215d83b3d2d3546ccf3c3c68bd3f4be1f,false
0x0bda2bfe867c3fdf0f9c87b3042027887207c1a33bd2aa14ba70129517d8d4ae,true
0x6ff1db19e1c7a5e36ca7cbf8aabe3502ad12eb19581a88df747e07b54d3cedff,false
0x656cf8859f642cd58dff3163252252f67e35683459289c71e413cf7e49b31590,true
0x98a390e961dd8852cb361509a8a037aff35641c18c66547696c8cda6ed88de92,true
0x17dccfa5672213b8c64d7ee05c25062d832e91212889fb0259ff64a91e263018,false
0xa646610bcf2032ce3471112dd82a14700f3616bcdad5740321ad0654476cc1ea,false
0x3db870e4123316a735e101379061a18bc6d79fccb04726bf2c15bf69bf2c4363,false
0x4ec5582ef3e19a71986c85eab9b125279d4fb5d9c2704ac4be583a0913bf7c71,false
0x1e15c6dc943296d02bcda6154cf7fe3a353729a961ab43c37b64eadca21861fa,true
0x253670dacf22bf7d5d4b3a2f047ff85b9157f4313cb1b60aaad3056486f948a2,false
0x3afeb0916992a3ce2dd17c2fbccb102dd0d4a4e78d78ad6c99a7bbc9c8f62764,true
0x8456e1a08172949ff8679fc2aeba969b4a42b5938803c1dbbaf3109f3a913cbf,true
0xdc30925d5a4621b26c422634f97a99fc86a4831c508488beebbc9c320fb99e57,false
0xc7ec3f44f1a487ab86b09ed8f396cc3ac6ac9f76934dac7a74864951d43fceeb,true
0x60af10b6ed42ddaf841fd1ff85d8de07d7e29ddec64e7f986dcb11e368a107b1,false
0x3f2306b9310608c5491f371e1a2bdd96899425a17806c337f9605a55870b24ea,true
0xbb98a4a35d0e5ca45e67b92361724c286260ed6799a41f297384d32a31b1f5e9,true
0xdf9b24e3af3e1667a026f2cd99bafd653a6ef4845be8568913a6c68f92e8c047,false
0x25c506ef452386b6398f5a593af7101c62ad7e13ab3d8263586cbc616ef0affa,true
0x9e9c3510b72e89ebddcff981a2352fa87e3faef5a6e0f0a852e1fa5262e207aa,false
0x66d8500f6bfcb1ce5a79c487c3455a2069aeb1ed4c28d24f0afa7edcaa02d8d0,false
0x84102d96ec15bf4694fc77372adf457a06ecc90562c77fdb45f50c26f1ff7f58,false
0xd2aaefb34e0d72533b5fd16ee316572b9adce8b3db4a4724bea98e9437a4862b,false
0x1bbbc8637f1c3144dcc165300850b2be2280cfb4f7c7fde02bcec8078077c2ff,false
0xd35d432f3dd26d08322f4bcf66b58e0ef96490fe2fc5887aaa371f24814ac121,true
0xe45b529e317d865d7e2dede7e1c2e81d7e3176fb03ff2e7ab4b3e5be30b9c780,false
0x1d12d62e7df787de9f9128dbe6a705e266bc498eeb492a6403873298549d905b,false
0x0ad5fc2320ed180c3a6b97b486a1e2bd621483ba221e854c5dcaa2a1f13ac0ba,false
0xd3bd36aa01e76155c2709e03352097ad47f8aebd0c3250b65b03fd764ffd85be,true
0xbe8ac970e06a68fab514aa0650941c4bfcba91078c5d8e50ea127a71fa44eaa8,true
0x3bd9ef526d62e23b0277de24b0e579fab60d16d4505382a8b0314cc75c16d61c,true
0x062c43d7bbdddf5be4b6e1021e1b4d6750a05da18d001fa47429ccf99295f24a,true
0x2ab64ce07d849fc1418a6346bfebabbf909640a479802f82cd645389086c188e,false
0x4345d58ac8e91d36bab67575843e1e14430b0ff53b207a6f402619c6bef2e7b7,false
0x026f5c87e26d4427633f478c23c36a717610262ecb0baff59ce5a451cb9ad335,false
0x6e40b80a4f7231f1d13fb86e0667837bf2b6df0a59bb4b29985c341f91552dab,true
0x57eb50cfedfb1a604e4df32a9ca21d5e1094d3467d21d3ad3ffe8c69698004de,true
0x505f7d2f8d4a94103b5d07b2fd6af3456b90c19cb678d17ddf8254fa51ed3276,false
0x0e690307dc16f215602602ec90eab20fe6348dfb516e44d57a124193950a0d07,false
0xf5482dec0cca05f442e23158a67c89c79d0827e617169dd4033a4868bc3dcc61,false
0x8203b4e0b3c05b57db76c050b9441275cac303480361c686fbe0b0b91be5deed,true
0xbdac7213eafd6f77824ea7df92bad35a47ed44ac6c31e4e8473c6479f8892d10,false
0x2adf84c358c0176cbc0db21f080e7755277a62090b88f3cbbf1d675c6d6fc958,false
0xf5aaeee861c60690972decc02e3b1c8b160b384fc3e6b1d342c94d04e04ad4db,false
0xb7c369231f62e9453351de149d64062620c92ca41075977869e530eb44f14826,false
0xbf52b77bf1ef208a79e9dc6b0462c32047858f370747a38184aca7e200245854,true
0x829958cebdc38599f2b34e57abc494e8adf8a3e13af54075cc494b42497bc7fd,false
0xc17d8cf3301c2bab52e431c2769e4a1bf1b75774b933e9d9048c416b9a4b9779,true
0x0e5e4983f9000826015c429886854ff2150ed3ca84c09e913c447475820415d6,true
0x6be4ad21e8ce04eed929f9d723a98255ffe7bcb967c0c559383331d37c3ffe9a,false
0xfe97160547bc51404734ac7782cbd3f6b2466525cfd8fad8127ad64c953cceb9,true
0x0d5937b61755439edee3e4cb789d848992a893b647a95fb5419cf975db6b3f20,true
0x80e2ffe42821450daf0d24e32f4ba16a4e69e57851321910167cc2ab59d74df5,false
0xc00f17ae0c58b324609b1d0df1d6aa67767ea0611432436e39d54bd9369e234a,true
0xf08e8d747ad54945dce34334c90980d066ef38379ff9e48238dbb0b3f8138cdc,true
0x2739fca36c442a9d46dcaf5c8cf19f72fc5d485a97d58ba3eac0ce942ed57bce,false
0xb7aa134c201597fd6341b54e7e7c3da2add79aea1a0a133b7a50758b815edecc,false
0x57e05666f8bec1949a43a57c2b34997383e6c0b7589d8026e009b45053571c3f,true
0xd27d00c2aaa057f435ae027f7c2065276f1ba710a73fdfcf1da4bf97c2228f0e,false
0xcf294aa9c06a608d00de81f0eeea55f34e12e0b71c2ab9dab9c6b01beb129c5e,true
0x4b77008610ac25a07db1085cdcc761d26a7e24003a46f569cd753d85f22909e4,false
0x65d578f9fc364a326c0e32c74132b58a9b081ccad4c1ba803587981240e1e45c,true
0xcfc0fceb057b6c4e61fd9efe114368da32f2c8f1ba2c3a292096ea55d16b7730,true
0xcaddcedd7d2ea28bde744ddf7142dbc738211b33c401d71bc89f5bb1cd7a9a2e,false
0x305fbb0275cc04c4d934f494ed5e2cbbee593338722b79a409d3b74d51e73b76,false
0xe1179f1335e31a800d3a625feed2d3e713b09e0e95cd0353c7f5394cb9c77be0,true
0xe6c00d585dbfcf9e0746deebe8b613e8fac9e6a40f78e44f9aa9c7b63db7c798,true
0xe25f03590de1db4f2b170276b77377733a090772802208b81d55340511882013,true
0x729b9682531554a9242feb26ef05a6b198cf408c448948319eb5bb8e756ede5b,false
0xec0fc501ba919b9e5360a8a83acf1c7bde73b45b1c185d5edd13da49f8d93ecf,false
0x345989b321c671b0b3a1cb897cf2b2ac753bfb6d1dd4130b0c9f33a08a34551b,false
0x6614ba67552dd71d9bcaa7e712a731255e9a08e16ec6ad0b414f1b4d7e7bb473,false
0xd025f3cb30a4b767306ee1c2d38d1f0365f808125272612076f292bb4c1c8ed8,true
0xc510ca926ecf430a221edbf886fa63e6c64344dedd81b0109de8e02200c36a08,false
0x8d6930f11f2e65a30e4974f2b3c259ea2f985721856fc0eb42dc0ca8456f9331,true
0xbfef0b47b7559789325245d51f5012f251e74f4fcda914441e618f18f8291baa,true
0xa9c0bb3262a048769d4b90a918c8c43e29532f6f1d95a5d3efeade9a15a3d4bb,false
0x9f1526f9c19e18ef9e4fee02dfc323f27b2e3e47308cd17bf0f2978925010393,false
0xe74fc724cb9fdb13a0131e90fa4f776a15a8993ad06f2d8ffb905fe2c5004436,false
0x0d0ec1926df17eab1ace5393979526dfbb06b304579aff8ec0032e1540a67244,true
0x610f6e9791645b0b0799bc6d82f6da50f58f9a2af6c7e8e95a3d88528b591ca9,false
0xec81f50b5d352646f4c2c6cf0cf6a8d2a5e49c8caa7ee7364297a0f36bf0b27d,true
0x3ed52a5e5aa9fd9ff986cc304ace6159b48b2c64071e9c4148d3b6723d14fef0,false
0x3c208be124a8f74c76226253436e427e326f39b7784ed9fe2b3636db9bfedeca,true
0x192954966c72b55879b191d93c3b0f7a6735431db7757ba43747711c8d954bd2,false
0x35218414a66d68f7d691fc2842cc0ea75be811a62dbe7c69e81ad4319446ecec,false
0x8fd815ad16bfaa04b02f3e6507a832da179a6e7ce5d40117b9e4cc0b4ca2ebb2,true
0x9ca4a5fb7dcac4a5ac1cb6a0201402fea8d04629e0f39dbd3b09480fe6da2025,true
0x42583669d316afccf43aab9c23f3e46509e17a2bd6dd9315a308541a18b129d4,false
0x464774fd3c5aba75f4f2d426e9fab673e04f629cffd3a25979869af25dddffa7,false
0xbfd9eefa45acfb22e12f36c63d13bfd8595ac3d82e0fe9185c18dee820087c04,false
0xda933909a28a3113df2b76aa7b8f9e2ab4541a2df3656b911675edaa94a8c41e,true
0xac409d5628a81a7640580aa762ddd68747aba82645aea02b870cdda4c8b9cf72,false
0x725d0c4bb72d5579d90ea57df408d6b105d75f0726b3a1770d65cfb2135fcd66,false
0x9a7af84f305090fb0e220a967e40f6ec4a448bd1e5801200e55b3656e696fcd8,true
0xea4c9d0cc4b3f5c73ed23e682ee7be2e747ee7b9ebefe978c2d960cdeff8b791,true
0x70b70a18ed18e04c3d358198ed8d84f37cc3b2c0fcde21a20b597978e2870b55,false
0xbfbad0d52c2aed685b97aca6abce99a94d10aea837634ba08a8dfad4c57d2a1c,true
0x437b87cefb76c3419bb984bf6c989a7d8797101ae1e62478ee8391b2d45fa4cd,true
0x0dd793ddbc297e3f68a74c6a19a1ceedc95548e0c9991a60b1d7cc71e8194a43,true
0xd79607a9bcacc5219a78d5a34d29db2635a2018bdb07cb0910bab29a21e70759,true
0xb8a96efdb0331d3ac0e6b4ba95e54d43d0323fe144910f5d3923d01c995a2535,true
0xe8599e3346bd9cea7d7a82550b9f216418410ae98dd1e55614590d22daa75c4c,false
0x1ac6474032bd1d5267bdda53442f1538f9d6a2d414f8c2aaaadfe1f8c1d37bb0,false
0x19736108de1e44abfb5cd77fa2873242715a887a0d7c65f8461488d7144d1f8d,false
0x84970c9104eb77bdfb61081cd3601ae027aa30db1e5bc9357010cd1f743b72cc,true
0x2060505015c377ab649ad7ec0a6f834bf6c7c44037e75f98850b258113aa9390,false
0x9815224e33f5909e9a11a93e50671ba354844d55bf2b1b957f58a14273b88e16,true
0xd7ee64ba4fd17cac1518dd5f47e74a90bc1d018adc7ff3b90b91bb1e39e00770,false
0x6ab65acf2886cbc84dbe109893416f97201ed25e5c896113c31f2a4f5676015c,false
0x39fe3a2edfbd8d9ee2761e9bd28448490be9625ab8ec4a69352bde329ff4b163,false
0x26f48e0157ddfe86639d6c125d7c1f7250e22a61b4f660532dab0870f6241f86,false
0x72a0d8e40b271da749734b5ea0e442d78c09d1c7199a19bd3ddc8c80bce26887,false
0x84571abfb6e5068da7ddcc8f32c6f9fb9112193638e441fd83f5bdb938094101,true
0xe7eb0143ed5f9bfe960b8ca92f36b0260d5fa7ba1b9d99baa11d3d200e198cb6,false
0x58101269c03ae2a2a8c4efc74414ae58eb1864bb345d04d1a512a36c6ed58a0d,false
0x8d3ef61e450dcbec969d3157465dc03836a2ac5bfa21a8c15647d70a6c46e62d,true
0xe1ebe7896b99ebf5a75a07841d0dc564f2a88442ef54a3e4903a92fdd91c4f27,false
0x466926f39b9d252331135bd9e2bf0b679bee94d29ce4630d16bf7599fd8fcb6b,true
0x35cf30dba6cfb6075d4d1bf5ece3ab2b890cff253658caef2ca6dd56cafb91f0,true
0xa64132d622cd52c9230e819cfd10bf53ca83b5c7eab1294813e83a1f7c31abb1,false
0x408078d16d713ccc01aab354976406efdf0fb8470aeec52ef1851ed366aebf71,true
0xc10f715e8f7322b7755f417c00785f3598ad9f9d61d5a7a88cd40c1a4ba3060a,false
0xc6f0c55679adb04ea3f7d5c89d420b3280b1469fac1319b9473b43af7c03a8be,true
0xde6f3160cb8ccbaab605427a007b695be81164fb0906f46fa7bd00aff31de0c5,true
0x1903314408a274bb796bc787bf05dd8fadb35ccf258f71f28f44bc5b4ed65c2e,false
0x949d8884f2661943e62036c1aa605169897cb221eaa1deb1a10c23dc95e43c26,true
0xf7e929ebd035da696e8d3bf3cef2bdd3d6df198ce9edd112321b664d093c86b3,false
0x9774958500449f2355dd5ad2fab4b21274dcb46064c487bcbd527e7c243c5c45,false
0x877b2057563e5aca6090c58953c1fc8d28bc71b3ac4d834bed73c5a2113821cb,false
0x054b0debbc3e56dce35380d72000cc43bdb8412586b29aa745dfdab46db452fe,true
0x47fa6481cde78bba6c1bbb66e3778d4e4247c2d22f61aa6eb90b0578b3b37a21,true
0x74df4f273686418f436c3646c4ce957d73cdefcdbf1a33dd9a156d32ecb07cef,false
0xb346d5f38e8a58c94424b25b0275f491d89dd6dbaa803518986facf1bf2dc441,true
0x7d64a96abde63fd7530fd5627563b79227caa3442b54c714095b888f4e1db202,true
0x726c467710f79835526b3b9673802e036e5470e6987e50b57c3eeab1f07a9138,false
0xe96b3104677748721ec1a137d3d15bf4f4f0a918722a1f90701a2662658fd258,false
0x2dec29518d6d86a8fb6e8f30ff4e059f5fd05b1b60ea93d780e534a4e505abba,false
0xeecd8d3c8bc0d845b2ca0d1954640c28da3195b45b43caa3f01e89c7757f992b,false
0xbc823b03a3db5bd088a53c84faa01c146ddf31782761f92a9a3d2b7cac22e7aa,true
0xb2d141cfaabb042a5f1c38afca8ec7a00ef64b1d43d17b07b865449c90eccf8a,false
0x701b93281bb6af9e617c8896b51336ed93235747754508876049ae6fc0dec111,true
0x890344934ec2dad8a6fa68c7382948c4b58bd1558a8aa9c037769cf19ed64371,true
0x0c6bd036779867743d15447fd9e0e62f670999f089d2b8bb95ebc21c3de76d82,true
0x94ba25795be16d4964ec85a2594422f9fc329ce53f21597e6ab4b253cb8170db,false
0xb94171722e15e616e5e3754f83690fdc31d10af5bf266b6c6740e1629c556bec,false
0x7d315d0ab9cc9eaba3a073fe19f4bb1ce757a13b75243faeff8c21eff000ac39,false
0x837065ed115756e192462d0237e491b49cbc30ec6ba4d13625e325ab489b0e5d,false
0x280fcc5661b324f838ebe46c2c5eb9c041686024b8456a384dd38cd180f87678,true
0x8e2b7e305ed41252abaff4554697b122a017259f335a121827fca0808b38d263,true
0xeadacb64a2d7c902d6c6f4e007a6219f7032631e5e84b9fb6bb55fe99793d8ed,true
0x65e15b2d9ba886e3165b72ac1173e489ba52cbc3eefcbf0db1120c19cd237ef7,true
0xa7d6d10c07fbbc99954ea1583e13cd557164f0a1b875f7cc30fa652753145cd6,false
0x8ee773865902560c15da2a18ce74d2009faa17480a145a94e02d26d5a8b696ad,true
0x8b5d67a9ab4b7483bbf3a95c2e06694c6d9a205ae3ac41c95d52788d5a0df2f1,true
0x284cc2eeb6c44ba8023e4b56f485011e1c2d60785877b22c593c8488020f8011,false
0x29e2a3b3ba04d4cbc553accae1b123c805c0be84027909da269e00fefabc73ee,true
0x3e518640585463b2982112c67f761868b10ac99f025758d2f0d9f23653ff9f59,false
0xbb0ed8ed1f676cd935f2a278cb086678d04f48bbd01b0b3b74eba6198ebff612,false
0x33317710390a890307c1ffd74660f46e54c7c70222c409b1baa7cd444873f853,true
0xb311617fbbb0f788898662ef6b50e6a581e983d57941138429d2da1b425e396c,true
0xc55b27dd07228d6f71bb41277231ced341139966e0e28db8fff65e66ec10d9c3,false
0x1e6c02d0fcef9a5f4fc1d7db9d56271ac97c7e779802d5e2d2e1128db598d990,true
0x1cd6282c501b948019b4f1fdc935b2175dfbb499791578bd626a1575d93154db,false
0x4aefff56fb81c442e82b92950db0b065e412dfd6737da731f5b1c5c1637fb698,false
0xea5290539a4796143d2695bd4dfcdf4dc250422fb5e757207d80d5d6edef12ab,false
0x7e0a557477854d1efb7e5089cf6c7a7c258c1f5f0db91bb3641dc4f6d48e2649,true
0xfa27a1a8d453967718be95b1e0db73b90cc002da95bda9ddbb9fac172885b283,false
0x636a6b64b90f26446ff3620eeb14be79dd426397e9a8a67deb1ec4ca34079b1e,false
0xff87b32d31b6d9c801381c4cfc19662d5018b43c5fa3715820cf44b7b319eee3,true
0xd4697d6ff9939d96458be9fe5c2513e6c06520ca259896f21c54fe9970033866,true
0x691ba7cdff4a84ebd42104edf0aa49d764563537d8dce830655c4f6408456731,true
0xded484afd87436f9831159c75674f40ec9faae3f9cc36fb92836aa7bdaa9c7db,false
0x00ee01e8a3309e8d1e603d867454fc192ad0c81395b35cffbf15a310d6e3ce4e,false
0x58d0f11d79eb7ad20945b75425bc84e599d26cdf00dc60cc65a997f4e068c2b9,true
0x41e1ffd7100ee8b273583a24731690c899294bb9ff856c287c7b70b0bbf44314,true
0x4416f4a4cecff957312bb0ea35b06958953b8e91dfa45ebfe994b6a12e2db0a8,true
0x0ebc381249839a3353df4075958034723662ebb211928088331d5d2ae46a60be,true
0xbdf424ddcb5e7db0d98a808fbb70bef9dc99a80330c3041e8d150f6badf0eb0d,true
0x94719d6352e74ccd81706ae73c3af10f5e8013f84fb3f9b43804d4d568c0df64,false
0xe5685207d07d2d5a13a1639cb80ef5ac78d9b5298edb5de1ee4ff644654086bd,true
0x899f5b03f10ddf13f79de109b2f3b008516e7e4f61995f18e5dc76677697c351,true
0x842a33e2a42eef0f0d112758652de07ca8a4c4e665a626c12ee3baa081ff4ae3,false
0x2f55a5d27e2d5e13e6f2c86aad11595bd9f6bb1963adf39b696c3d11a7188a1b,true
0xd82e7910939ec9b160717a552d752d32af19dcf541b7140fa1a7ed42a2ebf5a9,false
0xc5e9b53eff0dc6b6c1d6a8fc3e54e771b0324660ec5f4ba16b3047567868de8f,true
0x8ecf049d66d3b083282a671ac44ef94698c6b556bd28abe0d220697299db360a,false
0x6db7473fe8200ea9cbf059e6113fd1a501b6f4cfc564a39ab0be0fb1b6a685af,false
0x682598fd8fe4bda2f820d6a724bb1bdcfa76e519af7011e7d44a8c0538122da3,true
0xff0f1fb4a2fd84a1c76a3e31c1cfc6f4e1ad70cd075de9cb62ecfe6d1f4e9779,true
0x84b4c1d615eb6dda3b5f8e2aae0b251525a8a13f25c610199b9c8f488a900cdf,true
0x4fe3ca4aef81c6b4c7a75d008abf61d9b45fafd2d290ff1ecffffbb921cd7764,false
0xd52c9509f33357a0dd61f9c0d5833f7a19289dbaa020e208345d66b69c408a77,true
0xed1a477933dd4a9e8e61415f5351ac23aeffef74a49362d76e83f2ac4ae13411,false
0xfa1bb7f7df257237f261d25e43508faa3c47b51abf828b6fd7347e27698a8b7f,false
0xd0ad896e34776393308bff6b59732f2170610c9e418aeaea48e204e3f18a0932,false
0xd6056c22343af1e3a2271eac71f0fef660e339c16252c4e7f8c5b18a1af179fa,true
0x02e406c6dd389dbfa3359c5ba05e718f2c49b186e75c15747e4184b159117dcc,true
0xe92693770761514d613e3017c5f5d033e12081dfb72764ba510f06af4d24d6f7,false
0x46b74bdd3a482e0d0399b2711b8845ad7da159c3ecee7b814db97877d7ba7eb9,false
0xdfa6178ee790ef72aa5aa65603c50c55ca782f7b36ff8653f034da551f178f20,true
0x24ed4597f83cb4a8a270a933cb61a128a57dd3eb2a32204be99560ecd25c667c,false
0x73d4febed4b954afe60f6c3baf279371f997270aca26212fbcb2a8f3ce45ad39,true
0x0750e9181e56a1b70d9423ad31c30510cc9f77e1cbf87ef2567063e2cbc0e4a9,true
0xfe1d32db5267cff7440dcda6d8ac2787f2e261ec88b236fcf7ed0c890af4669f,true
0x9c67bf043bef2ebfd986edaa3b366f91c0a38621bb743fb8f4b9af6f665cdb7d,true
0x7a81c8675da205e2b2965fd78b33540c1b5444e28ac0cd7e092b3ccc6acad553,true
0xa50797a3651f257fa9df99219c783ad0eff32f2579a58b9a5862769f2344bc5e,true
0xf3e6b75df05b716d08e84265cfb72ceb374faedfe8f87107add750acf6b66a18,true
0x8fd8d8305418f617cb695dd9dcfb630fd2cd657b902c74938059486ce2c78772,true
0x5c8a81cab7c72955c9894fbfea79f451c8c2378cfae9b8864c06fa23e39abde1,true
0x9eea70634c31fb2f964d6bb6ff84d1266d2bcc96cf9d56114907bd2d37f19003,true
0xdacbb9aebd5010dd69bfd8cf2bfa61f6a987b968ab814fa5ab6aa59a64fe27cf,false
0x704c7b7fcbaee24115ce61ee63f0344022561de4c898a30beb814d0442bc2291,true
0xe7502fb92270b4c78d8d2e617de838cc68f125dbdd0737253e37d284f7e59e1a,false
0xe82396fd6dd9bf97002cb51b0e9173eae43f74748d84812cfee12a1e7830293b,false
0x6c22ed3c0c76ef72f822e847cfc5d2d37f3d48fae45e98458488d91d6dd424f7,false
0xb6f3d865ee3f7f3391cc27df071dddfe4dee5d60ca98f5cabf0d938d443dd727,true
0xf8e4c3c3101360d88d536e23a643836178e9c2500c0b8c75717ef58cd0a34d8d,false
0x21b127bc6280a157231d599c682253ab24cb1d54778ecb0e6f34d1be56d4252a,true
0xebd4666715d432f0e5bde321c0ac8f55a90361f63d13d9faba77adefe0817a30,false
0x2b50c02bff59fd53a8dc39ea87f1e9b7a56cc1886a5a97508442bfaebb668a4f,false
0x796c70d9721bc714921860428f5dfd1ca4eb678ce53b81bee7e402c57ffa80e0,true
0xc0df98f15e2a56743ab945e29aa40899b4846a91e5f8fe25e089b867c9cbe4f6,false
0xf4f272593c3455f6d0960666262d7a362ddd5cc8ab9a37fc6bbdc9f1ae18216b,false
0xa9ac49234b48f2f7673ccf65f9e0cc920dbbaf52beb5f6f22c6d0b3eca2d388f,false
0xd1d50cd27ea5b4fb0433d590ae7842fef6a81564d1e02085ba9e0e602b897668,false
0xe065adc97812806dbf3bfc8576f17b5cd3517c1b9c4aec782c57c5dfbac7dbf6,true
0x5a1b1a9a2358f7a9dfb2716849c544f57af3ccd37e039dac121247b06f3f58df,true
0xfd9913520f66c4cb478c68692ed34d8ef5b72693783fa59f7af2c97b1e3ff2fa,false
0xf582b2292958cefa52681b4efcda080f03f3a814c8971a185c6287dfb8cb4b62,false
0xd43f798bd6ee658bb2f9c51fb40d074609285cb0bcdfc143d78292eeb6e31f13,true
0xbdf61882941305f3bcb5f9e82886972f9478a0ad4b8f082796997626501dd940,true
0x69f8578e29996bf58880a20ace30fc32c11cf71033c39c4dfb49788d2c395343,true
0x0982f87d0345b4ef6f506246d21086b0f2dc33840f4b9cefdebb5bb7c53e3433,true
0xde8d2a121fcd4865723334fa33ac7e4b9228e2fc7267b9e4e88f78ad014943ac,true
0xc55af891bcd501c959a4e75cf0e5a87139ab5792027be4ebd9d6aaf87b34e625,true
0xf08408283d0013ccd968ff175658ce1423b563c3ce19e77226145046e64934b1,true
0x094f5451c911e92f003553f0eaf04aaf28984b6b665d8838f112c53bf46aa318,false
0xde40471a945d1bd714235656738ba062b5a90dae3ce930c1c64042f63081cfd3,false
0x06fda7b136d8efbe9be1983aaac72e7fce22f84f1e08d26323a996bdaccb530b,false
0x644514ef7c0212285b4bc80091bd5e40bc2336ec469ea65fb6e41bf57bd77410,false
0x717ed44fba1b60a917167d5bfe0aa8e79bd59ae18a8ac8e71b0ab89582f83ee0,false
0x035ad270351a970474a172a1c553878143ccab566331e337d87422a5a4e32985,true
0x551fb7644f9bdb3d2df242f82d7f0fb651dc4db768edb256fbf6316be6b5cef3,true
0x904c17895cbedd005acb6b6349b2ab9ae11eb53fb2f0a24927087b2a68c31c61,false
0x6979ed5ecc3082a53d2fb29ba4f8756eabeeddbf5d4549416d5bc9939e8236e9,true
0x860cc2fdaf346f280eada52bb5257f3a6bae716239e8b866dc8a9e274608a796,true
0xee69a81e7693417c7e5391176ee390c2ffbc7acdfc58b4e458267b8f01888f60,false
0xdfc9fa3f381f89d1f857cf83750ebc075c3978686770f30a395d68e3e7dbbb89,true
0xe871b32842bb2ab35f060086037ad1f8ff86ae599db1b5f10ebb78a25b4be3f5,false
0x0252d7e20afb0363ed73f6a9e368da4263116b77fe90e4086134f12562c1cc32,true
0xdc2ab436c72525804ee716319d9ad1906c4714acd946186e181dba72dd9ed3a3,false
0xfdf790cfca1f1a61f311a26bbadde64a605dfbf08f22f79e08b83a0000608a70,false
0x8b3cbab61f78b018d3e0ce8424e9b446de5bdd2efad2e55d3c8e415a8432cbb9,true
0xebe506894b0affcfa827da6ec330394525e8c8959fffe0ae8b765f6422fdd1f1,false
0x130fe38ff7c82303a7ec1dee2bf5d667377300a509b3f724f033227abaa7b8b6,false
0x624b6215c5634fba2bbdf606eed689c05cb6d2089850843d7e5945088909a590,false
0x0ce491c8b80cee601ededf59a174218f707da2edf3e8d8bcb05d2dfa063822b7,true
0x8e2ff809698d44da0efbc1a9d02b091f83a09d3e12c370484e3309a1922632cb,false
0xb0465177baf14ec99bdd9d24511130aaab0be08990ec29d2b388ab3aafc8b3cc,true
0x9070fb671407a9e5ca7d231d21e546cfce38008c147a290f0c08f5d508661907,false
0xdfb5a967c846ad1451fc3ef2e483c3854ef8bf9cc2d6486bcfea709831da7aa1,false
0xee0f12f385bc9f2506da1154e8eb354b05d160e9d76d8570f1d9d1c85addb0cd,true
0x7c2076d52779591e2911d946c8717ef1bc74ab872b2a44179a36339741abd449,false
0x4d3ff066aefc7bc2922bb5ff240165f54a6ad935142cda7e3109d97faba0d94e,false
0xc3f3a72787fd37177332eecfdb6b25fe21ea2dc1c9a5d53ec176a845892ad67b,false
0xc9f89b1800f506de6f0e6db5808d25ad421929858b81e906fb94921cd710deb2,false
0x50f87ba427072673859f61a1b4f94481bd4bc2efad9e2649a13c95459d633e6c,true
0x350a5149d77cc8794d45b39fe48cfd7bba3d448e089799c27456f5b2c1e087c4,true
0x37ef1922929df1212fdc615706c5898179372ebf35fa4d1a392b200f2c532a3b,false
0xe99f12f506d7086e0d394235d6d71085d44bd4799b4d2713afa2fdfe8af45c79,false
0x8fae9392edee0bc30b104535b428d2a8e8b85bf45e40e50c7e6c98b85393fc94,false
0x9f295666d2f2998d5a2b669cfeb6dd407818b75fae22d99ed7b203ba9d84b3da,false
0x8f178b5f4fbd242dcd8819276a14ae446440eb51a0dc949c7d98bd5c1db5673c,false
0xe8f7a8e924b428df65d556b19f626fc8f6a10f2f4d2eaa6a753ae4a6e13ffdfe,true
0x5b070dc42577d780719e55b96c61ef316eb54cdc9165ee8ed1d6d5a9ed8b6186,false
0xb3f3023983572fd9ad2b95b651c6d87e311af849bf1a97906f115fd3fa512796,false
0xfd8a2d86ec46c9a03d085abc0c59ad0bcbae75418d4939ecafaa925747222df8,true
0x02af57d5008532b1bfd4550541261e8ba672a93c6b154c7ea66e5937309ecb76,true
0x373936ef1e5e58fbd7e9d14170f77ba07398bf3aa18e65489298a024155e00b2,true
0x1829ea977cc911b222d648adba9aafea6c6a45e6fc825879a5974c562e5a7678,true
0xe0db4e1cb05faf7e223920603999754ff8ebae71cbed66dd16f554766aec4f2d,true
0xd25549fbaf22d6774a88f3fd6d68bb570c45d47994c22a4aa0d54f3c43d8d982,false
0x2b746770591167c80b27884efd019ce0ec5bde0120fa996380f64f70547d22d5,true
0x7970351f21e54375c9a79ea22181d5b12e945112134b6a1f4dd51f0776044575,false
0x7ae45ef8fd0dac723f4fdf84d9e44a64f6d4fe7619f91aaab66c0217829282c8,true
0x3c37ad95c8c2947a3e43dc0c229806176142502dec8d9404953044f4e3f9e0f4,true
0x8ecf3b1190d920d3a4246f6efb93d09f72525ba2b93632b946305d24d3e1c7bd,false
0xa6013b9b77a91c8b00ab7a8556b740776ed6f31def8e394905b3e76719cf16f1,true
0x5e783cc848b9561a1184a3e764a91bbc4799508b4a911bac81eaf6bd193b0808,true
0x2471ab7e40de85d3e2b011f1db46fce98ed9dd65b0cc82983203cbbd44fdee63,false
0x46db563fe9ede2c9a4d2352c049dd0da12b981f6b8dd72b91ce4f389366d92b4,true
0x005b4ca6c1104d607e08f2741e340be708923d041f79c4abd65c5142b4e86c83,true
0x8717f29d8b7cf891e91df4bf9e953e07903887d2d98fc2cd1d997f276e2ba137,false
0xef5baf789c6bcbb3952dc7845cf44e0bf072a45121968128fac11dc6eac0a368,false
0x83843172f5094cf6902f0c62e43e89400168ea8d12b3d431498019125ae7e0ab,false
0x8d8516e8f2eb02d9d58f97dd33e6eb5c95d820fa4b6c3a36c6a4a96aefa07f3e,true
0x0d041c8941158ac08db42064b4fe19d112061f3e4c8c420cbb498a034126a058,true
0x5f9c25335344d7de0e4a1e22f0e1e9880cd83a2124784df0690c2438d70abbba,false
0xc12f46f912fcdd303f31b38a3bcb5a5c3cf3513c079d76da81b0fbba14093140,false
0x0eed9154ca6a85d938e52c8dd88d53f62f811c3b4885c884dba375c008f261ff,true
0x5411f3ff1673163577be679454c2707610034c942656c131b33d4d375bbb534c,true
0xa53ed656e02cd455d81d87fee0cc108c7c9b7d00f78555a0047995c833135f1b,false
0xf2559f0933cfcff0e0ce08536b671bcd6c467e014c8f31405caf08ecf5712a9f,false
0x72d8c5b7ec7a82dd72e5d451df0529b8b437306d5638e80158e6d776c1908e4d,false
0x9f07c425836babe3afea928bd4060b04bfeb40386e1fde68083b55332d6ec880,false
0x57ab606b803bc8c153238dc51ae7c83a83418289d1c8db82487645a25bf8451d,true
0xe8a3455c98a77ba1bca89db376268c12d6f881933289fc169b81da7c184b2d79,true
0xe86881d85e90a83f146330a02381fca55254ec8aa20eeb102b9935269210a7da,true
0x6b8bad7231013dbcccff5067530488bfddbf5fa6ce6490017d040f36253e18f8,true
0xb119d6bae93d6f90d1373fc7b10e29d9cd6599e7a573c5fec715db73ae96ddf6,false
0xf23edad2481c1ac461e3f2fac0ebf63fb0074db70762a7efc49c7b777f634f4a,true
0x163e89c0fe1948aae74ec5f19396ac24b40be01da4e02785d780518f8eabb6f0,true
0x98f697588c4055c5776f6f7c6d84daa5e8e135732f2159b93f8ceecbe0982f96,true
0x4a9676d375e7ba5d53925e8571d66ca138e265984bc5aea9fba8ffb5c1188542,false
0x276d538d8b276e7153fc7786805b09f9285e965a7cff7b30ac90fe7e68a324b7,true
0xc130b4c9b4a1a3f74dd8a49f93ebd9ea87c044fb4cdf7a24a26e3219ee588039,false
0x2110d866ad27555af7a16b1de68db1b1827ac6e4edcb84eb0ae27b561f522426,true
0x0e7dae4ebf68e95f8d613346e3aba45f57cb562b7d4e25bedf48cb0b83c76ad4,false
0x7aac6e644252e3a1be477d699c987105c260a68c13686f89e54cf74d47baaed5,false
0x4ba1d9a5c18fbbdb57c3546aec25ede04367af641b96c6e3d20b73068d9929bb,false
0x56cf233729ba6aadfc195b61fc51db8b3d7ee98c4e81598b87c1f41d08bc0792,false
0x70007c848f8720a5eb4c12f8c33789b7afe7f5df3c61b05c43a58cf538f59067,false
0xd49d3991e4da5e2dd2bfb7f30158c17c4e004337d512bef60ea539512586714f,false
0xdf1a929c1070504ac012e0660da165a62ea1f523abc76e3175ed360ae6f3e04c,true
0xa39de6a473c73a68741b7e55632a0159312acf29e50edfc31b8b62ef1d9d1bd6,false
0xe8b7c962b09a8d52998f3d18cad54f4eaa0ee9adf0c8231bdc250cd19e67d787,false
0x39a1ccf1b04ef70b31b1147bdfbfd6a834b6d9af2a1caa526e231745d8615dcc,false
0x7a03448831528695469741ffaafe32ba8b18fc7d9be7993013ba1c5b792bf29b,true
0x5fe895f08d8ce8c1e955ed1199e20c37cfa7a79399cbe8afaab13cdd58112cba,false
0xec3533c4688039345cd78a56e950c6b89a0c9320d4520affd9bbcdec3a625519,false
0xa0d000b813759be43e95ac798a1b4c88bc9feb0b390773b893a21aea0631e1ae,true
0x2a2864c8aa7440e4ad266a95673eb855e77ad412c17ea3f5bdc60e56e181b751,false
0x5d8f5d9bc0188759393bfbb0a89b077def3971f814facf8eb3cb19aa12a2e98a,true
0x6455d4377226258c62b1ecc9e387538672bab66c0f77ede1bf63bfbfdfec3f79,false
0x8bb7305737088450c4c3b0f1b4f2fdab4784c860c3f27c44849eb55e3f549d93,false
0xc199a040446eaf499bf9474b9ee0d74735ebf9038e76abd67e31efbcda708243,false
0xa1b55a7ba49843ba754f23eb4872314546fc1d57c3975798c619cd3130b55300,true
0x3f34d98575baed7097b1c2a4a7eeecbd1850f00c7735b840d64d699ea1fb3993,true
0x0a8b7a90069d41a163597288f767ee2836ee103256ca2b2f43b31985826155a9,false
0x76b8a8930043eaadbb4da0aa25fcbf8955653d8fdea8f45b3f8fdcf39c60d809,false
0x8fec32a74b569db00de484c4046a41434f1185a13c481a031909e91014cc9731,true
0xaadfe478badff6d4f399ca0181f01c99600caa31edddef52550a6520ddfa7cc6,true
0x1e400c534e4cf1ee81350cf976a0e6fccd67f281404a951ea822d05cfa4322ef,true
0x9a281fd40b76bd2bde6c29a2091bd1be4dde611a3a58c8c501d974730e935d2e,true
0xb11ea9b2e6faf307190cfbc616539ebd36362a1b87426d10ba50c70fe67ff6a4,true
0xdcf8a1489d707288f6c6515eed2f56c330f571bc4a0b7e459808542ce0f4b7b1,false
0x153ccadc24595b8c0f9d29fdbc8df9f1d1e465a3823b195a3dd7367dbde5914f,false
0xd0e9fe5a6bb3e444b1f6379357500e5c75b4b53b97aec3ee9d1a046f8c0ca05c,false
0x1846f2f62bad332a3f81800a36398703cabe74fb168784bc66d8f666a0e2bd17,true
0x18d2b83e278c67c3cbf50d5132737422d9dc4a8fc9e2de7c5dbf9ddef3710d2b,true
0xe9b560d8ca88e1e0db86472bbe23850be65dccd6077e03d4362153f7064f554d,true
0x59630ec92a53d221c5603fa1826dcd62fccdb14be7184ca25b2d40a51cc3918c,true
0x8fbf459a9ee9031a1a28286445a3cb30414c1d537040812d0f4515ebe5db27f2,true
0xd13a55149c24f23814d09fee8dfe493122a72172b7e4cc4c941915c9e886fa76,false
0x2f9f70903e582cec2ac5b8e346bbff9b62d966f9b738e4aec3b720b8bff8de6c,false
0x62f5d65804c0bed46fe1159dfc9167d6f5d9f72c00fd8359ab083b6bace57e17,true
0xe2dd45fbe820942e15b419074748f9b7e741188780a31d4a4437f41d1ee59af9,false
0xac60a92683eb3aee56e556101607cee4495d37b5f22ae85a59665bdb40c1cf35,true
0x8725065e7d1ae43e69940c4d478f60b2778908ed51a3aefd2697cec02fe42563,false
0xb42519308b4cc9797a9ef7ab693f3a0147ba7e66e437aeaf334ddcd23fee53c0,true
0x7e28a8349ab23d73aef6f01aac1e73b45d7b889139811565cb3eb0275b107965,true
0x282a9255056d935d31a20cc986bbfd8fee9d11be82833b75264b81c817268e7a,false
0x10c31e9eaa520f72807de3bf55361aa5e6b4f8dee6c4ed9f110b0c1fbf6a7dac,true
0x2fb9ba38c1fd730a46d3cccd059a8f3ff3699b102316f7aa2ad64adfa9c614e2,false
0x7b421d3b50fa0adcffca0236982ecdc31c36553fefafe5792488356bed7ff875,true
0xccee04903722dd13bae6b873b13b7c09a1009c95e1f802d2e326e866033a6e29,true
0x16c120eb6b49a7136cc65a154686c3f8ce19e7fa8430ecc8024d29e9b1cc4dc5,false
0x767a15cb6e198c9421326ac5145ea5d5ec037c5d293de7f2f9b4ecc468f54368,true
0xa89e261020f476d2884e15aa3a2bf90dd37047dadca1133fa32396212f7cb021,false
0xce11f67c149c3a63372f929e7d5bdcdd87f7badd7d952dd8fd57ff89ea3ffb7e,false
0xf233cd15f664c418b37d47764356f52145e558d16354ac631fe67815524b9fae,false
0xc5639bf5c54672063171f7439f3ac981b089c3a1eef3f5ff8e449470accfeaa8,false
0xb96b89bc7d9c786c6d91ac8e8da00da5281d9aac70b07a51af85e377d9823c96,true
0xd3c32bfe9da14bc97d80c82fc333d377d64e6e49fd7c5d163b7dffc64dbe39ae,true
0xba39da13f0b8c0efa639be3e4e33cde8a0651486a4b8366ec321c0f4daa1fae0,true
0x21fc0b201525d4153697910375ea4cf2eb07037aae02e7800ce235bb71567ae1,false
0x58d9d0e5664372e1219f255891cb344affa6134d1cef78ba2773aa205177f65b,false
0x55907d73c9871536349c80491463c0275a8dc6f48247d99903d251404cf464ac,true
0x8d2bbf1bb69ae7d31014de3237c7dde2d4ea26c17be94cd1525eff1083c5d27a,false
0xdd37e57a2fcef1c7677a8fcbce3305ef8428591abb765b42610ed16f363f508d,true
0xbc62106425b403d69ca43eac2f6fa5cde9366f005123e576454f5657a5d95a60,false
0xc5d0ce93380039e290773cdda6f458cc81b74e7b980521af405aecd56648289a,false
0x06e0dd6c1ab26f405ff1441459ddfbb571c7a8375ed4a7573409169ffeb44de1,false
0x4ae9fbf8b7002e1b5748f27177d15f453dcee2412a4bf8f6fbe72d6333fb1ecf,true
0x35f511bdcf3a9b81a16a58cf9697976aa43a2e1ea9f5750d6387e84f6acdb2f5,true
0x998a29e725eda5ff9621b5f517b54d837e07cb6577ef0497b19bed7ea7f24ee0,false
0x3b1184e281d0db5be1c026bb6325f706f93fc3a09017f226cd8f4b7e270f941f,false
0xc9fcb5b0c1db8a286c3d8eb0832a7e32b88b2e0fc7cfb78e5425de0c186897db,false
0x049bb2e6f33a6175d90d06b00fed2ad2c20632d69d5cd3fc803abf1b90d9058f,true
0xe17c1b01e7c0924feea73b7c62158d9296d1b66ceb5796b8fcd9653233a720e8,false
0x7397242414a327973cdeb9e20fde8e0cbe20cde3620dd222780d79e83dcf0797,false
0x6276be574ea0aeaf1fd38542ae597bc277be78be69cc9e90cdf5e742883b9b95,false
0xbf8bac647c9bb36477c9566c3361afe68e60e9b12163575c0e89d1913230cc46,true
0xad8d292761b3e2d2a0236e4a89c21ad87f8e84380506d78755be6732158e7f56,false
0x7a2895589d6e26b19bc259f30876fde7d99abc5e69815e1e1a941c833f3a56b6,true
0x1b01631791aa890dcc8adbc3ea4bf3d5915cb890a871c8bcba666c69cbe0a50b,false
0x9bf8b83736972df676111b840fad0c355ceed5af86bd0a3126196467ad10824b,false
0xbbb46e494780268cc0b0e70196e917652707c1c7825575a06b418d37e37191e4,false
0xec9178074d39b8ba079bfcd443d3a2a5013a3c55f3efb9a7563ee35f05c3b4f4,false
0xf6c16e3bbc49d06443251a76beef3da6774675efabc9be7076c206e3207b1c54,true
0x752f39408b9858cb0cbfc680490622066bbe58f4e466def4b6702132d17fbdb6,true
0xff54cebfb46a32bdb42255d6dc3cb8aded917f33f85133b54665d42fc5668b2a,true
0x9ddab61390171d8e0846d9bfcd1c7704aa83f75181544b50961dc017d8545b3f,false
0xc5e0254f431f72dd4961210b2ad9c7c3da530f6438cdd7ccf5890c9413f46892,false
0xe7157ca391a0313fc329d9330fe03918e88457eb1b2552b72e4322a7a6942558,false
0x2f55511c19ae9164c3d66d441e44077d2325703abc577ee19293aa738cd7c098,false
0x9f27d053a30a71137641ef4516b57a06c6a373bb78cb870e10e0273402ddcee7,false
0x08d3bf24db000f5015fc4024e5b94f611c3a1355e7f07c4b261b9c87d9418f7f,true
0xe9d53e02b1113e379e434fd39e98d6ee757eb0d40c4909b0d922c20989e64c38,true
0x4bb5a1a605e2411b1a7d0d0783903c7a106155bc22a74b36afaab008e25dc405,true
0xfeb526faa283b7801c0be58022ff0e82647bc0e65ebe5f92d17b7d39504e2896,false
0xa2c7f6740370da9e667d51283925cb0c8d6f09709abab5a5a6ac72217a646cd0,true
0x1e613329fa1a884406cf0f7679c90e2e653b2d982497be9eef8ac2a5fd72e455,true
0x2fa8703edef5f1a72e0b6fbe40e0ef3883b855d11efceca6f5e81dc8e1c31bd4,true
0x488bf3e9e189c887f063ed8e28b4ef81ebd4267df2b4b25128197ed07184a150,false
0xfade4068d80d6ed9670d6ca13e1156b1c5e17450c10ca78dff6711fc0ff27a17,true
0xc2261e5f68b6b5918b658bc9f6f7d321fefcdb4431f16530a8a32cc941938ff5,false
0x060f71e918d00d04d4b7c377e37b091c8b174d38606bca23a9345278523a471c,false
0xbb2eae1df2ddbb6197bf1bc435612c4bdb564c94e0c5fe738e1ef5f33b897c80,false
0xb1e5f9d91159385b88df3ee1137beaf68e6f155cdecb99267c39f38f7105b2f8,false
0xd0de0b1961e7149aa2a3d7f9f38aacd83bf79b0315be670ebd4776636c07c594,true
0x65a08ddbdb440d5c26efb2905bdb2eb43fe1d846c6be8654bef1e78c526b5d90,true
0x13f72c733fcba8edd540bc2096e5f5ff14fbf4e010df39b0d98641220ddf01dc,false
0x252c716c3b1b3e46e4fa55f39a1d898e76c76c8d26e01e37bcff3a931f2c7570,false
0xf8008c54480f944bc38782a9caa5e3c92c3c0da4a58959e51c9e31be7dfbb5c7,true
0x4dec00d326b770d53e6ee8d07e7fee4c8b43b2926a88234fa7caa38d5789c74f,true
0xb4a1ebe0dddbe79d1bd375351d50e11e3df1420d198736ce3564bd83377771b0,true
0x389c0579ea5a09b29bd75f1ae9c8e2fc78be5b876884179fcae76bf92088b22c,true
0xa3db5fde34ed57a10340e7afd52c1cb84da019cb3e4d80d38105f70512f70a0a,true
0x34c1f6172e94894aec24b5acc84dd2a24fb6db53b6cfe1ff1e310a7b87eaac28,true
0xfe089c81878a669b529526e7375f862b0f3ba701c41713fb6a9b0188b90fe010,true
0xe2bff16d7c6feb5a2cb6dca1137b5a667f6e448f0fd3f5a16d280fbd034fdf10,true
0x7b1a02419c420e68f1ee68b6b4dec04219f622a42476fa117f32f17e70357fc0,true
0xb9565664145a919ec80be961e55e76902081a1e9794f412153443ac2d64f9cda,false
0x527e307bda466928ffa63a72517e7cc6c9dbdcdf71ddf078e95ebeab0aff4937,false
0x69e69dbc2d050aa4762248258614e37479d2db9bf18318c3b54fecd544579658,false
0xedb8b803d4ba32501e20494f2a193401610ecd833e8c1e8cb7104c47d6ef0ee1,false
0x04590c31f929cf7d0413c8b0806c35a9c79e7aaa53ebc2439e778f82338df52b,false
0x75c6a51d2dcca80154d6425a584ab1a142819cc0357d1bcb3e4eb3c9f549f0fa,true
0xf076244d57a66d58233bd6b309b17b4d1aadb57797bd6b79b30ebd5a3b18268a,true
0x07f8bfbc03fa7c0e9d9e7158f1d54ad8c4af276afdaadea02258b46f1499466a,true
0x328cb7891393b2ec317bb523a0fac2b2fdf7cdd8ba49da51e4cd1e6bb32e166b,false
0x5e4639ab16b80c31ea8541e41cfcf61ac5d444c1650120e71226f75070bc1ec6,false
0x3577acc0d362c0c8ed68c01560fb2b46dd7aeb7cfd042a8d51f9e823c1e1a45c,true
0x49b2217445e33680c306e75ef0e5897a864795144db21d6aa6936bd076dc0e3d,false
0x549e8db5b37ea4f4c80fb4cbb0bdcc1531d659772e317c74cf919e60adf7daaf,true
0x2983357ae6ee4b8b8a58cfe44000d8655787807d9386da68f60a4502dce774e7,true
0x73f1c88b78035c1cbf18aa625a29d1a043f8da2f0057094b55b9d06335e11b6d,true
0x8acd93e6b268155ee5b94395cbfe52c7d7d7ba58cd27b34d64819389d97ea0bb,true
0xb73109d552a53fef0cebb266600e7dd97ef815d1d1396d9a9bd28fc06fd8ae63,false
0xc458b94d9a909016943726decbc7d74fe8518b37913a05cf7f116dab56626139,false
0x32c9fdcb1c649657bb3f6948c76977ca01579a8dfa22eb27d8e69ec10dfc40a0,false
0x763b4c57679e3cc56f297334e0e547409cfa898ca027dcf3031cc6ef5a355047,false
0x87e2865a867880404a0e1a2e6c436f721c7cf35b8f285c17828f66303090d275,true
0x51fe33b24b620100163f6698540863ad337a5a2aa40b794e2cb5e2a1a1c5f930,true
0x67bef22f6128f398af3d02301f0117e5909d4bedb5bb5e91301aa24ea4f43c0b,false
0xfe7c801b71478a2c3c2bb800da6c082e56c96aef78f87b3a0615816e089be3a4,true
0x6177a265be768503da19795d94c49e485a896ee69c7ca9f9b3f4a4d512f2794f,true
0xfbc6c558e4036a07f9986a5d8932cf1d63786c00d7e230f1493ca15ebb97faf6,false
0x834cb395016ef466a0da8820cfecde7ee20c8502a4ba499c6b36b9ce6033c77b,false
0x8b3ca1127a99f6fbe231e57e9583077cf47216094653fbaef903bc673513834d,false
0x850ab02c2eeb3902a4126911260f21a714b1ae929d77edee0882919c21072b49,true
0x1718d745fb40e6e6861f30b1e515910d2ec7624b4b4f8e40cfc87291c1b6cb30,true
0x82b5602f384ed44f5ca0ea1ee80a00ad6e7f59197bfcca5df0d4ba913ca9f707,false
0xe8ca09bd8add4e6f15c577e57fc0104d56128045f952f2e5e8a0e8ce9e43a4ec,false
0x003115b53fc9695d5ddb6c74e58837558c24cfc5ffd98f8d5acc50f0504d87e7,true
0x2dd3f7c21d6b98a31b15d481b4ce31d7493ea596d778187551d9ceeae80ad591,true
0xd90bab8729e52cbb3b570a992cdb51eddc5b479be2b61d596f593275a45ec37b,true
0x2e992d34cb9f5cfcf6c55662a155f097cbb0f0ecaf14a2e05e9841f37d0a0c8f,true
0x9385c9595f4e28667ccd0a6fd2188f9e11faae32850e619089ad0b7efbbaa8a8,true
0x63fdf8a2acd20df18732b6f0366235ae7f448afadd8cc6288c7a35a9ea272120,false
0xfec983fceee3b8b9f86856b45bbb1ec7f8f232389329189a2633fdc68a8948f6,true
0xf48eff3666678ce8e15da9d53ada3c3f07825b9347a09b076c21c128909b3d18,false
0xc002425631bd3d75658d7afb124d30764b99c5bdffe1158f21659a16544895f8,true
0xe54903f3e17eb695388ef64657af6e3bc78a4331b3446544ab5c86582780bd14,false
0xbc76cf8ad2726e2b58a9adf43a83df3e5c5c31a847d8fb41af5ca538a59abca5,false
0xb813f361bcbc114aa6c992372bc8dee8b3db3e345a1e3b7d3c8daeddd237285f,true
0x0b1b5ddba5d4d67a81c18e4c7982099db194ca69aec9645d7690c1cfdf5787a5,false
0x100da88f3f82822cc0190f54a8f88e02d8c01f758551a8462eab5f50bb4bbd21,true
0x443095510e0cbed148fd82d664e196285a2829ce39b88c2d78ca8601c53f05fe,true
0x8f6a5085d3175640a30385b59c92d80cdf7c82578bc181e63a9dd9aa09e8b071,true
0xa0a07748f42d4d2254237b2693d6957fbe47b9a89b961677e67def51195ff0fe,true
0x96b6a5eb857ee95dcb4cf20bbf6517749b1c73422e820061d733a000c77b9eee,true
0xff27a2590fbdec20d83fa74dbafbdf1b299881beabd2117fa25168b139495d53,true
0x9d1959d31d71aea20a415cc0217e748a57ecdce42f6fee08164608d94a9aefb5,false
0x5b85348100256154313cb662792cc5908af68d32e68b591191c1f60a4403ed5b,true
0x5037a7af0226a3ca2290f0fc8459571c794602630253575820eb6a2422ab0477,false
0xb044070e5000591d80e94743d47c68055c535f834ae8a055fc50f7d5799cac7e,false
0x6d27225c26d684a17c63780a690ea124482b7fc42ae55877233b2f047aa287b8,false
0xdb21f922b4cd704ce432f59809a959929b9c6a609d4cc2ef1485762c54b99b1f,true
0xa34ea20acf9805ef75ce8890cbbeeedc65a11eced0b0f8016992d09f8259ce9a,false
0x86adc25e6de0d01b4bc508fb99392bc38779e810ac451570cfb576e013255298,false
0xd1bcc7c7cee6fe17908b1f18268996e1056fbfde25bed8369ad648ea1eccb896,false
0x64080faf3911e7b5c433e92c4c780ce2524d7ce6d563d908ac5beb21b6c481ae,false
0x0c40c63c26372dbb0af65e2785249739d27b9b492acc87699121dd3d02d510be,false
0xff2e0e6a08621fc82414dda67ec92897edc3c526c2910a74715e18dd532dccc4,false
0xfa3ff66326dd82db36d4e22d04db7efcff9aa8ba11fb65f39566f34b2f8dab7f,false
0xa3c27f2be47f525b5b1888bd47d6a91a07ff4fa149efc336269575be3757ac57,false
0x491bcc662cc597cf6bca466e9b4e7997a923d74ba72b087c07b801905cc83183,false
0x736441539884d890eb65e302f5dada9e013022dcd3cdcecdc927a641c357ba36,false
0x74b6ada712d5d56d72265498dbf4159aef383b45c725518d20d819cce9f6c03d,true
0x442f0687ed73e2971acb2842e3033d2f2a9b4b40287afc354c484d692d88d3e0,true
0x6febeae987dc1fa6575efac2a1d85d110cde4699bfda0653d3644ff67d9da1f9,false
0xb9315deb3e83aa685d5fc1efe4e4894d17c197f504ee1f42eefb4dcb48781065,true
0x0611944940e8720d7aec21349aa663ffe4e9664c2df9007aa44dada6b8953cbe,false
0x6fa10320f5184f714c6fc0f938dc8f7aff97a6296355748a27d7e2c21fb5907b,true
0x8291f12480a5276f1b6f2d231cbc772dbf3d9ed8b580889fde1be6de7951465c,false
0xe49dfc4a0daf330d5c888fb8930470a2176ed81575381a30961e325cbbcc45ae,false
0x1c133deb370292c32b3b303c65b4a72b5c9b4ca8e88be5dc2b442ab85b4000a0,false
0x20c87c1c2ac9eb7eaba51b2ad8765372ea8961a3c3a20dc1a6a2534f572db076,false
0x620c5b4673e5f211321a35b080162a1be46c6d77e8fb0c834e1699af75f6db79,false
0x4468a0daf771e3ae22b3b679f80367721237c2168e45e5e68bf1d222e341c64a,true
0xf1dfc22cb931b10a32ab0db39ecab25892a69d8972de1c796e95c0e7ce3366c7,true
0x6dc89a654dbbd08b804861e31c2ad2c2a779da39f848a4c3eb87ebaceb4af747,true
0xa670076c775c413d768c0bc4a919b16eb26d3bbd048a2eea3bd049f8bc2396ba,false
0x8b8d9e1059af6e570dca9ff5f1d038029ba63230f333946eea63810a5de6bbcd,true
0x29fc52635007e28a86d85d5bd2a0565e100177786f798f2dbe04dbcca12d0ced,false
0xad10b9d546a07e9bacc1f1a6dd348f2b52b218fcd69ce28afdfe5e7a2b379cf0,true
0x9dd1de2fa2bd86d775d7a2b72b09d9fec3d320bf92f30205279fa30779b0d75b,false
0x1c357946950d2a9a9d5be9e58bfbfb87e947f1ba069f7dfbfeaf5114508b4a87,false
0x85e00b6332d9235e53d528100138066153721d471914b66e6d618a46dff2f428,false
0x31b1b9f8c6bc1bb4a0f019ee6f164a85b8b269d4971a65a935499c9baec4e37b,false
0x315b42a55f1d2b06c8eb879f6046c5736493059613ae346861b83816ca348f02,false
0x1207991d5b224e13615908cd2b1a38ae48e0e67e4e789cdba7e8c680977557a0,true
0x23a3bdbbd6e8169a4ad866ee58a161ec2e8fb1f35471793ee5829b1f38cae5fa,true
0xf35b626c11e6b84e10f9249c286dbb6e9df6cda0075425ae60195bbbcc2016e7,true
0x2d128580562f79681703c1f6d05d28f4ae23cd1da7810c4ceb0c1367c560516b,false
0xd62df89e249cf1cdc77a28345612905152f3f8659b9b6f555203f444d7992013,true
0x1bd11d38bbb3a0ceec5617f130650b5b5e7c90e027b4f31c2b06189e81e9d3b5,true
0xc7c1cd43fba0955295a9a6200e9aad1f481724197d01f7e91a24d7b772d9b4d1,false
0x6bfff6f9b53838c5400bbeee061891efa8f1c9fad7e58c6271d6e526b1a2583d,true
0x4e5187746967d017f991fbc4492ac7af088714012c444d36beca0ee29e01856c,true
0x687b4b9218986d22c0a498b64ce97cd8f8101fca92d575007b481569b577bb74,false
0x9076ade50fc534c744dcb6c3c1d40d70051005acd1f4876308a49fdbfdcbc457,false
0x4bfcab99a89fcb35eab7dd6582a07d1c89b2d2de6916ee5754d8e73d1694c18c,true
0x2e79ef953bf198fdcb91e155d240771895e8c5842d8d2c7b50aee58d38adc8be,true
0xc238385d0cc412d3aeb2e82787b9382e790a894ed079a77734959e1e4f741af3,true
0xd37bdada71a95dca7ef894983e8f3f1f0af63d6e046d9ee7885731d548a67bac,false
0x8c41ccf47a3c7a047c87c82bf17ad26289f6aa2e6bda3bf2d80d15b2d54e5022,true
0xc3c799ff1dda84b546890f06cbe5db9eb89877face4ee8b57f25ab6563fb5019,true
0xc5cfd0f9c8e4f8d3c8fd76d4764a0c5bc18b11fc7f35ba040d4bef3e5a556bc3,true
0xd0b79e111a64d150541d2205ab1a7a174bfd88181df61fbdf8411e30029243b9,true
0x37012131fba1b2df5c33905346079b24a441ef966d6810de5c08f7312b414c5f,false
0xe1eb93175fc6ab2edfc23eef632dbd3db3f6a1c7382fc8caf3f74d1c68f0946d,true
0x5fc60aa435e46682eba49b1fead7ec4fe7fbad3396b2cb07bd99110466e1fd5c,false
0xc314c735c4d5529ae4a8f14efc70288de80ddb0eca8b8dcee22b835d267cb642,true
0xde92dcb31aa11eeafb73e944eaee6344090176ee419eeecbf42cedbccfb2e4f7,true
0x75df26bb22761589d1c61224ac74517c9ccbae185b10bec61554cebab96f1ed1,true
0x2e74dd7f1f358c1428e127d3579a7bd5a1678a546ddc575aecdb5a1f1a85b41b,true
0xfd02a3e4163ae7713d9bb3baea4e56e1628b22891e2e49b350ad8ba5b371ba4d,false
0x04f6efddc30ff46448e0e7e96cf1601f100bb52b2851cbd0d5b657ad192cb266,true
0x156e205c26f2a3aa68f304d1888fab7bcda556f2523dc3262d7b74f60541dd2f,true
0xb4503e90127d583e7083ae58afcd3a63b5c1e0044f197f1f6a39f7aa5aa9f084,true
0x2897f6fc78277a32dfe0e7d096a08a43bc39316e7f4ae9cfdbe50a5f68dbef6c,false
0x02887cbaa44274da8f0d60c5b7f4813f4e1ad2c1d645655c8eca34f2f675eb93,false
0x7bb36ae2f00857dd6346227a055ff8454b5f5c1170cde0d168fb01291a8f21bf,false
0x8c2729676094638f6a59ef96231f44b1ea08c1bf7f14b6448d02e46bae1d9a36,false
0x91348766d860f3b52ac77a96c75753267e8175f3d5410917f5f3b4ea6fa9d71d,true
0xdd5ff033d57af59fed6c734ea44721a54994ce70793c5b50132579ad6f3b79a7,false
0x193c151b6f59c2ee8f0307591bd7c848e324cf48b4bca555a6cf24394908c7f4,true
0x608f4c37a9b555b71318832de6e1b0d7bbf3ad2a9dee7dce12ead1a784e67536,true
0xcf3e8d89a9f9e9ff40c6f6fd1ab65b2764830203c2c7b391bc9c3ae520bad5be,true
0xac1fdcc672c12b7747617545942a249368d9f20ac1796a8fff3e7caa574865ef,true
0xe3fcbdbb7df2f9c6ad9509ab0b6278333033279c7fd2b9feabb2486aa0a1bded,true
0x8311bf590f1a354c3bc02d346562d9de95ce03d623091d7410022ff8cac18ecc,true
0x07468690839fd0f5764ce6ce334510bf9355f1cd2a2ee70189f30369a9304ce8,true
0x548b5d76640c9587fb62fe2ad74de903078ee35ab8fa3a05515fea67fb62d57e,true
0x6a2b6c908ede84b693c9f44b754f7ca9c02285c580579b7a17bcedf7021ca86a,false
0xc088c70e77f6242944d3ae45e8d38b9a99326dbbceb3dcdcf822922d620e8591,true
0xe75aa88ab8d322a0e91815163cda02185cccb91b3a281f64a7fd718301e4784c,true
0x279f3699335b5692975bbfe60dff68339012bae67ab5129d6f6925d7263ba63a,false
0x1e5e8b6b074edd16e6e00273a3e36d7b47f2019be5087bdbc6322cb3efee565a,false
0xb5f0bbcd07f6f73d1a822050468a3ea8ccd760069a9b562557956afd2918171e,true
0xfe45859b974999440876d1274b36710ab46a4c3f099ca2c3d732c115439bfbaa,false
0xda6238a5ed5478823f1e9b70324348b8bbbacf50446f146e7b0fa000c31b0a64,false
0x80b111ef2063815c5561f95cca6e11d37373bb0fef831eb6625dd759d0c34593,true
0x87781b251ee4bbb8aa2f9b5b25e3acf82070b8aafc564838e0b4119fa19576b0,true
0xad31edb4ffef6d06aad14ec985a6697aff7d6169bbe180d4005e781a3b5bec48,false
0x2b61ad2835a9a64df074bb8f9cd943198a4beb1e99fcdc3aee0ac5c292360058,true
0xfadef7deda50b2d92348d8ace17c6bc98ed5ae920f35c3d2a62bd8217609a317,false
0x39bbef36fba394279b6f0a8072992332db53f7c4b52abaf5b7210fbbc097f8fe,true
0x1ad5d2e350fd4e1e8353ec2e6fd2801a555b34aef5c8b2dfdf9658a6599e5c15,false
0x64ac4726dad82fc617a49644ad1fc3d0b4ab8629f39617c9885052f5b803e5db,false
0x942d0669eadb4fc79299aab81790c438487079cf4ffed8910c7ba6d3fa3e8034,true
0xeb4bab6138759c2446f1895ea33e9425fa9847dc8e589d7da5adaf6cfd7c1c11,false
0x4c389d1fd3b6ffb47df40c0c2174013678763d4582ab61c5d461a61c4f1f6ba1,false
0x842d2f1c0c7eaf896ab03c6f8d938b0b2cc0371aabfdba96ed03648e88709981,false
0xa0b53b27f6096615c431315f99ff30a4afcddeaa6d1a2cd8a4c363f7f2bee13b,false
0x6269cade20bb69684fed727c2ed1e1a86583020ce1321d1fbcc07aa69e8b404f,false
0x5b8ad7194d89fc4b86f37ee9c93c6c9a6713a94aa84ae464498307a1622b5849,true
0x99671a181fae400d570437bb338c0997309ecea1dd12885941884cf9e4b9febf,false
0x5e98a5929e29bdffa46fe9f8ba1e25d70dc025fbac3827bff0078f4dba486c62,true
0xa8931ffa77039b1c11bf98a91d249ef8bbc7b5409f26e0cb856a6b1cbf2b803a,false
0x6e0a4d35eed5487227e18a105587fd34db1b8cfb2e643d76ac21c19a0dc478d1,false
0x56af5b92fe9f7fefd1f06089804619e325ca1ba3052ab39a320f3d97330e73e7,false
0x8c150eef7249ef7dd34443c98b4c40bca486c180560143b24a1bd08b0186e49b,true
0x401b2f95acfd5c4722fc69d04bcb7f0fde92b10c40ba2e87643225a9f9a7bf49,true
0x338e592ccd1acdf19968a38811692fcc93d518e0a9f351be092593c448ed80a9,false
0x0066e74bd84e1be20fbe28b96589ded81bb53c7d528ee6de46e5c9ee3b934c06,false
0x79e951ab5cdddcbd8700a0729e2af0319cd04a890faab23517042f3e4a4761fb,true
0x884dd109f612d546c866546e53ab2f6df1205c96b22d9a69c145a491e637f80d,false
0x1eb6b678c4ccde8e55e85ce3a7410e172788fdc9389e1a8560deb058d722a63d,true
0x7007b45958814a6a048a20c8f6249f5acda39f5a19ffb01674cad1272406ef60,false
0xb23492c501a2ab4f8005e9c89b44496c4cf90958cd97b5a02cd36c745235f4c5,false
0xfe0044625fa6b8088f98ac9bd978bac22e2890d8a1a3c6363e6b051cc1d563a9,false
0x0bc267a17706343ff58dd5ddbeb35990fcbd2912a38649208438935c5e706df6,false
0x2980ed124be7efc322b3d07a6ae2cc2cb30110c5f131c54e6c00f78f4ae0053d,false
0xf25ada422c68b781a9d44b1640765126ce096198673939fb3ad9f9bcb4ee9a86,false
0x46251cd18ffdc276b117ca22c12322ec98d97daaa352b8046e577d2114705317,true
0x74397af1c0770e2b9d088820487d989d1b2abada180efa40d709fdaba60ac3b0,false
0xa86de82eebc76042b40027ef2edf1fc4f2d19bc859cd8a454828c8a554bc1da8,true
0x34327d6bfc5aec3a10aa8d75eb12b974abe23808dffd0dcc809bdd53f2c8a92e,false
0x057cc0aa7c56f6560e29be7cdb40eee3d2b76f8a632d7233c7c408286cbef9d2,true
0x1a29d36f0adf5f6bab63e7a69b70d85ddbaa02ed359c0458019a113969f65d89,true
0xe6fbd09b2999dfc299879684aacfdf680fcec8dd7fb719e7266f80e13573eb70,false
0x0fe6043255ffbb17479d8378322c79a908cb0777fe698fe67ff8296206baa501,true
0xdef23b5b37b512bf77db5ecec040410be77453298bccbfac3b9e425c9593e13c,true
0xc56b5df1285679b96b494e2ad6cc4a01c7ca8364dac9f0bf31be19983810a96d,false
0xe992f649e55762426fa35b3b5df8a02826d9434c4e3331e55116e9a92a8a25d9,true
0x39c24162bafb1e2e42550cb6eaff6d62082e357c6795b021c11785f586c20614,false
0x172acb9e0f1ef276152f5f507cba3237862840385a15d77f1fc93cc4bd048ec7,false
0xba7253f12e093bf2d0af0762e92bc75157517ab7b2d8fac8a7e96719c39a9eba,true
0xce806107c4e86158b19b88ee464931ec2a8cc481aa94c10ed5812630690cacbd,true
0xcd92e868911eacd05d5834787c42d13542c68cc4390f39e93e928207581dc51f,false
0x63e01923aa52e7daa5fc106d142e46f3be30265cde61d916da0385dd5d243fcd,false
0x6b8d3930fc8f24df7e358187392ab60d2c82952520c8a8137fde5b2ba38cede5,true
0xb9ee150f82b537f0619348a6a4f5eb798b0b5f146ec81b9acc248f63c106167e,true
0xa218f6997fc27c3a435d6dd1a78b3167b7ab1244b5195ea6c9ce2f2e32d5ee0a,false
0x26da3a4e7e3013c099d8a1d6e8c32ba1ea248ea5534fd23ba55acfca5733f6d8,false
0x4ed765458e1d5938ed0d4b67c7e69b46ab4d1a4147001110d11f7f384c93f490,false
0xa053443443453d1ddc5e90e47ceea2dca0862971683271a750b340679c9d2207,false
0x23e4cfe20ab14e7852f3fcce47076bc8430700f8a2e0537830bf34f4aa7b38f5,true
0xe0cd83689d59c873027117baea2ef1df8f3d09241cdc7235d86834549e0488bf,true
0xe5bcd69b8c7259b342d76321fe0308d0246411b489499a5da4541fc126d464da,false
0x78111630a7d8e49ea7585c234c29db212da664ef13f057bfca0258d31fbd6f28,true
0x1125c605a67d15a3e5552d7642334af8e130b26944eeb9237331fd3d277701a6,true
0x0176ad731f3c0edcc86c32de78900e3825a31fbb3591beb48d5bbfca552f827c,false
0x4c659530e7e556fce27d71ebb46dda708095c6a0c3d22eae6a7cd5275acb8481,false
0xe2cf19d7a6437fb89b83270900161671c9a5985f3a1ab857f62b76d745b86e05,false
0xcf305606aa5ccb4170a6a3d27cf731d5212e9f9bc31f1d54b12f89bbc7143442,false
0xa6ac34dc9e781345678d93bf9ee0d4fc07b67e734a7fa7dba85e861c766aae3a,false
0x629dbca79f3e9cf54d2da27c1ac607807e7049c0a9545703fb7b374883f49a52,true
0xfee4cd2345351abc37d9af355e24cbbc0dff2354f884910846c05c794f1a87d0,false
0x660e46966ef37d07b7ce026f6aa155d885d35b0dc20a830a31ed5061a0ba56de,true
0x58fcaa865b264964b1c7f57a16098c677e78df2b815ecd0f77b31d7fb595793f,true
0xa8d67674f68e64064c5205ba0c32cefbd460b863e00f879826b246d031cfff03,true
0x54542d1068efb047a6a8551d43cd74f6bd1e792daaf3b952b1c3bff4ef06b6bb,true
0x59582652b3c1be3f51123006fafeb9856bf7cfc783d303ef46f6c24e86218381,true
0xdba3208013810d99fbe42eb54dc7f447abe81e70385ec592da2c76138622e862,false
0xe02ce22d88bb4bf67c478bb06bceb98e1fd4e8da3920273cea560b9806f59ab3,false
0x62cc3d1621b58a893ea38aa115900f7a8e4f8dc98979a64a3d833bed2950b1d9,false
0xa159de1650e58cc019701c1584ecbc66216ea0ecafa496160f4bb28425972645,false
0x0df7a1bc30cdb80c67e533f5c75498caaf066eb87971711ab38ca0984c9e1778,true
0x7ff84f8dd24983388565dbcc33a8461c4bbae671f66015995457a638ae4ba5ee,true
0xbfbdd176539a3076ca8696500b6b2eb3f71f88336c6857eed241381f9c791c79,false
0xec48ac9af2fd760959e0756e6d6629ddaf708f407d0d2855a5d23925f601e8a2,false
0xf62d233d93bcd82aaf94a512bcccfca3c3ee2b5b6a7e08126694822f87424ae1,false
0xd06a8b6123e9762c38c5d5f1e9c20645897b7bdacc623739c2cdd17f16de7555,true
0x97e3352803bf1d5993e21ce173f9126fe822b23a30628480aabcc41c85da02c8,false
0x55746655a132b34c422af0613c9ac3a0dbd7f0d43860c7539e001b52f98a101d,true
0xf35df46438a23190fbffe78b9d43d29ec215c448e68e48ab71fa6b461785160e,true
0xc561c3ea57f07a86c2e38da773937b8620051cf72796928fdad229469eafd50e,false
0x3261f5141076af327ee1bf75d030c8b902872d3f50bf4e073908128597e5fcbe,false
0xba1b0a93ad7f4b45580e4dc70cedb54b13de2b1044011c3989dcc7f6b63c6d83,false
0x22d541956f12767c01879467d0187fb511e5375900d7ae94e72bc478c7d810f1,true
0xb87b664307019507f5d1c885dee052e2728db6a463355a2bb9baecd34fd675e4,true
0x9c19762624eedd290893683a829ce5117e59f8048aed446c125160c90b9f7d61,true
0xd4cad228cd219001d60411ab30237bf8d2ab9f6634637015e2d8bd04e2be1074,true
0xf598ccba7e935d969e695424ae4575e3aa7e408f672883776763a40062a12f10,false
0x174b4c5605acbe47bda1008743f1aed820141c9f7bc09d0315d1d7dd1e86d767,true
0x9f196daf380af65d9fce2daab8b9c3d6c32b269a05d3f16adc1de0393374b756,false
0xbf4d9fb24c3199be892e656b55cda38e67636097279e8e903da20b369e8a2c21,true
0xeb84d717fb7062a20ef910fd8b2e6878a1d385c2e36c66e549429fabf8935161,false
0x1b52c129c495f89556145b4c628d00835470819991a55eefcd7cae8bd6698f46,false
0x9eeb3cd7f3c60681278e0b5f5537b742cf4b508132bbbbe0abe28219a7daa73e,false
0xa86873839c5609f05f01d50db93ac36307c45e193fb80b37c74ef1a41390fdb9,false
0x80c9809da42f37594ee1b7773c60644d372840962d132aca9cc77a88f3fd7078,true
0x7f1798ee91dfd76e5315aab052a55ebcf573e629f312a206f47caeadba209b79,true
0xf5dc16a490d75537bd73b35b41131cf8eddd53a8f63dd04e09b4e872599ba57e,false
0x77c388b56b8fcf2345965f4dfe4b4247b2d8eeb5fcdcbbe005a735868ee01273,true
0x9e7023cbf27ea031b266a46f1670d70d7d3ddd0121874e74a97b57d5d12ba9b1,false
0x7048fde65c2f04521d8891468ba47c87b4dd35d11d936b1e134f6c3a4c0229ad,true
0xfa5248f8bb937b0ba20c3d9007c8189c175c10b1fa00b24666bd910f82ace0f9,false
0x7b42393b87487aad9152a993fea553678bcc29f44fca77a58b96d56e8b4c19b8,true
0x05bb7267793fa653eb57975e5155bb1bf47ae7941ee0372c06677366f79c402a,false
0x931c5bcbbcf8b305f0da0fd4d7570e92bd47489752ee8630f882ebf955a8704c,false
0x89c59bbafab0b9b85a1d9180b94dd5e24567798a4c42bea27d06b62b1140f82a,true
0xd8de6ec9f863bdbf2f6545d15ae6da941874699b3d47814ca9085de8ba2dc1d4,true
0xeca6e49083fdaa96731249c792c2283ab02b61d80e277452fcf8deebf15479a0,true
0x90670c2375238d76f28d8b6b6e7fa3fd5a47b6d22cb0d26ed43a365d2a4563f7,true
0xa86261dc19b7853af36005a81fa011f1c172846b55b2ca9a67854dbde6af3dba,true
0xcf100055952d607d6fc5c2a1362a13bae0ea5d0e9944d1597b23181cfcb8973b,false
0xeaf4ebe2ca0f24441b23c7707c34fa0ce5c8266ceb81b663a9096c27c309a9fd,false
0x04bcafef31f0479dc64680c2bda85a9334ac2f9f20798dbc394193ab70530d96,true
0x0f7af8097ce535efcd2c99db9c6931fb3f863b72f2d03cf72f0cc63c30d3519c,false
0xcdb9510c0fb2d64fc3f7298a812c09a5b8d1decc237160195c0e411ae48bc44d,false
0x772f191ddaf05d18d27c3935d7970b1d65c33dafd3321d7caa318248b6547145,true
0xef9629a1861a3a90302db8296315306855ae2d691a6a55a74987209fa1280fb4,true
0xf535dcfdc9960f0ecd7bb3aec1a5d51ce10a4503b3915ad9356d6da536e8b3c8,false
0x1b8aedabb29f1f08e3a063cb6feccca3fd58b3eb036892f4f32feb2b7cec353e,false
0x3b9e3f395fed18f1c7da33d5c79fbb170474f30c4ab6f9e2aac4433a8d539015,false
0xdeb58ee0e17bc8c7433350e4a65c12e1b8d06006ce2a0f9060f5d76f2dfc1f09,true
0x5979bcfab5bf65567e847d75040dfe981ad1d631cf3c653aa2241da1f23413b0,false
0xe30a229991a3e9b8482f64a59759ef6309e988c4a0abce47bdbddc9886410368,true
0xb542cebce27185f73f0beefc22a52f496f485f03dc139f323012363aa9d69fe0,false
0x75499fc6465d7e73c52b8d71a6e5a1c4ba78b7f0fd2988ac3cdcfbda8e584786,false
0x8e9f0d399953fe32024536d4a331618c0c1f25ef748d3e5aa7cf04ccf9318d08,false
0xb442f4e783ddfdb91e62e6382888cd1bf4853e00b527bf9b97b5afdbae4e428a,false
0xbde03bf34c6dc7c563f8f71ad862d1e0c6135045067fb8892735eaf89ee270e9,true
0x4681c46ea89de400ea7453b83d0711219fcf4ad983442a3edfeee58bf367d0f8,false
0x1b28df0f97d774d6ba9e09c582f5d8861788aa8e5b15e380e802695961c8d961,false
0xb3258d34c8c0f5f7efdc82bd616fe31b6844afc89a572e7a8368289125163821,true
0xe777a585888aa7226602fed6e50da6efb9d1346499e1a0e0e8dcf28c8e525e99,true
0x75377c9a092178dd20698cad70d57d1f5450ee7bd9cd49f87f47db77dbcd02cf,true
0xd0c41443694e674372bc173cf15f95b524da67b938b13f6455595ddc9c7ad7fc,false
0x91453a1a51bd8983bb5e2fa7b09f7e20f3fe8db3369abe73f748cb6a556ca3e2,true
0x969e9b39edc525c39cee706d39e7e7979cf15c2182438c85997cf177b60b605f,false
0x2303ff7fb921287e956d10aad9365e34922b5f4419ec5a5ac5ed685bbf57489b,false
0xa2248e9d4f8f6a8c124b1305666827042bb90731de738340c7405ce833417920,false
0x2efe43438d53cf5a864e65c0b9a0ade760ca272e143d0355eb9e5b17a76cdc9b,false
0xffeb408fdd6440ef7d2cc6cba8086df62a7bacc3a642287828280ed3da23b557,false
0x1c2bf8a32b644e0d9c3002fddb80f1cae234fc5d9f08aabe68b07c35545a9f0a,false
0x542cb2654d557f0f1fef798f8cc467651ec31ea703a7e77afdff4698bcb0d59c,false
0x93ef44507eb4a2413f1c1f1a14a880bc359cd183f84dd09d910d65a90ff31a2a,true
0xc099695f01b165f4ec4309e508790fb9bccfea8b2c3c687fe5a211801b308cee,false
0xad60c9783abbc9a2e61c55d3b6315371f780c3b6f126f8adfb4fa43d4ec82ce7,true
0x2ff00319ae0659918cec90ad5de3a90f04a14823ebb01fe30f6b6c866da32d53,true
0x8cc848fcce2f2821f12f3baef1de7b2754f1018d8c4cb02a7e68ea971d0c871e,false
0x96cf3b70fe0cd206954c2789d63bc8b7b5a3939b068e1d9441017a3d7d251636,false
0x7d28197b7fcc36378e9be26cc20f23782a7038718d3b627e7f4e7140040b8303,false
0xea4581e6eb179194e50434ab0417fdc3733002e36325fc996db787b9f8ffb59a,false
0xf19452b106b92b66b9b546b2638f37334792e226aa13cd93dea5c2472c55331d,false
0xa4d9d5c1f2f96512ed3fb62565e8a20e0493ae7a032140e7e5d3eb7f6471c782,false
0x83acbd2eed84dd4d1d6676a21814321ec7380f6cfbacde8073cf20eccc71932f,false
0xa9da8972cb82d1537c7ceb87056f6057896129715fba4fdb4741530f275b9f86,false
0x0b868b130cbd364de18189269234529157c497aae5fc28ad04f38aa9f9cd6f09,true
0xa5c67fe70531f83f8a779b923e19874793543178561da980267c7c0a083cbbec,false
0x73e1eddb8b7a02051199ec3a9bceee19ed600e2f86ba5edd8ae9843626afba43,true
0x7817ba3f1fd653898265c3272fae0c8f756184174cf52c9294f769407830c1af,true
0x1aac09c61700c59cc736732ae9fb31550e553798dd630088bc477a01b5ad33e2,true
0xba02d90ad5fc8efd3549138ee29a3790297ca8742d6feceb165c66a83ec253c6,true
0xe2b9a6b8804717c742d9c4b831b3dc740089089e5dd26eae7dfae58654796e84,true
0x84a10a81b7d26f0d900403b3df92a15508b951fe308b438e1b6706469f43ef15,false
0x9b76a1550e998e361f9d520f8bd55a5c55ba8d949af165835fc69c50224492bc,true
0xd46a67a58501e326e2bca263d17025d59a629cadde01b3950c5d42cf2d0f6bef,true
0x29d7fa0471e6c94d23312fc4de972800d95624f4160e90daa448729771ba7b3e,true
0xd03cb9d1cb9b74e08069ad6419c245877778ca54e8ebf60b154bf79ad3a42936,false
0x93582238deb52de321052c4584d3021922ba42e6c51418be4507d323a73873ea,false
0xb52e7876d9ba516320e5c1bf9783546173544d2f89412adeee12890b6abe5273,true
0x36faa249707981a2bf6badc140ffefa5969b9bdbb1e7a4e928d8de9be29d862c,true
0xb34866d9e466cbe293ef49d2f0fa23a74e6b8c227bc006e5009f99c45cae11d8,true
0x5243c6334daae7261a12d6ce7e3adc5868a1321195e6d93512c57fdb3c5e43e8,true
0x15b8017d5a0f28b37ad564493d7b90b607082a8a9293b05191a8a0ea1479a106,false
0xa00fcba3dda998d4b5255c3b9e05fea92abac99887abe3c30baff4bb69a22d41,true
0x936222b7ce69ce7cc8e9b77267fdfe5bec4b064a775cc87fa9845f6c0a61d062,false
0xe43eb77bcc21231e8e297d1e9ded0b964a7a455e585dbdbc02b2febde0bd3d2d,false
0x274c5e2a983c3d4ef980275e321453131a62134dd54a9c23bc4af3e31777724a,false
0xc977054ede0abe9d44f68469cdcb7a92c3f0a054ba3b1130cdb305ef8060b04f,false
0xd27656c4b957934e6b50cc8a1e58074cfb31191d1a84267b473d95476ab6ed73,false
0xe94eda11be33e5982ff3a737d77c9e12c3457e4921278793520a1d4b6e22b241,true
0x209fb04900e2822eebc3e44b0f212b8fafc1881e281e593a78bf675682d8f9ba,false
0x7ab40bccc8f169fa065f4c0fbf33a49e425efb5013a421d3ce1f610ae4f399e9,false
0xb90dc6cec5e1d08aed91b94ff68d5f3d1559cd08852c46db6974dfbf491f2c4b,true
0xe2bfc72203494267406a92af40199b2b4261b457ac9b6fc422aac658a905ff28,false
0x6eefc08b48a8317897438f2dd1c3eb663812daa0d5976b126cbacc087b744683,false
0x990f8995a9745a0e9c7c980b5c803ecddb55164dac296fdae2c24825559cf2c5,false
0x348131a831ac5ede0b65227104027a1ed531adb56a6a8b8dc86270e4adc8752a,false
0x823dbef576e6f8c855dbad3ae4710645cee9b8e9ebf9a3e9eff5d4f96e715d1c,false
0x8e0f563bd35b1b8127397c7ac58c12c76fad76f4bf80a36a036ea67d32d653dc,true
0xdf6479f93bb1f704a209ecf21ebfba9996a4dc574b69b871b864412400ac4e31,false
0x94045498d43dd318d0d9ff33aa54f1fce2b615abf9d67671df5cffba7e5cc6bf,false
0x2bdb264bcdf90f16a20898420123c0ed220af1e71aeb7535f95d731c1872b1e9,true
0x5a55e4fc54ab1e5b419bb8bcefdc70e0c9e6f0b026f75f9e098f41311e584d98,true
0x98da7072084c8c34d01a568392900d214d6b47768f39f1b86ca6de4b5ab9a2a2,true
0xed1e86b62dd7a215d74f6994ea70c611dd5fd42e94e947c6843c40a27d41b510,false
0xecdf8e525b0ce3413db4a6c205057400dc925462124ab37394499f92b9f15439,false
0xb6596031189fa327ee7425386a3f8be1dcd1e521eaa66a74eb75d5685c1c51c9,true
0x8af42390e09d58ed13c3eee22aa066ac55cdc61d38e358857b764457800de3de,false
0xe29a34321d7d5f91fb1d066c66e1d7ab9b6d0a4d0776e7a90ccdc91dcdb9f5d2,true
0x64966314fc549059f686c10010fad12e111de5ce5ce3b63c229c65612336a787,true
0xe13cbf21385bb6d88edb929bac76838d78040ac7dbce97649ca2fc97795dc2d7,true
0x529e37c6a3b1059ea87c452ad6ecfd8f6291e0888ee145905495082cb65590b2,false
0xd35d8ab649c22f4ad11302299010c83b0f8bf5c46a1c4f4287c782f767316815,false
0xe817a3365db278b33093737341e0b17653ab1a389874f11b3487d7ff4472255f,true
0x9ddc87de837513430cf212d098a7e3d46ac8663fe07c997e3dbc60608ed4e68e,true
0x3667479c433b9e31555741063941e9d8726d750b95885cf6c826ba68cf6144ac,true
0x4a7c217ec971d5f82ad1d512dfb64f596afc4a0569e39fb843ed31fb155eb4f7,true
0xbb1c65ae74c550ebde2249e1689133ddc327b42c0d670d2648963f66c56dbc05,false
0x1e32defaafdcb4aeba8f6326da531498b10b22b1634a89c4c1208a82397c8ffe,true
0x0bf9abbc1159ba7892b6986d049133598ac12338c43f8c598addec631edc9ade,true
0x7376200da19033f19b761a4c51e2a28ede36c584648a4bd6680a19e0177e5cfb,false
0x25e3cfcb5ef9f0b8955debd19a0a81eae902a827370b187be47045b1a263e7a2,true
0xb799e6dd24417b8b178876ec82a0319938713f89b4e9265e89456625d0bef045,true
0x5390dd76b2196e9f6617fb33ac41fd2e738836004eb8b96161690f7af13bae67,true
0xad371d4fe6caec664028708889f1c418550aca53c9c2193d5f457bd8c0e1afcf,true
0x9ed19c2ce11873264e77f8b203fe5ee08604e8be6938481253867bdecf31a4eb,false
0x76e68191b3a5d72b578e1d04985a193bbfb1edc4a9a0052784c0a94a1f76dd28,true
0x93d7b9a699aa57264ac48a5d9a83940714b0d5e3045c14defafd75b9ff26293b,false
0xce48422a917d3d27c7f21845fda06be57cd95526582d4af0c4e360cbcccfb14a,true
0x1b61672d7c67d2c6ffe088acd6e639fda3645a77f39ad588decbd8926316cd83,true
0x08c011f08414d412b131e554221712c0841bda483d5aec4f28ba046ae1bc2aa6,false
0x4ec224d1e72225ac1761d1c08e736f675615a17e06945ffbb5904292c597bc94,true
0x530ce82d25a237ed64717bb1482cbe28c837335cc3dbdb907420f4a31c92189c,true
0x532d02a847d59f5943b2dc7dc1d6e2fc3ef799d8895d63859a82b921dba1c849,true
0xa848e97234f18a6f8d27431537f38f91cfbd5839b903ffc55d2c1d1aa6baf74c,true
0x7842c26a870cebead875d58dc55b42544af5fb1c3e20971762d446948dbdbbca,true
0xe9d33ea01efbe5be7adc79d363991301a3d05af6f1e5ff640412601535fcba67,true
0xf11b86311fc49f6a550f5912acbcb93d959d6c6405b02e4f4ff1b2e14c71efa5,true
0x860558ba212d9e891e69e544898a84b93b0b76b7c257677aa615bc77f966d278,true
0x6f0a178a3a3f07b29e5f1d64ce548737e74e628f59d6d449c24d0430c1c1eb72,false
0x5220e6f168a868a08af2ea5d05bdb25bb542a15985afc9b37cb05e9e6f9b77d1,true
0x77ed34f55b57e8529aa86fe30d8185d3fd772c3c81c3735cf0184bdaed06ab7f,true
0xaf2de48cb8089aaa51d7d1b1cf8e7a3da58ab189c075a4f597292458815d4c6c,false
0x1e5f4164f1d0e1915ca2662ea33d8f61c199aa442e5a15f3ebeba8134e72f436,true
0x6273d03d1e9219a6bd99f9adf2aea973765f537ee3464008eb3195b9bfcc2540,true
0x332d43b16d9d4dc26a4efd85671189e8d3c4fcf8ff4ae7bfb83f02221849d797,true
0x7981ec745f6ba66d7d8f3343bb736cb7d09d5470ba9ade50210eca53dcdfaa9f,false
0x8a6170302f1d1be353ce862a62b0e54e168d975e38e2d2a2837bf18bb689cf7f,true
0xe5d16d6293c02edd5c606b86b03a43b3e5624e34f1ba94557e63868f579f194e,true
0x4e7d2db5aa56066c7be99a59689a2394d24775898120b624ad9a583f9f5f2334,false
0xecce74198598a89d042f5e641f548ff058a75f737a80d524062cef6c4335cd51,false
0x49086eea416095eab603dcd61ba3d4adfc99eba3cb2e6852813388bef2cdb58a,true
0xad8c2fb0749dedeed19db8e5c2bc05e2fcc0c06e73239b13ca2aa016318d9db6,false
0x2de4804d793c883d4c99938cfc0941bb3ce1889690242f80978a82a3cf6fbe3c,true
0xdc6b2f03ed9476976ebbe57f6d8d80baec77347941780ead5e9bf7c5c0c58a82,true
0x37119c123822e4cfe9023d83112c1202f0f2807586e707e420f9c0d650e50821,true
0xdd2c9950629c538188d7ed73602eb72117dc49791289277bb34437ff115cbd49,true
0x176ed0649cf615033fff3240768a36f364a742950fc572561aa0934740afc2fb,true
0x53afb1c0a70610f79b9502a4d77cf23f36fc96c091a2e52d5956548d784f7460,true
0x503316caf2f6d518ea21ec407388455fc5d78106f0361847bbeb773c3fce22d6,false
0x3da917060a49e7e98f47438af5d0208dfd024a8b63178995ecd854c0c631692e,true
0x6fca26b00642fbd71017edcced7cc5402d7b635494363509e09e5942b102e1e9,true
0x09cfc61e14ff5774f7605e6e502ca8678dc16d18e07ab0b567ec33d5868d4415,true
0x7e0cb481d7db8edb4b34d6595f1bc150fa634d078ccb161155ede347cf9710aa,false
0x444551925864e447935e9b79023e69a7aa6afaafc010c71d1f0bcc93f6c5fa14,true
0xef002337424969e3e3ccd6fb7084d69589da7ad9d2ed0ebbd0f2c65bd059e8ce,false
0x3b780150b6805f962f8b446dd39928bd5ab2185111cb7ad16920fd16ea0b2b44,true
0x0f2d915026965fedc54e5f84ce42c4877d2e6d607605818855434ee7391df4d2,false
0x6a32403092460dc3188a470d69d83337633e961cab04016377cf526a8c6d77ee,true
0x412f048f79d25eea4ba74a98d1bdf05fea1e74ef85dc379a3876c51e6aa01a05,true
0x4e451658faf090052aa3205dde2cad8dd0067c39eb95926dd818b65828ac107b,false
0x2e928c46fbd2eb9e7419032e024ee4beb08aa6dc50539ec3fd9ac65ce721c649,false
0x90349c4cd463507c79cc1a31f0b850b78f09719f0f4d49ff919f2e1e9811d931,false
0xf37adf2c651b39e67894ed71f8fcb9db49d5d1baf6aa133a5e8baf67fe536593,false
0x4a2546078dd8a0f12ef632df600c5935919ccc516ee4aa4a4bef303aa35df9a7,true
0x2e29d8b2923b2af990523b4dbbd446ee675d335aa05cf84646fe0addbc7caf51,false
0xf8c08088f1dbea6405febb2ff31bef907d2a49ffb5e6198534ea23257de6feda,true
0xc8884e7c66df7bc48d5bf810072bf3ec67b4ce05af0981834d22c3d571949975,false
0xdca18586870bf5fe7dbe1e67637c0779a077aee37e8591b7c7cf91c2984ff470,true
0xd15520ec667780321d23ce831255bca4b78850917174dd2cff8ee653dbd145b2,true
0xe6ddaaeadd19bd4b9a199224a61ca06f4a94006bd03edd61329ba8280fd1cf93,true
0xf221ac448d4ad1c579286f0c98358555555e8873199181cb3b9338b1ac94b530,true
0xbff6563b3e11219dd2bcce9016b41dfc2d5b77096d0ecd0a4812a336e51f7324,false
0xf35bf648a56a8c14c287d3be679a46a343174d5f42992c8b40d7546841afc8aa,true
0x36906a3a2fd05b171e2c4b4be858f55d655da5b3ffc2dd38d122417e117bfc30,false
0xf81dc563d63f6906ac95ab8041734696a0492d3afeba16defdfc7181c0fb16e1,false
0xe2bd1cd0288d764af0b7654eb8eb951cd2b4a1e6fc0a5c504d225f13b89241e7,true
0xc3bcc42c9ba5afce0ddfcc4f7c2d2807d35a152c78e6ca1dc5443a28951707b6,false
0x15e5d84a45deb618daf0ca5ecb5fd5a3bac391a858fe958faeaab606b106a091,true
0x278672296c02a6f24ed92a7cf5df66231c01e826f9d8198f781f9b761db2e20d,false
0x8519b9cc2cd2d670a854d4f916c5ef974d358573e2a297157cb3675e8298b3b0,false
0x6b0794bad22af2a6b777aa48fdcd0fbd6d42b69800d7348e57c3d0c450f23d93,false
0xb0fa2f925468b646cbcb4bbb9be52c4f06ff1e5819ee3c461557f1dd3d972fca,true
0x3ce7a565e304b64683d92613b4a4d55a822fa06adfcb041b011fe1eb0547b8d3,true
0x893597cbbd7b17ae20c2170e5dc7591924a935b8f2877d40c16cc6452be8cf8b,true
0xa15ad102de3c2db576dbcf7bb3568deb712e1953c7d7690d0fc7664dd78bc427,true
0xebebeff9ffcee5a8deca189b441c21fea9998717a58a1afe2f94a25040f5e184,true
0x8ef0a49a3b4b63954c066b3158ba998110bf8955c3e66cb6109b459ee4bc069d,false
0xe17ba3bfc23152fb3897d9771b3351e0fada18aacc8cfdad14df5f495721976e,false
0xc7f6e459c272d6d844a61d373ea3336ef952f3735a60f9f09c009509fe5d17a7,true
0x6e6a53206983fb35b6be6d25be03fd42979354da2bcc23e476af8fd19805789e,true
0x9194642552e0eeabc1b2d2d0899835b0fe10a26652e76d91ecf3ee164b4e586b,true
0x7aab4606946b55dab435b7596e872ee8922db15f7c7d41cd9a8a693b61d70cdd,false
0x322781658827489b0328ab96efe73caca5d0ee59357c94fedff9d1bf13b7b28b,false
0x69fe1203ae67c840726bb62d9b6d687dff5e1f5e543dfd315eb8f6418d1e31dc,false
0x4f4c6f6eaacfc98f093549e26217be8e205a64b79fdf2359d97d37290247ce5a,false
0x0c3e643efef844b8616f747067a1c4588455e9f764ddf4ed02f6face4cbb4f52,false
0x9a37e74776fe90c2a92bf47991cc8e4de05394e512ae862e9d12b4e6359c48a4,true
0xa5999a58d26deca96a264c30e57605d1983d9359839409f785017ee52d5170c7,true
0x87c603e4d6a9fc0b6ba86d40f8df9c4ba27999e254ad262e2f4d07e49ebe2bcc,false
0x45704cb70b9c4cf90b00322898ec6d5ce3a8e677e64c0a99c808d06009f47bb9,true
0x46389ab114bda5666ac4f21d1f0c78e5d4db379a177db0184e405ebd14826ce6,true
0xef07fdfa9973b335ca8ca98b3698461c49f8aa6d3b5e07653a442048b475ac96,true
0x21e8c2cad444c2b72da086a9a974bc707fad261a6f3193b597c005cebd683155,false
0xcebb40d820e7e25b4ea51c54e7b069855248b59dfdc1d1e1fa68e2a1bf6e137d,false
0xe90facfe3977aafcd66c37bae9da4b049cf7636bd60638548d236e0aa1a0ad2f,false
0x2988345f2bd1ea4a49225ce8a04a113f537c6b92f18537bca2cf77030445172a,true
0x1b8794c691b186d4dd5cce55fafb7062cd6216061cbe8ce258423d0dce507c47,false
0x93bab150403c3126067477fc59a6377764331bb71e00c3d320882cb64b4a1985,false
0x1d024c4e5a842e39fdff178b474e635f828ed3c7d3cf31e496bdd969b85368f5,true
0x062a6b4db7c9fbf54b9e255c1371cb342dc7e5ed7ca7d528b75700eee74245b3,false
0x1998894e1e1d70746385ecab27d00208e922b9059383fab012d4875a83dd4929,false
0x0dc9c3ab6b25f88ad12407104631f109ebfc6e672916678fe354a92c3b69a3f7,true
0x313c95bda32410c4fbcf0d90bcfd6f6dd178436589e970896a55e09e856c76fa,true
0x48e017c87b1b670aa8a6d2e2ecbe42682a7f29166c43c7754935752994fe002b,false
0xc651f0b9fca45ae9c1bb07f41509127995c9ebf92c75d14a5329f98bd0a6a9b9,false
0xacef4dd45e3186b8f1c31e9170c5f1b0875b7843a6ead2a2d4d59e92dccd0cab,false
0xedc3aa2463987ec10558003bd98bbd005c2e026afb17a47fe7858ef7be6b20c7,true
0x75271ac1db85f1557af38a946014964f345284cc3b68210588a88d73256af246,true
0x0de65fa2bddbbb372a5a12e0a518a7a1f66e3a17830512d4421458ee88a95e04,true
0xf1a5b9cbef6caeb6efa2bfa8d0af95b41e4d2815a85cd9bece92beda471d1ed2,false
0x2b6e5c37fd06bc5ad85a3151eebb82e8a5b9f898eb5ea551e3fd10d6d67f822d,false
0x53dbf8081a0281bd2344fe2b561bf2d19058622ca7ceb1542bb89bc33cdc544b,true
0xa4c2c2b0f951eb79f6d78aae9e7ffaeeeb3e2072ee1efc22372ab8cc666bcb85,true
0x4df8d326ec48bb08f5eaf4aead62891e1a5f9bc1c790e5d7a27db87fd9b2ee61,false
0x727bf1904a72092ed700970a7e9f0cb18ed06926fd4c6acfcc6537f281f87d2a,true
0x9c484c9aa66d25e3d00cccd109b58e0b716f7e53b60177fa29ea3d56b7855764,false
0x8ce11d946eca2e2fda169aab20b7fd15812af529a7a0598d3884c9737d29ee27,true
0x704c202af24fd488d7b983c5b892fde526c7ac80c61ae0141613544aa5427835,true
0x720155aa7598a35ce826e71a8ed8c65b391c7a2200b83e8222815eaa4c5640d7,true
0x9b9b21e6c47d74796bcb1bb179e00b0a000f1006c3ea6f54393ecabb1e77aa02,false
0xb1f70a2cbb1159cebb05d86fb9b93a02abfc3475330efdba5011cee8c5cca563,true
0x074abaf1502f3db622dd7e17b49a31a42260587cd0f43e5e17f910c41862eba9,true
0xca39ba2f112260254a8691ac8c2c20910a28ef041eb7c2ecd8bf8fcd8ac94ee6,false
0xac3b8e495df9c7c363e23ac9927fd2e0fda2266de931776e46423dd54611f38a,true
0xc6e7e446adec2d842d6d36d8c63adaa68a72b2d7001198b6029cf4de397dfb51,false
0x27ed5a745f27834855da53cd29b60201b384d26a26ec2f44f603447baf45f8bf,true
0x093de98145b2e4d474a51d27d384f746ca1082673b0ded0ade0c3123b92d3dd8,true
0x16b70a2ba329e3b6ecb8aac53aabd92cd5a3c824f77b5bd374d731002d87dde9,true
0xa5c9c5e9eb9c5f15bb1a3520ce2d50ff08ad8d261ecb5a5645774818dfe60882,true
0x554519885ba678939d34045ce51d8e0121162353c0cacda161b4fa92e5d762b6,false
0x471c71a0035e546193495644de2ef0d69e2ca4f0862678144cb8d9cfb8833c16,false
0x26f571574110737b83db5704d3122236cf75f73cfd04a7564ce52f93ed9de1e9,true
0xa222dada675a9af357992e91383b704970b9a2af2cc64c544dd735ab2fa15672,false
0x76ef06f487f9ff1b95e51a0c0cd3d32214e561dec1b029f3bfe000c8dde01934,false
0xc17ecc8c55f9c049ddebdb853e6a0041ba3f3f21466bbf1636f7d6774e9ffb69,false
0xfea2a6d2f14fdd8dd8f9a4fe945aa139bdc5c429cf0a7418d66a240f029e164b,true
0x51640d1de90cfdce849aa414cec4ac36d308d1b8bb14db1b242782da1063857a,true
0xaa335564728a4513ec0acee782896cefd241ffa29f74c26965ded3a49126b967,true
0x11e6d81a3b244ef79b1b7f67d5f1dd60f9109edd8e84147d18d7e720485a1671,false
0x9ce5e5a89f3e58747ed56b5bed27e05c83bad7bb887987ea34a6189544e43d5c,true
0x4ae8f6944531c7f626a1235788bdb1c722de7929def97f61edf34977a5a90f04,false
0x253c6c94f8df0aaeacb0281ae332fb86ad45af0d31bf24385709454a4819ada4,false
0x48e7a206a1fe1cc21f10e47f80bda9be0f8b3c234bea83133afa743448d6880c,true
0x1bda0798affa463277f2f7fc92e812b0986b3674188790ba2fe476495968649a,false
0xc952937934ad1718fc9db129446ecb8444818b7f6f6d48c1dc3b0d90acd464e4,false
0xb9d3cf50d52ee5b7bb9e4c6eb61280b3fd2b8f306b8561ce3eebe5f25b9b9ca0,false
0x79bf50f20a308bf53b5cac14ca85e2963ee2b425e7d7e584450055f3180ccd3e,true
0xb311d2d133e990395438650990d11f029a7c7f7a43c8a1a98c844886c5dbe3b9,false
0x877978d5f82530334aac6b9abacd82a40b0516d9187ec2af020736e8e0372297,true
0xd79daddee24171e2300b15bce2c4ec9e81432a39cb507b6364b6dc53e69b0c7a,true
0xd72306055beeb0f27c3e0aed490e6ad9c2d560213e9010b3f3d15689bcd2a916,false
0xf59dd26676caebb74eb7d7d8125740949fddef8d365c6320cbab2b427c1c30ee,false
0x62cb9266a6f5b0c7e65162587d21b523cc747e0b1c3506c9f17c8d75724e7e2a,true
0x8c95db300f5db867deaa70ff0b957e857226297ec24c45c3914b12a70fd8743f,true
0x22a4498dc1f9e41b3fd51a7c3dbeae8f66446266c632e31332cd0e173929e3c3,false
0x5b81d4f4c531910a27988ce1f53c1a1959dc404613dfe3dbf51f42172f152294,false
0x3d2b0696f2872c1aee84dff2961a1f0457d57895962ea57fd8d38e35406f928e,false
0xc616c6d7f6d3c653bb3612303f1312453cf612d0211655c5c50c1a5790c1858a,false
0x1ed774e3e2c13d90f56e6360fdea6a2d165ad85f6011bfffb34762addcc0d263,true
0x97e7c5c7056e4e590936819cba224b18b5458408519654277106da3486ec1bfc,true
0x59ac62452738bebe43dd318cd2ac502ea4baba85346b43bb48ec6aa0db95369b,true
0xd1b59fa3bfbc044d73d2bc02463173ccea60471991cb205cab8e5d2928d0cbbb,false
0xa8adb58edd6367e0224e566ce98b895328a91e00e1d6392719cf0af0e4370799,false
0x66317fd3ef5cde6bd98dfdfa505d74541e845f583cf316959e347db16c375d15,true
0xd67eb12afeb38bc35e572943724df2793b15d18cefc272e4214eb716d5eaf6d7,false
0x8c395936272c5be6610c6c251c7143f62b80e285e3e7db33a8193f8e24fddd4d,false
0x6fc739cff443ad697f896dc55ef1c7f2fd5cb0d5dca1d19c5a85865895b5aa37,false
0x8a58fa1d2b2a619baf694aa9ce82130f5df88e66953281ae24e35e6c231463dd,true
0x1179ea7eedbf5c5d4300a0f3840800f3dbc6b763adc8c2a91115063dc2827d85,false
0xb50fc67ff39e28bbdac4b31f141c8a99e116d2a4b1897cc9574ae51fb329fb5d,false
0xd58dad9a069b585d063a48efd8870573e757cc2c6c5691d0273a642d710d292f,true
0x2656142045cbaa8b12f0bad000ee4caa7cf06118dcd7a4f5d33058ecd9d4817d,false
0xc1c62d5a73049108f4a643bb51b0093601d071626c662fe9e24b236c48f80390,true
0xe63803695cbb787de4fe42ee8082e824524ed84054aff3bc837d4d4069e1e5a2,false
0x91c29c296d24086d9e29e4a051a14268133373d1d9ed7d890000a1233e9e6d98,false
0x787727c9d92eb1e37bd1355f38135521a6e1860fe4c1fc326624d490d7582128,true
0x53c4a26d1e97781a4ff6ed2c171ffdde6d11a4861bda706b72951a3899c26258,false
0xd73ef38457b48a27578440465f9d68f70abe617ecdd34da8874ded36fa2ec70d,false
0x377c39e914d7a33495e7c557255f25f855ed5f9791206cb0f13bc5812f4458ad,false
0x4f99cb32c6be5792043c8fc96b2f328c2b8b90edf6c5ff56a07cb440c2301bde,false
0xe7f3109a432b259a5d6cd2d3970204c9a817a4e7d3f5a0110ef273d0cf1b1c67,true
0x9a9533a56a1115b87d95aa4eacdaadcb24667e13e012146c4c5528d162f37ba6,true
0x2b778b436cc6af514fb98750f23075807a3879f5016e8e8885f01fedd4795b45,true
0xb8a4431124d68a6ffe8f34303eed8e28d5e053207ff6474155e62d7c10320f76,false
0xd65d39182f7bde1ef2adf0fb55afcb2a0feb0f905b660dc11648fd61912a808a,true
0x06d89217165c87f52ba012c71cbfe7b929e65c9bd1955e5b4e0d9be162cb9b40,true
0x637ab718c6a3885a4d17fe1d2e27b7c9339fedd25da0ba9d35f2136932b4f314,false
0x97381e37b43b104fcafc7e065b54adf833d7bde2f1d3ba40929b7c4b28ce6111,false
0xf9aa2c51cf30f8290e283963031610c7f1c4018f07c368bafff38952d87ddee1,true
0xd4bc6138954c4fcf9c5c296ad32f095f338147f1d74c2724d37a4115c5f60adf,false
0x08ed68781cf1c077584ad2a3392f7322452de27b00b2c0f16534d0e12b86d334,true
0x2b9118f4f586c32e1cfdf4c1a1136c13947fe1d4a0e51bafaafe9c9ee9a7a5f8,false
0xadad46c8d5fd0c950d5af2727cbc57d0c07b938512a1149c5ff9b5abf911582a,false
0x2ef6bb7acce89aa97deb6761c1e43e395593afbda9118aab41c0c388e40b3646,false
0x9115c6304f476caf6fa1108599c8ae302d015b0c883f5750baab4bb786ba27b8,false
0x177a2473cbaa3f4cf136f54a2a637c5815fbabea17a97ef0b2c2481cc13776cb,true
0xa27072d719267810dba7114c3886a3db73c6a82585c01fd414d040d9fa32e825,false
0xe8801c0b14c5aa72e3028f8fb39bd0dc8eed0a3499dae4404121bb36c09637a4,true
0xfc0e3f047890eeb02ee0a20e5899d7f78d6c6e0d329d597b8462002abc17a48c,false
0xbf51dd1f4c1ee387cb0fe9ea229a4cb5ecf0d8a0b88a9f24d5bc031e029b7b35,true
0x8055b7097aefee09116120f8eebe04580061d673e06c4bf52a840fb5828db3a5,false
0x008d5c7284d8e54892f851e7b826570637c4a4b4a58763732b7a69018f799128,true
0xb9663934383f9d302dbaf15627b0a3dca1bcbc3247c173750b2ce673268090ae,false
0x3e265c9c9fbdc0b1f561fd82c45e6f6234a409e12ee7c169379e6a0958cefcb6,false
0x79dc12870ad31bead5dec0c03d745c39d16d3c8a95e6cc57288349fe26b758f6,false
0x3aa769078d4de188c085cb49e5e89feb105bcf90410a218a321c57866f87551d,true
0x2d772e6589518177555e18a1551f0420cadfe4b4720b4913f9a82a35273a00fd,true
0x43cfaa0ccfe690bfcbb5ac7f2e565cb9c61806d8d1fecf39ad0cb2c794bdf823,true
0x0ed1f47c17b23942b57ed19b5949e397872f081fd12863317a3af4ea965dd780,false
0x85bf977696351eedb869ac3d17881e6c57d273288bdc3550e42808bd5df82d80,false
0xce8a75d8596b6fd0462d72bbb2da27059a5c0748fc2d2e2ea047f21c94a5510c,false
0x4d00c4d8e2517cdb05d93a14784ebfa36da065f03bd796c3ec3b71e06fe0beab,false
0xa7348408fb763d7f0c44c2f44e891574cc3523c130015ea81c3327a5fbb42a49,true
0xd82e8683e8bcf4908e21b1f16e5314a40ac43999ed64cbac176f9aa990180132,false
0x1f88807a2cb65d4c15b723b2cf8059687f2f0f1fd7f9128e14f680bfc5ca7c8f,true
0xf6ac49c571248fa193ce02a8d5f3d85896ce4c7e69365a1cf913db7955e6c12b,false
0xd9f85060435c3001db6b5eb94f8c471cd6bedd8c6a13be3f716075eba87caa96,true
0x604bef2ef6513169e3e97be350dcd8966f927a02039ea4e58e8986edcd1265a3,false
0xce69920c51e7d67d5e7bce521e1ba24422b4453224c6896116b4d26c187b59ec,true
0x8752f823e7fae624dc97eac0bb2fd53701f9fc2c47f2a00727aeb1d0ad0b3234,true
0x60ad86e463865154b423d133c134202f4df15db85b29bdcfeb82fa120a73e498,false
0x1bc144e87197a5c5bdf80c7ffa35001e1184b2d8c39fb8e4fc2fcfa82d05f671,false
0xc4267a37a5c601d20946f29450bdea84ee4cfc972437419bc5f0ae4fae23d5a1,false
0x91f949f27ff4444f35ea078963f584ad3d8305d9dda1e76ff179aa74c56c3bb7,false
0xb3592bcd6e8fde0bcc7bf7f3108507386d086db9f88b2e00ed95089b7453fe8f,true
0x393dfacb200fe1471cbb8682dbc833893d6999dc0bbe77356c56901d4a4b4007,true
0x24fb866ff134238e8b6407840b5cfe67cb6176dc5e8f97d897c588e81e00201c,false
0xcfc87c1ddb406bd8d63815e9d826f7fcbd43e7bb5b75bf2925d0d76f5e51712b,false
0xb3033ecae80e487e6eb8e0072bdb9a071e3eea2b0f698f6f2cd2d68c31b3f28c,true
0x9499100118c3a3745b14287b71d806a50c75917768f9b44f3b3cb567e82c894e,true
0x932be7c8083e960c43c0deb9d79ad1f7166d761855845f28840c275684c730ea,false
0xdae4b6b189bbe3e16a90b83e22fcdbae8d0dcdc6a88c16d7aa389a1ea17c19ad,false
0x556a069548789bf5ad8630f7a76282e0abd09e6bfcf98009cacdde8e21d6b851,true
0x9c151a4c3f84802977cb153e970432679ea27192e15a1bc442c4e806b30103f1,true
0xd22f03e4dfaf6b05f585a8d1590760cc147e691c33b28ff3197fc35f8f672813,true
0xc7a8056a3e7afae15576910ac029c7934a3d947cc5969dd1f67bd029473283fd,false
0x9defdf44ea41eaf1c6763329fdb92c3f636f41f40446b9c251aff3f13221306b,true
0x4ffead7081cb8d30b432ed5a59c41ea883cc0e24e950bd59e5b462f5aca1c969,false
0xfcef7f60252bc2055e6f3fc0ab7963823bec35e3244e5eb86258d6114bc9dff5,false
0x42a3ff3fa57e7f8ca2ee51d0a7f4e806b0150ac7b8a77e1d9f837c9cdfdab318,true
0xce99d9915248736b419c1fc500c19c84af607f2db7c4cc09c14a374cf3d8e423,true
0x7a20d8fb0801d6695e35dd68f6adbedbc5b051242890b5606418c9d8b3f27fad,false
0xd0ae9e9251cfef8085c14c0a1e807368114e27fd0c4da270cb8fe1c6dcfbdfa5,false
0x47911ef5814b283f29302aa0dbc01b5ff66842c760d844dc3dc7a804719baac0,true
0xab088c911f02d3007f1b192bbb308f0a6fd5367b02130c1010c132d1ca866a68,true
0x34147f2d4a5ce982034607cb2d5506c8f07993dc527e1d6f2d3b4c51c111681c,false
0x41b3a21b2d066c9d59229dfdb89f67612cc719c57a385fe563fe800aa9299281,false
0x1d2b62591f0c44eadd3f30516370ddf51c21fcc9aecd1192c7275612873c15a2,true
0xea92b1125e96dea192ebe698585452ba83d0a06944b9b671a5dceb23f32cf501,false
0x8a0afb4f748a7b6c781bb4e07788a31232d9bbe797712e2672bde4d217687928,false
0x6424d7815b1228943bfdedad68e5d719bbede1546f2c0f3cf99ad80d1449376c,false
0xbde69fe278de281e74820643a1538c7d51d33736b1db24615dabd7c11eb3d233,false
0x6aa15cb9f00925a8e80f4ddb2889d789fb20e1ca10ed54ce89781c71d94f2ce1,true
0xf53f773ee1e91ac9c771996e6add0371d7e1068b355524643508561456a12fa5,true
0x6b021aef35e2e3cf853d9f3014fed4f19926b507e2af37e17c837f6991a6b29d,false
0xc30c5fa60efa1049b33633dbfdd63760d2154965d657dd0150a70b4f3983cada,false
0xc4e790e78015c73409c59e586968e9598488d69a2c4a9a7f7f2a24530a1393df,true
0xd8ef0c2e3d29213883223e0e17228588e3672ca719bd6d177260629f872185c5,true
0x49fb8dede3ac63715fd639b5dfabdea1fbbb510bbc5f86bbba497aefaf81a671,true
0x8d6a20bdac53e019b2525cba7c87ed9ba48895a9c355037ae1e5b358da6974d3,true
0x3fb95c66815db2dd0e6984bacd4954fa7bd36074b47847e0b63efdd6e294a3af,true
0x5586e5206f129fb22b7529d1fb626e9799dbde40a77685fd56f684f58b3d6213,true
0xd7b49d5497ddf2d253cd842ede4a52770005dd13d5373b2fb657bfccb91dbbb0,true
0x37b71a12fb43926ceae4d06c781159124558e27d02410a46b67aef9b839b180c,false
0xa5d6e7d5eb1a8b46eaf524baa8e59b05e7bf47225398dde477bf3526736be4d7,true
0x5dbb7be1efd23e4211148023df5037cc15293579c3b7de4331776f6f15d0923b,true
0x53846c952bd48f15a48bad75310950ea5a3cdaea0073445b9f338f306afc2f61,false
0xce6583f927c71e168e3e282251be957255804a8d1ae0eff0cb6bd62ff2586368,false
0xf52d73fe0b032e4561be0ea4781190344ce6327237855211d1dda1e86063cc04,false
0xa39ec6dbc4a1c78814a0a2a42779f8f8b2841f53e6e1fcc04a9638d56d676bdf,false
0x50c408044fd918e004af32ad92b711159c17b4524eaa447ee46250e3a76aea10,true
0x4a82717ef6a1de659ede11219798ac1f01db4168cbd11cf02161a37694216f81,false
0xb3ca02dcc466181ec2c225489431252ef99c1a3e36e986f02f0860858a528500,true
0xac96564b7ff3b8329fdc9ff32b9317392a0abf95758c055b8e7a936ecb796eb6,true
0x1fcbd9a9ab08bfcca3eb5b98fb843f5ac054194624c0970aeaca0e398ee44c52,true
0x2913c5bea16ea3d40df486379dd9ddfe9b60026ca41b302acc3eb130a0934efd,true
0x722a3bbde95e09970cbeddd46cc2a77b6df9a3374b3be19ae5b7494a3c6359be,true
0xaf122212fca8d9a4eac00e404141f298db859d121c3ef7bffe011979e7e15c9a,false
0x1ea41ab0c9d3e9f82608453b42cfb59060e51a888f0903b1da34cafbe0dc2be1,true
0x068d0b5e1929eaa0565b2a5543b4c39b5b0884d4c1f68b3d1d8cf371a917354b,false
0xa1dca886f551667acecf5c4ad34db9b6a4b639e18958887bcfb83fdfaadd4f68,false
0x53f964a1f5d81dbdabebdc6dd4d3e98e333905997e64185300fe1f470defb7e8,false
0x755366c9d162649f150b0c333abe7af0c4f816400778c7e46428b16c97148279,true
0xc7dd8400c1313b02a1f7b341534f524331842b097ebc7c229c42d99bb02757d1,true
0xbbd4c50cd8930a628d495a78e057f73d0201f4346519a30228d97a539bdc82f3,false
0x9636a5415703d54690a664545b6e87f54415aefa187003c645210961bd8e3e82,false
0x05081778423412776abad351ae200ec1545350db3474014d0311c62c47264dbe,false
0x14634db94f1a9023ad719979e734f535f0fad158cdefc40ead678adb0bbaa6ce,true
0x763450b58ef5aea9d6c0992edf1fb96b5835e55e670c60a07d5b0c1ac94b5bf3,true
0x2ca881fcef640ed5ac3ad4dc8b397c1226445f63c9d23d06de4ee8359450da77,false
0xa5f5aa2dc15c2b8d765609a8c42133419b0d61ef82c2a708e4e341665f31f1ee,false
0x38066acb24a7e1a493d4d85532b0737c5bc08b5a639606cbf519aaace8559c46,true
0xce0c97a86e107745181b93e7637d0893808bd7a9968cd2d219fa63c2e4d2e707,true
0x92fc53d613da9307b7b20e74a50138c1cd09fb6c7786e684cbd41cb574c0962c,false
0x8a9749e7256465274691dd4dc1bb3c18b6418d9ba175fd69c1bea4d8752339ca,true
0x51edffc065382e89239af4c39b37c538d3041c84541aab8821e8ab3f30f9e69e,false
0x56c956f8e029ee6b3225d9919a18c040de3b0db1642ea7325d0961c91243391b,false
0x65a1d3767f57ccb5eadaf8db96265703738d136c51f0bad01f244bfb26ffbc6e,false
0x82ff11b9194839039c4e6aa748c1ab70133e3c85cdc940d1238d4711faa66314,false
0x386d4c381a5656766e45f305cb7ccd1677335739099e175fdebf0b91a1513195,true
0xec2781a377c03a88f2ffc4eece646a17b755399b4edbb1b7fca21729570306fc,false
0x35433880d16a0d41d8d509144f270a048d93bc3979480ae59dad6b07a13a7e7f,true
0xa80696c4c6ef2bc9458e29a41a1111170ec7fa95bc7773a2dd8b8909cb335af7,true
0x7964ac3a7a4034bcf24d1ac8dd7a3d7d0b4bac074c53ef7fe85c74671df4d63a,false
0xb3b19d4dbda019b23ade6f265a265018ebfbd0caa81145ee84be0aac082ae9f6,false
0xe0f044aec78ca4092e1ed7d4132acc2a7cbe55796432730f81e5eb89281aec06,false
0x560007bb7eb62ee6d2e9c6759a128bd8ab8ffce1a0a2e2b037a6e8b013541317,false
0x3c341c4ca68aff6fceceae55802afef90ae2502910f7caf0a2a556fa5f68b0d0,true
0x40c2ab8e9553f08509357728590e0f9078e52777dd90f19b3b5d8f841f7da573,false
0xe53edb3ef66bd650aa22a1ce139d433f2d9f8a7b22c86760dd83de090ad93a81,true
0x8d70124081330d9ac96cfa0b1af90658da4d3b55230b5c0c17992919fed5e137,true
0xe8b41bae9253da36761a5557c2ca4509af4ce343cf4401e538843764d9d1e939,false
0xe2f53186df658bd3e34b51e6a6ac7a1053dbb788253ee15e2540207caa09e257,false
0x7b0b98d474daf1247739221a1ecd88767eab456ba34e4a0122acc908d3c83c92,true
0x34b2d4b6cf4726b0722760049c0138f1adda9835233fc3fbcf245f8997e4cdf2,true
0xd153892d09b1898fe6ac3151db394beb784e70cb806ed7e37a061b544f40045d,true
0x63b5c673fe527940133b0dfb7cddc24b3a2777868fae15a33f3c1315a4178bf6,true
0x8c249a7aba0c22fa62cc0ac6b6ce50edb1851b93fe91ca4a717c189d22959fc1,true
0xd683d7275911056518c49b6b2131ef2cb4a1ce31faa30ad4eb7fbb17955e1632,false
0x2b5d7f6d0b7c941c2f7ad08b2cbbf379bc90870e3fdfa0c29e05e96ccd169674,true
0xab2cde5e009e717677d451b524a74536f8409a7133e998c21c72e609c0d29b1b,false
0x715b64673e7faf0453dd4566d810be3b7715aa89f5a9c155f749591ef9e0c9d0,false
0xb737777125b431bc0f5f02974d1350f50a057eb1832343eb73ab191b3d172271,false
0xee18593a311974285e1465eb8e634d80113e5c3df36845f679e51d6a07ac6497,false
0x9441870ff03bd07187bed864649a04b73851e1de2fbcb6f4a6e8dfc054d29918,false
0xd22ed3ea3efbabd080a9a012067b0af080c524995a4a310424dd40cea23bf229,true
0x4471a6618a513541d826999652d1d3f02ca4b306f2e47d43d8cde534b3f3c036,true
0x07fbcf92e0756fc2c2ea9364337eaf0b3bbe3735b49856dadf9b67b22c26fb70,false
0x2c9d6b52eaacfab8fbe0cc91beba64c707bf02c1eaf0b7856ece5173bf15ed91,true
0x762645fb5d6bbc72f143c098a0da7d731ecef478ef32913a57ed51e88d1695b7,true
0x2f8913ae5046b3871c32c2ebf454e7b11873ba02d0784f47ddd8750796bba5b5,false
0x1a2e8ade175121c9c7b5f9d8a43b638cb70904b9579800f0f7df8ac2c16b67a2,false
0x6657a839bc5f72c762ed129ccf9596bafe34a147be82899af5c4bc01cc1dddfb,true
0x7add9be28facd3758009ed60ae128626eb7dac4da4813c33ee39ad69f95013b0,false
0xfc7ac404d25203675dae3267762f363439d46ba29dacbee40eaba25487e72d05,false
0x9b2691861cf273341c3a285cd1eb515762464424fa3b50f6792cc1abfd527eda,true
0x2978d13782813a0d65838301ac58c303659b66aca70ab3794af886e0e16549b7,true
0x6d5b880f28589020907d24036c111b527a8374902796a730e75701196c461066,false
0x1b97cc7704f39938c3cd2ecbeab9c0d52bafc8277b9f1fc59f16a087d7a1be56,true
0x39bc6caaf8186eb0a17efdcce8e66e33d9f03189153742612cd81f6dab9983ca,true
0x70aecbcf67d6e7cf1852d036d2826c995fdf634d93dcf52e7037b6dd6dcd8a00,false
0xfe4b8080f98f3ef2430e4127bf1769c1dcab98c59fed4bb827151fa9a1291a1c,true
0x4e729f56adf956ed4a19cfa33b87294c5ed472012da771bc67326870a03830fd,true
0x82c89a81f5b35f9afccc17dbcd2862081ab8970bb693b1c5f8f5cfb989a6a2d5,true
0x45a44035f1d6aa9045acb9cf4b5c458148badda2a512e7f3d93fe98752231097,false
0xf5a7b92fc9c02fe883ce841eed7d8666f7aacc2a76113c9cbc912ab90ab15478,false
0xeb76edab7c8d0a8a06f46d308df5d65b436306ed1757a9383ac844d97574510f,false
0x722eccf6ec62a86ef6aa147a50c650b47e1dc905dd22800b10985dfc004353c1,true
0x376e50ad1d6a3f0b36e4cec5db42c573c10f5c66ca01906e9295a7bc9ea8eeb0,true
0xd8a033494d336442fa73e1922269d039bf453aeff9b41214e2757815bea12bab,false
0x43519f46b3af7ef5f31a945df0e18355b93f265b7fadb69dadf74d32eb99615b,true
0x4d56519d183060a9e2728d80dc1009cb3ab2151b2cb6944d205cfe0344539108,false
0x139d6c05e39148f71982e716df60c209085b9c528f620bd532b962b990a8f15a,false
0xf43ee66e110a5cfc108124e3fc502a27c31ae6edd870f435144c65c1a75601b9,true
0x8a32f48a66156de0026acd3651851c892ac351b0379c504fa0b7bc08542a55f0,false
0x1ed820c74a307f43d48e8a10d0e2157228bff6d39a5629206b919f04a6b123d5,true
0x1bd3f46ba59258cb52c3f49ae122b373d0aaad965e10966bc814728695536588,true
0xe23f739fa68adb49d077d472f54aa5859fa74c7e3e308525c030c1bc39ffea24,false
0x9dc934fe3392af2d9d6468064388cbdc27e00c7462c82b555e1f9383b0081276,false
0xc4b1101a630642cb4500c18d3bb91163b18ada108f4146327d7903f4a893fe0f,true
0x256fcca7d54114d6e8a98bcb0d9dd104ed851d996dc37a507224491dde8b0268,false
0x68a1c047aa1c6b071ef8d92a1a80fa26d945ced31fb1ecd3730cc905b63acd7b,false
0x494b9e79319c5595cfb5c06a69a8116e7be9621f754ca7590f60707cd03e03ec,false
0xc0c5547c0e73aa4433d294fc98616e7760b4fdb8db2fcb4c568edf38a43d5d16,false
0x01866ae5ac1c009bddd21e5bda7f8326f815a92f80f9d5f4d85d6ec3400cb684,false
0xe186c57bedccbe7cff03d122d64a328492bf664f21e525afe0f22b9ac2ecb401,true
0x784ad2d12d6fb7fab0b970effe476bf8e71e8aa015206d1857dc13b0173c4533,false
0x6fa25d1626fbbfa378eb0dac9f14b302b71ad1bd088b52d02d4a964438ed708e,true
0x5dcc0699c2284c9233ae3d46dfec4985225329f0685c310ea54bb6a276897310,false
0xcc21ef7326f8a817edbd84a1b8b6def0d14400325184c0b3aa13b7732f56951d,true
0x0cf11608da7c4e92c2e78a9ab0a590993fdd1104af5980ab55533c66e9f05241,true
0x5a9ccbfcbe83ac35440d9d022c540d0bad7a5df80bbb5ae5ef7be128105c63c4,false
0x6a5775f492f3b5fc1142dd438570fa4be6c356b88316ea705836900b3ab0e4d4,true
0xa0675f2748da5b5f9d2fd61635fd30e8877bf7e9a4501fde63fb58341ba06c27,false
0xd7b7df53e39101fa7429b826997d4c419d6053b88641d82595eb90c0d45dde45,false
0xc2e01915c8e90dbd9bb303797aa4a3277a3f32e08594936649428e9db252345b,false
0xc38e5822f0b906e8cb5efd0db80af1d37f4cc392edb8272770d96736e97e000c,true
0xc5ab51b7f11b72359678654d5a71b99837e4497e66bfe58de9016db583c470a7,false
0x19d3de4d77d716b7ce1056cf92f2eb6210d801c7c4a95bbb130bc882e024c398,true
0xee3a209231269c2e369a7861ab369d2582e7a826bba67df39858a5e22ecc67e9,true
0xd3511adf8766971ccffadb7d4d4f3723b71cf00f010b9012faa0693cfd0fdf74,true
0x47ef7d5165354469bd5d6fb762d1a611c4c5a9e8ac7d6451f643e19190e30820,false
0xa6d17b8462a84499d80aee2d3ee393d27f5399b170f9fadcaa90f54a6acfeb42,true
0x2fec3feb0267b21de418e52f63c50d1e4a429f21ef2df8ec0bb2da440a7c9e99,false
0xb9dd984612b4708b92f71c2eec15e72a011f9c81ce27f2b7b382a4f6f6ba8bf9,true
0xafa0c0a5caf9fd95247e3249c54eb25695d66a9cedb5c938f670320792c7d3dd,false
0x5f48587fbbe8dc9fcd2a663d1c6da3aa85e00e74a86a98414a2a4dd8cf5962b4,true
0x0820de9606385302cd0ab61793380afca08469af6be33738a70a918857d10c68,false
0x2fdf4100b2fca84344bc8d5cc12d28578ee47fea95c4df6f2e01ac80f7b45ed7,true
0x0069ae6edd45551be45752c97c27f00b3e4dc3c56b58ab4b42f508d94776a102,false
0x63898e7fce90cbf61e28aa8b4c98d1e0cea6114ffe6d1e20bc730c6eab498733,false
0x749a7485e39b75fe27e6c76d5978eb654cffe536077a13ba7377404c397ab2fa,false
0x296777f0a78f28de055d7046ff1ce17722c57f9f429d840e1ea25b13a5c77003,true
0x73ddca65ccd1d431a51b782373eb38c35dd54d09805f0d1490edd2db183354ed,true
0x56ca2c9c4f03169a005cb8597d71cf0f4c8a91d5879e36a39fa8e8696a3c7a47,false
0x65f39484c7f646e2e5cabee4dad8bf30394666179ee032bd48bdc32b21823347,true
0x37db75e402f3b9405e47249cfb47c46b343891e9a27fbe62d900f86ee676b1a4,true
0xd1bdeed4e6d4fe1213c0bbd06d1f3e40e09f36ff2fc7397ea1bbecf1ab7a7d5f,false
0x308b9e4577be21ac39ebc5e938672dc4eaf4f26096c750866b8cfaf33ece10bf,false
0x505ab6575b63af7a6b1acd44611f9276b130846f573cc80580b441f61a1af4ac,true
0xe66434334ae8ca7206acf1dc1901ba6c2de774827dec44d72d7fe27b324a8654,false
0x431a645aeaf97271ec2616072db387b57693adaf2196058e96ce4dbf94184bf7,false
0x7c421eed31e01df5680a0ae9f974adeea02a36f1eb27cb03ad6d25d278bfa2a3,true
0x1dd047251613a9383d844a93995265d586b30a36b53f010138de4858f211a705,false
0xe7f5546508d1d99b04fc5b03345ddb8e8ea92c5a518dc9ab8cf8cc8a41cdcecd,true
0x3773d7c36e218d75d1828263933f9349e6b53c872b78b7ea5fc2dce0f0a72202,true
0x7567442b8620f11d6ff94f5ec8bca2209e31bb4e5964d8254377bd84f7ffe72f,false
0x1dc8938b7822911e41240003fa202fea9a053100e30b5dc38cc3b8be455a9ca6,true
0x2181b375583e2bc54d24eab570f1f175e1a8d3e0349524875f0d7346d218f294,false
0x84aad9514a8f0868d289624d5828207519060ae5f99ead9a151bec45983defa0,true
0xf8316cb647675bf3a71593922a91620632861935e2401ee833841311c3a84d17,false
0x455761224ddee783c9dac667cae914deb28d4e57dc5f67a0ff85da525f284b27,false
0xbebc9e10b0efc3cdd102df39a94d59688b4d134e7657ed6097e58bbbef79b6d4,false
0xca7cc57f64cfb637efaee1e7f7d739ca130a5433b3d82aa7072c848b16f4e39e,false
0xe90d07051a6349307cf8147b0d204dcc917990c2ae6c4527b1e52dc7ad39675e,false
0x85af8b7dbc174906fb19bcc568bf8d30ca35f287c609d73103c97fa0d075a361,true
0xc4dcca50a5e5ae0200622d6757d7c8a65a458350e06e8cc7edb1a0ccaaff5d4d,false
0xb0d61b90c37a04a66f15de65b2e6abd98bfab9161fd21873e0bea3c83f142594,true
0x3db53c18e4ab0462aac587340054c27a1d24d0962c7995625ca531ef2f3c3d32,false
0xcaa30302fabb4c2e73eabe18a7c29ae58828ba810b6e2cdda399572eea98e309,true
0x9e01aaddb459e403fe7803dbcb5ea43c56d96e5190e35fdc7c89d8e2c36908e4,false
0xf484a33c346ac17eedbeedb47624845e7fc0270dd42f207491f06e7856f07b3a,true
0xe399ec54ab7131691850bfc4d2f2566b62d839715677f390e3b653a619f48301,true
0xb722dcf121ea076349148bd51f55cf8c9664ae9fb6b44dc96dc292011beb7613,false
0x316b5de6759b9d005ab0e52b6ecc64a4eaa26d3aa18d55510003cf309f43491a,false
0xdadf6ee99eb54c65501348fe3b8d2cfbacd416e384349fb359cc1c0aaf01b592,false
0x19c3ff0a4d4b50e4373999e40d97b6c63c1421b1c8c023ad1e2777ea253b60a2,true
0xc563564dc0c635a1fdb3b03a39da7608bff761a940ecb149b91dd30ab0eefd0c,true
0x9df5ff6494d10e518431d6a507d5baebc130ec968355bb3bbad6e731b40fd74f,true
0x9f5f24548f9cb9292c9224bdd1173212f741cf5f4878aec43eff84b1ffae8c88,true
0x96246c8b82a7c10f82dc68307155178ebff8488d5e0d3de22b5d6d6dfb718e59,false
0x412d405b16fa5ec3a1bbd4d4bcc0a91412a71fc2c86df2ab9b6a2e5fe9b90bd4,true
0xa78528d7d65b9b2413e20b73c5d2951fc9714f7da2e9581401d28066958d58ba,true
0x99a3cff27873976f1e4ab3ada59a20a1a914ee4b4d501ba2a190b2b678a89fba,true
0x4ca2a90feb9f1077e725eec9e83ef2d2677b887fbb8586c056f40b2cb8e77193,false
0x18ad17138ba8ae142933c53d74687cb88cd3db57bd18cbdc7818dd4e7d300bb9,false
0xba388389c37bc6e84253b718a39dee3eba0d6ddc9909788f30563326234eef5e,false
0x7a40ffecd8c2cd940a36116ffd3b75014fac6a3881546b056140d9390e550ae5,true
0x7e786e5a943061b8849fc496a6fcac764233dc010eb600208b1704a01da87c83,true
0x4729a22b9ffe50596b04b33c493f1a73cbb45df57c2defb0159326f58ce2e363,true
0x9028758b3a8200a675625363f71d20e4a861e8a43c82aa3015e673da276936ad,false
0x308edc2746509a8d40fa7d76a1e8a7aac7d6e71d96244fe5c82850f5f1b0889b,true
0x4334fa53fa28626823cb7b3c915524d5300e39bcdf9d5474cccf52366d860fcf,true
0xf025b4ad8d8dfbdb322d4c12f09b17bd624e127ffd2e7220164b90b99288ff3b,false
0xc93e16fdf52216ff8acf701d57c38f73a8d275ced441ae8c3ef56f45d38f1e7c,true
0x7041b71cf2b8ee27e48c7de2b789a3b7b08cc99e35b2e22d6118bafbd3ae2ec5,false
0xdaa6e9fb695747e743ebdc609a7f5e0133dcc2b2d861be5a920dee1725afa325,true
0x9e1a138ad19373fdaadfdac8e571f1a95c40b5fd0738f87480d603797fb8ae5c,true
0xd7e5031fa4dce231627f313331d249fe45925de0a5f4a39ec6e67f00060d0a84,false
0xd3c4d0ee196d902b7ca0f3b2247fb4d8cf7afffd991c2e209f9db3dfddb847e7,true
0x923392b1de98d7106ac151a7ddac9fc6185596ff3ae0ff124cee6f3ef3b005ab,false
0x76a0e29c2c0e1bd01b2fcf04be6408f68a1aa7fbea9947ea7da7e39a0852f501,false
0x57f8abf946aac4b7ba1f9d83f18ed6fcebc03700d3d176812fb787b3f1b37842,false
0x42d9aadb0591ef7c6e22e5fb86aa17d23ee2b57e5fa79eefbbbdf190607def8b,true
0x1d14a9604251b254486f83fe94b471af35070383d6fc2c7ae5906a4074b73e43,true
0x8a90b6132d3807fd596f78c369b806c5cd4ec8eba017e776c5fb2e724001d946,true
0x97723fd449883cf89fda70439d8ddfac2dbf3c4fcbd0886625ebe7f90b819397,false
0x3d7cccc8cd58b13b1c31b676a439091655eccca7b4310168214bafe05c566245,false
0x0c2065632c33532fa5477e29e8bda15937042d0d92aa60c57379f0e61f15d39d,false
0xb8958f76d756b8441227bef77708fb5b8d24f22a343e05e3d1458ca001dd1e26,false
0x9b8ae23377683db021eb082d0ad79fd41d33a884311c8e0eb272b3206d2adc9c,false
0x861bf5eaa713cd68753146a15ef24a7ebd4ef442e10772a0dd94a47fa49ba220,true
0x8dc36155802b42ef072675cad324bf8d50c6ef0c4c1f616c9c4058a540498fee,false
0x96af2ed7fdf7294271cf70164497a61a8520a2c1cd2c9dd0e78538316aa23d95,false
0xab2bb53fa546701b5fba762848070964fcf261acefd36aabe569cc76799eb955,true
0x3061ca82f48549dcbf18bab81926ff24c0b92b3b7a4f438286054144a144e40f,true
0x55f1cf216e462afd2f5b25ad4b91d495fcdb9cb4658db7201c1fd6ab383cb48e,true
0xdf4cc0dd7ca40a44b16ca996fc37347eed1e4091f35e7bfc73aaf4bad1f73cb0,true
0xa52372c8e95e81f3ea775276c40f87b77b15e10d4d0988a9448d63e09e72d7a2,false
0xe480080ca31203f11138c131e7fcd536ed300c97f904675b744ddccaecaebe3a,true
0x2ad36675e46634c188f9a1044a274b75a711311e480322905f6e83d3039c8915,false
0xea6538f901b2cac51b2b094a718f10b85f486fb55b63341e64add5f4b5de8d41,false
0x794120408628589ace79e5dbcb6b08fa15d82531c076800e49ad397a4a630de8,false
0x053eb13c3e7891353f486dd8cbb3fdaecd7f2974a63e4265b381dc4ed7b29be7,true
0x1bdc5c1e094bf757a18a7ad2bf5da9a74d0ef811577019122f877a19ee7168b6,true
0x4ffbb7455541f84fcd3c44b8753191e727f3ad6b4d87fb7cd6063aae3b8737f7,false
0x6e7850ef000da32f8b2433750677da27682d4169547bf3db7a22a92ce42450c7,true
0xaa3d9b85a0b85cff0e1bb9c0fed4ec8fa665a7f8252d4087c04eb6c8fddfe09e,true
0xe33ff1f35511691411fb8835bbfd200e2be63f71974b2d687c9673a8694e90ce,false
0x059c044ea03447ac02d54a6ffbb12513f5390fac2ec697623c58dcd91947b73e,false
0x65c232e21416ef8665c85227b3a0fb7ebba758453fead752c814e492b56f354e,true
0x25e4ed5431c8982a6068127eb2a1a5a4051a0945d6fde364d62fce95d6b2d1cb,false
0x071faf7be575ee28f80b8d8bc24432f40a7bfb1d96bf2eea4b68948939df215a,true
0x9849d34f869fcb6155ecbf67033bc86ca7ac18b099cc7802f71c2abdfa1de1e7,true
0x81953bfcab55588ebd924450ae32fda03cb99bd2bca61cf5c1fffd0991b85875,false
0x9cbc6a87a2b88a7ddc2f8ab07d03da43a9981f8a566e615851d2ab76a87fadd9,false
0x8e6f4c5221e9e6f367d3fdfd6f1865c767f2e9a30e26f98133115a48bfddf58b,false
0xba47c7ee941fbde3bdfd62ef3b9399ab3084597a3ba73c0089a0d1aeef4f5b49,false
0xa1c0ec2c869a0efd447aab2d21bb21ca4d5efa087eb2e8b10b13efebe5845dd3,false
0x9e7780a8d1166a83167c18f39d7ced9905c78471cedb5ffeec5667c884a74eaf,true
0x8a60a63e4ac6bd220e53fb0e2eb70fe1b93557be9f83b25b6f0a2b8dfd3c130a,false
0x22c2820abc3e8e5470e5d99ae9a397ac476c3314c1e43614acccc5ababba326f,true
0xad632ee7f28126781aff41e319f79b8cec4225ea145b0233d1c3af702ba51c33,false
0x0c95c3c0ca5b06747481291471cdff966cb7609e65ee23fe7c5d22f3f9fe9519,true
0xf361406229b7229370db2f8fddb847451de4537fbf69bfc8a7a30737e6309ca5,false
0x54928da8135448e57c9fb42eb7c7566ccc784d5ebea54e8db2cd5e33576e9d2a,false
0x58be74fa3089ed38b2ac6027a66fcc6d8ad067ed75e437823ee5a18ea1568c50,true
0x1d0a40e5f64fda06a03fb7a7578afac9b0f006209a8ebf020d7a7ec529b53166,true
0x84221c184ba4b8bfe84068cf7e55f05971536241f1f82d259ca75f2ea50ab38f,true
0xa4b85485a4d5eec79d3a8a7ae40b7cd3f50453b048c2f983081104fe2516d9a6,false
0x54775b516170392bfe98c7a1266f0acbe4a725003db91e83fa9b8dffaf26977c,false
0xf7c5101abdd01569fdbc7912def086711b492f2341690f3f2e12da7fc4a29e34,false
0x06711a028976308d625a90819619fa7113e714fc71e812efc65edc9072ccad0d,false
0x532bda63ea1550a94e1620f6251d3757a1b7fd0369f2284621ce4e8c2a9a876f,true
0x83359cdcacc4404808ea340dac683651f935cb41bffe01708f7a39d59fcb20db,true
0x2bee6382822bcbad0ec8978fe0ef965e14c5af53231d4032c59d718a32036900,false
0x18726ef1dd6d1f2196effaeab4bef4194a6ea10230094e7a902224d67fd6a457,false
0x2b45aabdfc037a15c3c05615a8b0fa4dbb4c354fff4278efde791b9b68d7503c,true
0xdad71eba9a0c7eb47871115ed7298ebbd5219da0b8ec32680df3a248f2b4cd95,true
0xea468a4c376d0c9e4c6c045ff7459a0436030d35729ca83ba819e00efa6ce47b,false
0x9e0fc6e540323ef2f620e6bd1d239a5e1f90f66387a35e42a727803838f9c3d3,false
0x184fc67fd3fc76d0149edb782a7b6da06fd27d198f28e1c12fc92e433e81db01,false
0xb753420dfe620d1b569c6e60f6dfbf926ac66dec71f635686551e785e34b7a59,true
0x694ec2466f84c1c75e5a2d462f940d231fe62ea8544780a79394f18581d1c687,false
0xeb4f8d246bb2f333549388766796fd7e5a15b0d86d08697bbb6399f508f79f6c,false
0xa56c5e02eb772702f5b190aef483b8cfe1057e1c15b71ddad760208b9e25b711,true
0x05de4e1e4f471fcd6cd7166e1433980b6b6efcf65f5dd515ea2020ddca9c219f,false
0x135e71298b81c46d26e59ca004d48b7235729bfa1ae48ad03dbf8c7874a1420f,true
0xa4db629911aeb0f886f963717bc0d90ec53611a31b769d29cb8221dc794bdb7f,true
0xe8c7c8ae1e6b72f8e11e7152282d6f1f6fc5cbcd64e363279690e2d2c1356762,false
0xa92b5c7d41650eb5175f2996916bd1a6733e172b55f1ee5aa298374b2e4b5411,true
0xddd318ff620a089f3bd2b6c8d8b07d456f022c52a8dc9086472fc0a11e72d6cb,true
0xabfe2b4a1b6290412a9eee6a290ca7a1f102c5cd6fb748ddf1190c5a2e814e32,false
0xa53e28abb04463ffc3866f1e17d4810dfee0b1872c558870c1c1b748fb754b25,false
0xd8d836744de646380364c90db59835b243a4bc86c6162ed29049b18a0ebf1784,false
0xa3650583a98c9343a55a207ddcaca458016d072cb965977bed36ccbbd2f50de3,true
0x2112b2b804ccb532f2bfcbbcda5bdf80efe5c1c2046f24c0b08d75092cec5953,false
0x8cf9ae43f42267157ce2e414a571be5c8f846657161d026f27d73c2e5f97c9dc,false
0xcacb03c111d002b6c4b8a76188521a0ce6700af0646170d33472ad5adcd28f29,true
0x702d606d2d8ed6d566db5ff26fc6fe246dd5592752fe535f46013100ed9375b0,false
0x7ad8edfec30c1e1928164e5226a100421bbb8a1e3276bd5736cc66c14535b13c,true
0x01d854e8bbb298a36b07bae28c1d40aa6baeaf56aa9e6620319a41afb829f16f,true
0x76a89eb336fa27777b2af6818209b9810868d8b5cc387bef2b641d84215952da,true
0x5e0035e0641abd88d1dd4b229129531a7ab463b5e9e2bef1397baacabf7996ae,false
0xf42a5ea77be454ab23b38505099bcb4dc5f988b260b2bf0d46dd5e4a9b241f72,false
0x53418ab1da4b7406a02c9bf7807ffafaf862241cc219a956eeeeaa896e71e1ca,true
0x2242aa1995336b8516b9ae459f97fad7556d123f82b666319c1c8dca16da0def,true
0xa7f9300cd6aabe7301ff0017ba972a8d44d815e7263afded45eba52ef4c80cc0,true
0x86b3ba5185fdb0322db8b5bc98b4b12b80b2e532efa52f0cfb9495097e8b2d28,false
0x2d9c2b951bec8c33958e7324856fa7061a2bc21b0324b3944546cf7abf315aac,true
0xece4c9f8d61995a7d1e8e4ba91d138d05311bbe1911a6d9a508105f3a339e037,true
0x9535519cf30ff14375271d77b2c13b063af6d48761aff0b14be1754331a6d0fc,false
0x7e83401ded09f00be0e74aed96ee48120396df74749e71e4f0b4d0255b72ad2c,false
0x508faec7adf14b057d36e1b92b9dd9d5a51881e0a63b859753bf06f3846f71f8,false
0xef6fe342c6c41f4eb6cc6f97ee187d8ebcccac2a1a76fccf3481c236def74657,false
0xd43de9a64c9684e545714a2298b6f777dcc2b58033a8a9dc2e7bbba73e88a315,true
0x4bf364638bbc989c353b7b4de6e355e4d87d859b0f20b67263e663728ba60aab,false
0x409816d5571fa1fcc5527dbebcf32d033e932b74e446186d2c90fdafca3b984d,true
0x7a860ef40486b6bc03059c019ae4dc08cb51e8e333078366df813df1b8481bca,true
0x53d4c71b4723a2eb4ea8957c025822dc18f2f6ffaed0b02074ee7fe6ac0cf110,false
0x60ddda56db91b58bdf31e0d5edf08cdbffe954c0c1362e9ce165a108ab1e86dc,true
0xfbab26417fa687c350460836ec9bb89d7ea10fbb49e7119c230a08ea4cbb4acb,true
0x15a90f748f47b48e88ad97c56daa866fb4d967f9a3e94b7b9ac86184709c5596,true
0x5349d8564a1ef6c5f839ec7ec1351cd293eb333bfb58008dbcddb014d99942c1,true
0x63ce9ab177b582684159ff894da2d7143caa7a36a16497714ab676f1125616de,false
0xd22d30a8644b0d73f60638636b2d18359f15e342c24734d56d349d67e40ca254,false
0xf213e76ecae5352e343331f3346a0c63d66379042a809cf48d24fc923afa5e21,true
0xac27a83e70c4b9518fd93fde3003b4e2c066b014fc3591c1e874abd62c1b1bc1,true
0xa310ff19dad0b9e9b9da5e0c3b5e9a39259f37544301fe2b7d75aa6adac76604,true
0x7d4d9d5b25c9820245b0df7768e06d35e6f849cb16a454375e1e5e0f88206cbf,true
0xb7d5ec4a114c80c2728f5d7615856eef0b16ebcb574fa5986f3d5d2ee6ad542d,false
0x5cdb4769774052895f7bbeaa050392697ca414ba60288f95248b2a2a07e3ab51,false
0xb0cd09d6a64f6ac6317ce01af7373030f758131d9b3c6613be8201aed7daf107,false
0x1b71896a98e087497a7725f94fc3fe76efac01ae5c67a6a860e7ebc0f1330b2b,true
0x84136b3b9c32cd829cf34e149564d6db0245a9d3dba976a02bb9272847529921,false
0xdaa7e4d5bfa473de1571bb4a52ed49df3138f3885ea68226ae4c404f8d228b25,true
0xf012f2601679dd00eec1f13e9fa21a21f6d56a76a86d30510ae538026496ace2,true
0xa75dcef56f89c6a5b485f5aa8da6baad7e4612c53574f6d681711da506f828b4,true
0x8118d6cb793a79f1723f50706c431a89ba9d7eb9b4026a24e732c542e26d0e71,false
0xf137e4639e7cffaf956aceab696a6c55fd526aa0fa88f64125f6551c325b7d32,true
0xe0217c9c68e6fa0409ce275ce3a661fd31fb4b81675e329f428c29f8ec10732f,true
0x7eb84ec5e83c4c7ffd8c6de07e37179ee881f39682616a4bd365020ddc2dddd1,false
0xbcc8164802d2d9ba50dfbb19f9a25ab6a057e9784bf0c4ce3f5f907980b59b53,true
0x1c3a8ce1bed3b68151978e08c021b7ea213475d9355f6e97d4970cff04dfc896,true
0xaf3d26b02497f6cc1d4b7fabc673c3fd83fae8f991f4781578986e84ff90a059,false
0xfb548aa549d458804c8fa2460139cc6a3e770e2ff2d6032759ea3c487a759ea4,false
0xd9f134c19c19d7bc5d34c5a41ca4548f4e11fd8a5af97d5f5bcbda4f146421e5,false
0x60aa7765e73b755a9c3401b20cedaaa80aecda6aa3c6eb8f83b31037987415fa,false
0xc320608c38c8b7efd6255bc81ab26945c6b7ce13b90f3d4d2dfd7cd9a6a475d9,true
0x6683087b5c2dbb20031e19bea3ff22961c61957d78ca71060193f87b275a1d1e,false
0x92c72d2decba172d27a6652393223e91d6b83a57411a214395ee8b8c18ba87cd,false
0xe4bf2707961c52f8a2dd65db5b72567fc4a9221e7e0a9e950ddbc7e657d262cc,false
0x8f0e5f527886e44e8edc0c80ba01c54651585aa37535b2bcd30dbf88edb7ed27,false
0x39e8cc42157c1f809b06447b49ada31a7066998b7f60044a71d08428c32fa016,true
0x5f991b4637822ce1223a20836548e1f690cee4fc4954fcd7cbb50d975b8d8165,true
0xfcefc0203d3e1d4ceb1093d8dd1147f949dc83d6684d1d2b476a750259aa92dd,false
0xb2fe9d0d696cbcec1d0209c8a9addc6c01fa8f9e3740a891529889458523d65e,true
0x79615933f7c6c16bed1e5bffeb72fb26ef8ae9f06fab57cc2cb66c1e04d212c8,false
0xc3bfbe3cbbcc91c298f83262a134f081e76f9100921639c272139b50db6e466e,false
0xa74a8bc4a40392c6691657f0cb51baa3aa21b4536273f566e13653e0af9fb614,true
0xd53b5f3793a356bab430bc39f1c0af7278284fc30da1aea9195552e6a5ff6073,false
0x98673dbad16f990d3ef3bfb89917b742253b876992237e0cca8fcf96f5041a99,true
0x85fccd637b08cfea89f88e7ebd232fe2b54ae91ce328bb6a3ac554447c4b67e3,false
0x189767d723d26231874306528129c8522173823ed92b28f83444cb13c151487d,false
0x135bbb21b1e322c674a353b7a6775bb35daa102c989ecfded1fc304e22fa0a35,false
0xd0e519331e5124d8db0ecb3fdf5efe222fdea2fa173bdd16a53e21abf79a14a1,false
0xc93c97da6f66eaf57d62110e63c63408a1529daa35f3f9efa4ff7cd2af091ffb,false
0x6b3a3b6c3523d1681aa89d8b72fc462b8b4603a876d8d9ca4874420de990ec18,true
0x985b95e2e78bb8313a1df02f5d58c46e0b976b2f5e3b8dce93419149ffc63611,true
0xfb23e1cb3a78f3276f436c0196bca70bbb312f90236a2acade0bdd65193d548e,true
0xbeae823c028439a6d7c44303b4e46f71b404d9396ce69f953e239af8248f00d5,false
0xf64dfeea0a28a18941113352298664b3d5cf6e6abb85f3d611f5ea3758e4dabd,true
0x836f27e66825d1a4715df63e19de29dcdca691eff0b15c668545fe0414b97bf6,false
0xb8572068fba97dd60533ddf006d858d673c202d5d5962094d28755721873b4db,false
0x75ed146c1d856a89f297c51092f38f47af541c7ebb2afccb5ae7c7909d1bb9cb,true
0xda67a5074090ae85706b5f4e72ae5d25cdbb744185046314278b87fc2c0e413a,true
0x34a11085c4c52bc441aabb748c6f52279b6824db4b93744654515049b9eed0f4,false
0x4fe9ea88b18796f90bbd6aef24449cefa3b8da7cd972afeef97890bc0c5140c5,true
0xa6825fabf78d41045f7cc0274cc6b3eff10d2ed37c73a7f61ad445c155470e3e,false
0x8a5010e812164f3b9dd1e6236ce78e2370fa93861ea221d6c56a37f4f52ca29f,true
0x826deb5aca2fd789ff25f6b7fc512fa2e9f14dc04c63173e85bdef5884405598,true
0xc2afba50b0ff27f412e9d26015e0894a03fed8bc5f07a78b7dd235396a6022f0,false
0xd93ffdc9d024bcd9394626342ba6ee53e96cd807fd03a4b568b7c214d9c4958d,true
0xfe8b54d1b5626f31bd2fca5de67a6af98a09021a6e0f77ee6cfacbc4f0ef1411,true
0x5b66e6f49cc94b5bf02cf3319e2850e78085922d1e21d5aad96de441f069969c,false
0x7a2020626fa3fdaa3b9b350b3af069d9ed6b6671a3a7ffaf780e67041c6a365b,false
0x04bf26c15530df47e2f7aaec2aff3c2991afdffd7d74fb0e4549b29a65d28e30,false
0xf0cfd3efd42696107b04a7d5474ceb0c9664dafcf71c828c99440e18ab2580bb,true
0xaaf6208415bfed2d62e66f30dc9c78268c5bd523cd815582a75c1e8d642c2beb,true
0x874af1b300c1cc215cef351488c3307204f55c9b129bad0a59f1ed7a65b94441,false
0x73b512f34e3a3e2611dd7f56ee84027209a5778a875833e777792b36d4bb6aed,false
0x93aaf04b517751d4847458e14e250d5cb31ecd74ae56487b6fe7d30ba9bb8979,true
0x1e46de4e4cae1900f05e6e210792f41ca8d92e82dc76e9de265f8f45f5f36bc8,false
0x59a6d3c7903beeb8920ccd1298e0193c960ab03718a309170e8051775dd5d996,false
0xc3d9f1c3014bf0a8af7f49fe0fdca9efe93d4fa43d3de0c719bb6bb258a209e1,true
0x30d7398ed24b457d44562d6449111f3b14fcced62e7aa4b17458f8baf87eb0ff,true
0xea081ae90ca68983cf61e0ad1ccec04ab8d06de10ec64c6414297c972767bb89,false
0xa4150fba9870e50be9651d976f679334d8685aa71a7bc8c1ca36abd496e2c6f0,false
0xfb3269552776b2ebfb6964c3dbcda9389faf326ca19f57d9c90c4da2adfca203,false
0xf3a6195246fab02b191349323762fed8a2cd0bb57e52fbced33f7dd7f2237eb1,false
0x05254d875732f18178ca75449dc6adaacd88bd69ac8323810bf90b9fac74a36c,true
0x8f71be726f8866565e72e31c516baee5defe672a904c0a759c53d031a838657a,true
0x358f6f576058b60a0c5b6e6f7c513e2064a8fd6092020eb13e61d3d16069728f,false
0x43cfdcadf8cb9427ab34c9f6bb6cc00563e32f42d8074fe7ce42ebe6a0b3c6d4,true
0x64646188af9434013096a80a4b7fa8dd6aff8f69bfd349d886b9d5f095f8b070,true
0x033328c5bb518573df8266c50ef62cbb8b15427bcd69b13954e53b6c070f70a5,false
0xa2c3dcaef82f7735b5a1ac171caec38bdc7b482db6538ef35ab24a89f99fc7c2,true
0xb3759147b3b5350603ff3edc5a28e3bb2db1156ca6dd6bd01f5c35f1493ee5c7,true
0x534a2e1cb69846fbc0cdf4012168be81051b5aeeb881bcf67ef9ed76347d37be,true
0xe9bb456149e5969acbfc2bb471bedfd74f27ee32ea690be86948f06063eb67e9,false
0x3506ee3b928a5922f1fd457cf7b04b689c3582218d91301eb78384dd4050126d,false
0xfd81887b3c960a92e85b230081247fdf619d989f8ed3617e5a44cd53d61f02cc,false
0x68718706d8f3bdf977f2d47190fdf70330208a1cfb138ceb8a5543191a8fbcd1,true
0x92a04daf906d53f20ff482251f7da377d7fae22ac120dd1843245bf70465279b,false
0x5f598399c334a83557b787938d754fb9f2a83c2bc74d9e33b5a1061cac6bcf7f,false
0xd5262c66814a4cf20e3980ba05dc42faf8bda8503759b719250cd829ede8daa6,false
0xbc38e32e11e1b5dec1c1ef8f131b542c78d8ec1c4650201bc9a11d619598e57f,false
0xb72506a9ac3e9d53054d7273e50dff2de3681ce9c98d53278f1a3430c1d8e664,true
0x499a2316251c801d70809cd41291dc1b9694c38a6217225374deaaee720583ac,true
0x71181c828423cb13ce0a9fcd6c2e3b746104dc041defefa0c5ededff2bd8ba1e,true
0x889629abc49150f43aa3cef7ee3ef37172b5dc7fd4c2ae19f52faa7f0d32e67c,false
0x3dd92b74075da5892c4f559059c294f520dbe1175bb6c3c643c5efc40b18461c,false
0x71f4424676330683f67e4ed7dcb356beebd638df4fba270136c416f6d7e39c26,false
0x9f5361f8191f9de4bf3a87d36a1d2a6119bbea78e61c2b91a1e07c9758492a38,true
0xd3802a8105d64f97c8077079ab36a9ec39755090f2abc6614c308cede4ab5165,false
0x3fe7fc1db9a6cdf10284c32bdea74c81d290a09e6253e8805377a1a023e89c0f,false
0x1a00c6eb43e5d0c4c5f49e78f91021640f1b3b41f286341af1fc54c8c9180c44,false
0x4348ed854763c482af62ecdcd7193c8e2a75185f250032546ba548986643c73d,true
0x51032fa9d4208d458c44c70d69133a93ef0bfe259044c0ceb7064ca884c97833,false
0x89ab5f529e1d8ef93ed3f20871cd24535724807e81660346c7fd3ef0a06d4dad,true
0xe835302bcc6b14599203f5728fb27ea349b7ec4b78b75a8ff96c692732ffab5c,false
0x0835ddfbb5e73a6d8263304cbe0318d46eb3ee868230e8a29197eb320b9f07c9,false
0x9a023ecdba77a4c33eabc06f11cf174ce2c40efa8ca690918ed0c1b9efd40b99,true
0x804f279dfa5643a9940252947c0da34b5fa14a9fe5fa8f972e9a53f05ce75c7a,false
0x6dacb77b83b942d493d3e96b6bb67787730103588f76504ae737debfbd5f4891,true
0xb8c3a6bfd27d862735c4722b74871e0833dd560d10fc0fa6a9e9a55b952a4003,false
0xbe6291dfd3e282a69fd0fb8fd15ee185348621f8b56fc20809f829828409b5e5,true
0x76966b6b4077346fbf768c969fb10228f3d8a556e40130fdecd1ef7678802e4e,false
0x489f20e5a35e0759ca6133fc52c9b29989a57e67a43e0c339882df2fe88c00b1,true
0x2e7976c921b2b9e3b3d2bab05ef1ffa1b56a8f08de633bea99faae656896f9a7,true
0x2e6aa53292c3ab5fb7311ee1e4b34af3fd7d64d7dd9750f316447d6a3dcd02cd,true
0x8a2c106597e86d6a4a1c14d45da6fdc0d0e60103b3fad8f824fa0ca6f031f9e9,true
0xec465129b9ca2979ea3ea25b301f1eb9369fdfb25d3126c5f9f4f74eb5d5fe6c,true
0xd1bf5def1d97c70d4fe4736ca7eda2f197547d7afcb71d3d196850a3accb898e,true
0x0da9fe0cb29df194c701c0d03c71023702e22540a8f851c481ee3e55fda7f266,true
0x625d7ccdeb6262f70b3d1654db33fd0b9483f9e9f71b9b7e6020e7e0f7fae846,true
0xa65b4d612295cb2d9966361fae61a7b3cf7567c0205260d183e821095751ec2c,false
0x30918b59e19b718d7535cddbe2380cb32a93e05baa5f8682dc134464a6c6ce73,false
0x22aef2ff9c5a706078ca31fe4dba57ca7fce7192151f60cb03c138406acc32f2,true
0x2a390bc0accce92a91b980c789fd58bf7653172d9ff63c0ff435b892f0b80490,false
0xfd92e59b8f1a34b33ecd45d5b2e4119a74ae18e23f058c8bede9bdbd1c256bf2,true
0x1eb487062818be9bf5c045f5b8c9dccd45efe2a0782983202b0e839592b26758,true
0x33a2ffbe55aa62ba264de0032e0735af37e71bffc3007c513b00dced6e264b5b,false
0x5d0ad145f8854b3fa093568ea08d1c91c6df18b4538f29a181188132b3acdd47,false
0xb3f7115ed7a743e7d49117bda93ba0e49cf6aee98d061b7827781c8285e2d7b7,false
0x8339ff28e4d0d61c2ef07ed3e07e39b122ce658150c337c55599b6425bfe5685,false
0xb9d9ae5331cdfee932d709455b1398cf91462e4d4341b8f44dbe371749af4a98,true
0x38d9ddf4f175cd348883a16af9faf7e83bef4a7c1230be0a3fcf858565a61cd1,false
0xe9844981b92b1e80f22d6e8116d30ac7908bfad802db5b0358b52d2b790efceb,true
0x89428f059830ca659cf604ef34a1efea75f8c7d456fafb17d986ee2f5871e8e7,false
0x412781f54cc560af7bb0d589e5e11ca94993181ed5d6517f3e27002180c743ea,true
0x670cd08cf5a2e500785c0f3007d83744262e1ef8e580f2d83ba778f44948da48,true
0x95bb1f8dcdc1e9500cc188e64139464e589028219be890de08577ef2523afd51,false
0xaf2d4852e5301e2955d50d5fb97f5a18c82c513bf0ba98881dc82788f1e90e58,false
0x14f7bcf4da413584210b5404066e2cd0fb4d807244e340b87ca6d0e0b7924af1,true
0xcb2937dcebaf034f68646329156205437be95ec121a732d0635a358ffb1181df,true
0xc90d4afc121d447fa01419b7b1d8b18f96308d1d0b86e30af7726daed465e08e,false
0x098df9cb8695557a1aae0bc866d2151b9ff40cbffa38652c8b613574388c0318,true
0x38b04ace7be343d5ae6e22ba19bf51d325527a5f814b24748d52eb28a5555f76,true
0x11cc3fd4d7ad865ce129b7659b851318907a6ca7302d02c5f20c546f8ebb56e4,true
0x0a9ef4be2dfaa6395d0e38cdb438c34a95041728095580281dee23b9b9ace7fc,true
0xc97a7093e70afa357b6e71b2f7a2c1f4d9322af3a6f31a514d599156482e8c51,false
0x4473151550a159acf6b1f346c9d9323814b9b2fb7810cafac89670576facc6e8,true
0x3fdf1169a9497430f33ec4c6eed6c1a45393f4d6ef830149a85509bf039fb759,true
0xdd0a776530b33acc702c725d73cf7b1a15de3ba75069ce22b4315f68fb840683,false
0x7713397c27207a1e2cfd0090dfd216bc575d246b16d68e42c83a44264a1db15d,false
0xe08c742631c281fb4f4b30a76c80684dab7369253bc52a5643aac36532a736bf,true
0x45c7643d7a6c449aa9212782c8e900e0438e174f87334218836291dae0c2067e,false
0x9bd721a9829de004c00f30b985fa91f59edcd55c9015c914750f96072e10a142,false
0xb1c1fe7cfcf9da437410cca710998b8ed6b2c952346b2ef4db1eb6738ef3ad81,true
0x043f84c0217b8740237f48e6c3ed00cd4050c68a615a77fe6b962a34abca3a30,false
0x6d0b08614d719ebd7d311b0c96824762397b5f689f475b9801191ad8df0fabd0,true
0x898ac2cb92c344abb8c9f159c717633fd99252132da2072231185eab7ce1a279,false
0x723d0c6f099e12d7a911d5de11692ae623e6bd714ee8bf26a53a00b3786984ee,true
0x17ce08b51187a9ee86cd48e25adfe1a218ad1fb9ac76c87fe5fccf0e1e89cc1d,true
0x5a19cdd8d0753a72194f2061857628454d197ef3bfba85a3588198b176338b1f,true
0x526f095198c5d15b365ccd943da6be3063286b515f666014cb744e2c4d9a8350,false
0x64be664ca77b3374dbe4cb06f7cc4ebd25c4ecb80b060efe3a83e13b0b21666b,false
0x431b564e2014c93328043cbc526049dfd7254f7922ece3cd0f0dca0e6ca42482,true
0x77eff835988acec995c248d9ba26558715ee82ca2779869470f5ff52e58bfd87,true
0x67705e6e61e4af59ca56b4ff75dd76a5104ab02cd3c74bccac6f4be6cfb381d8,true
0xe7a52565940d89fd14f21cafc9a9c41302a6c7a90b74635c1058ecdb57828a7a,true
0x9dd86ec58f3cf67aeef5bd854350bb3e87699d2697eb32fdcc4f67f106e6cb5a,false
0xdd817818c80ca088c7d207a59d2fcac9d933a1f9b7c6d8a8b1c3a9ef06a9b814,false
0xf62b01e593b0ef67c55b47d88bec635644433e1d2267860f2a49c746b6e0a850,false
0x96b794f6b9c6f4c9f82079b60dbf6de318080a0ffaae18054090b0c8bdc6f90b,false
0x9a8cefb799a8241c5db9adb7f61c02e6d35540271dd29ba27628861134958229,false
0x25a2cc3bdee9f88a9caaf9e8c8987c62eced28f38e02723172660461d871acfc,false
0x57600a06fde36ccd58530e55ec3278161b4ee90893b9617cdba02a70c31844e5,false
0xa49073bf5a063799298c5f886271f04400b5c0330ee3bea2829658f66c5fe8bf,false
0x08676d60f5b53f8d4d96d3530164bb5d9a760f3daf9b5130b1552d1e0dc9a41e,false
0x2eb8815e7ed584e2c31384033f4522e66e591f4fa2cee87c64cd6445b0b85754,true
0xe5d17a13ad1f08bcebd70bf29f7f2856a6b647a1387bbef450b1b7b4a869f725,true
0x34a411e42a3a0f6526a4888d6eb916a92e976dfd9a5f8ba4bc006f0336fef567,true
0xc0aa0e53ccd4f280823a692304b947f42a14bc9202dc6c1d0ad7be59038fc7d8,false
0x12341fc04855af0793ab374908729288dbda9cdd67749a1ca54e5796e8da726c,true
0x2ef0063b4da28cd92c2eda39ffb867d1a06b1cded3bfc5614934db96a1e43bf9,false
0xf4b5aef567bab4ce1a99f0229474d2ba32858bdffd498054c821de0d2dbca917,true
0x6fccabc71a6f70561ddee1367111652e7b0a28b57b407c543ea97e91fb53c079,true
0x317e7e2307ecf2cc2ff7997f4d831ec148415cf7e8d9cbd71fc966c7aefb8570,false
0x163c7414a1b78158e1e56f2103cf89bfb1a60ca0c7872dda966dabb10c1be596,true
0xf1638a659c2b324dd45918a343debd19cdf166743ab4b3ba3b3cbfecacb3a4c5,false
0x01fe32d06c961d8626a156085a920f4152df6746d83fb1f1a644040a2d29faa1,false
0x5afd250f60c5fb9a5f2a2f9d98444333ecfff78d56cb2c7e4b323096f82b5558,false
0xae06765e0528f534666ef5b57c48021e09d9175113c98b94a2d67d7b5f2d77dd,false
0xbb8cebd6e39ad902d53d3c0ff340fe61cd4533b092ae4bb5d4ee103876f573c5,false
0x90748f5faa3e07e62a040fea9d8ef0219524eb8c6f494cc6ffff8781af0f7c78,true
0x8691f669e1e13ebc90c5b848e4e264a02df5b3f0cce6f7ab7a1d0c89ac43a97d,true
0xee3ba17020b092b19d5fdc50cca1a18c0a15447998e33ff78bf29d834461ccb4,false
0x55359c622fa95441555020468780ee2b2348c19bbec498fef31257c353681296,false
0x201c4def20e79ab69abf9880120f573878a08e982d4a70f3dad11a87f9bd00dd,false
0x1884ab614fed1b1cb83211cff0bc8dea7e670fe5c33898add580bcace4205032,true
0x829e48422507f916635a516518fedd21b5351cfa097661db70e7cce00d1699dc,true
0x54443e78f79e92c93dfdc76b32b5c462a9200355e3b68a0907cd18d72fe82580,true
0xd7225baeefb2a6a2b391743fd0b7f2b23f25ba74c7e095aaf17b27c374aba890,true
0x2a275150feda717e2d5c6da402d84c5624fbebec8c37279e58ac86863d0b4599,true
0xc8792a2ff1f0bb8e16eef3420f30b1f4292f44572d3a3adc66804093e9b58881,false
0xa58dadda11d97c16e3c05f0c5567cd1947f89ee897a4ac217b10dd9cae1502dd,false
0x33be4df85e31b7ddbaf2a5a91b9a658d91e83c461d6fb126e59940525e41589b,true
0xfdc7f2406fd12fd3dda2ec158e4444cf906a28f1496a603120fb5d39ba613c1c,false
0xcf904d20163cafc80a4cbbbbeab9de1011c52cd78c0b201dbe985efa3a1d09a4,true
0xdafacb8eeb6c8dd9541edb0db217289a52b27b833326fd1586c49c294386b00d,false
0x3edd499c46a05192b43877a4c7ed9f9581190036b557e3d59193381823cddf57,false
0xf7c87d4ae932ac2b7e1e2bb390af8a55496be63dd94d5c08f28c1b94599372ab,false
0xee9030c3f7e1b8cbb2220ec4f34fc4854c9af792fa9839e741ff8435d86ae7e5,false
0xac62e06053577de0ccaf27b1f6af109ed162dc55b595d58a1adc898cd476f465,true
0x2c6573ba53c69a7845a6a8f42975d851593702618f88151c4ec04f9897ea1748,true
0xed8fcf90d769d081e1e175cf0cb3c7ca3526965fd60c2e87a50659018930f791,false
0xa880597cdcd855d7c20ae76ce5e794db31f596edb7a96a609df3307657bab2bd,false
0x337c7c296552ddbf3f176250520f88da11cba2b699c58cb97e6e659789b75a17,true
0xe411dafa09b658cc30cdb93352315cdaff0e18d8941b21dbb8c7415ea4643501,true
0xf0083897c06975a971ff3628ab7ec32ad1501fad12ac5a5e5a5e2d88a52a2e6e,false
0xe50089302c0d84f740aa765da3930a09e98d3b28db409577a3d6be2a08422dbc,true
0xa588abcdb7d2cb8fc6ced024b504423c7a056690c0ed198b27fc03b30acb4cbd,true
0x40e6a1ccc5cce0d32f78e51e20851afc92dac9d57b37d307911994402af761a6,true
0xe2ad1dc6b1effaee79b6950260348ebb143f578ef4291ff0d983a300944d0a68,false
0x8dc3d7efa159146320b32ef07a65ae88125bb4b6831440efd94e936b1db6f507,true
0xad2191f625542736ca57078038a71a1adad265c5abb8f6a08531b373702d63a7,true
0x39f899882591f8f6edebc47b271a359291d924367d3fceaee34ef579ba8dd96d,true
0xc87c4825aa2daa4f357030c843623f012994dbe8c21a3cf728cc4c2285c36805,false
0x4d391d4ee96ce2a1645aebc63f2e88c16e65707a830ee71317f59e19d8d3434c,false
0xaaca075408419ae523caec51da9705abaeb83776dc40ee8cdab3e324589a9286,true
0xd8ded8eb5707b55dcfdbdd2796b9dd440b3cdc7eb53e7aa63b78725acfea07f1,true
0x48817a1d4b6b6e74299583e395671e11756f9681d1ee6978d7c33c0ef94c9d5b,true
0x3825e0b62c2552fe1618bdd538c6fc1e9eef40ee04cf35907bd7634945b5adb1,true
0x627ebaca9650ee0f0353eca63ce71715cc7db5348ef7d85ca636e53ffefd21fd,true
0xbcce4f6fc2706f096bd9a2a54b658488aa32be64fee1952b05c9c5f972d59213,false
0x3e7f663f237bd586bb39c61a0cd6500d95474682e1283a3577c6e77a31ff96bc,false
0x70d27b7ff9b1cf58b1fd2ae66e533892d4058c39f7735c67ace2834dae560d08,true
0x7f3bc841cbb7058e75116a55d4b0ebda7d3f16f94baf3ee4ddd85ff8ad622e95,false
0x000ba7ee894c0fda5fab0670a7082b4dac08be48c3b2d5e1365c6e230185ac50,true
0x84f3bb45dcb8630774d57d80fff83ab789655b551a065d62ecc311d24260b299,false
0x3583dc03951648b8d5717f7adc238dd78991857008da787ccf27e68a169efbaf,true
0x67fbd380f66412ef2dbe31ca568aab20c170c4cd3d217a28b5077012eabbfab4,false
0x18665e77d3ba8cd4cbaaedb1ac586491e30bb75408586e32f25f2f5c3b73ed4c,false
0x043df6b68ad066e1baf032d5efe341766969b11485e2b4d76932bccc85d61bfd,true
0xc7eee3447dc9577c739f7539065822763fcc5119b94ffad5760b2410bb9eb9ba,false
0xb5d7d1a90116b46ead2be448b438de5d3e2ee05f5166e71f1369fd127ca7c33d,true
0x0b88bd4f48635429415d121119106dbc515b1db9524f55c5d109d48882f90e0c,true
0x3624808a625181bf5838b4b31cbfb7dba2abaa869e73e1209db259bae28c65b9,true
0x37f206a5a3fddc4657f4769df65fa679dcfd9d828f377df68d079e39403676bc,true
0x57b6bfd496c55f5c255a91f2af80d6a06cd120116bfcbe2540065fb019caf86d,false
0x0ecd3498a06ab6f4e4d199109520572e71d6fc5968fb52a26912937c2d1b4b90,false
0x45283c554804076c2fa8180d81f8d33cf71d730700e79bdb08ef04154dbf4048,true
0x60f3ae9ef95c8decbc416758a6c87ec5b0a32a769a8cfeb61ea84ca5c0b9ca60,true
0xd70f1160de27b1f23d5433476212a44eccc00ce5293a657d7716cd934652429c,true
0x8fea9c3e4b73ccb31def7ad6da2b1c82b00128293bb627969a0a93a188b46648,true
0xfd0554c0ff025416a53c2977ad697d72c5845d1f613dfb210ff54a47b415c974,false
0x17f14590b092fca0bd5f73af2a4a21f64314525d80f71d6ac7b1e7c9339db738,false
0x72a138530f69e48deeb7b58f656c124eeabfec6afe72ee41a93fe29e7ce85933,false
0x36d654bfd37dc52d24837687ce8f1ce74678ceea29bf0a6a7f284e2ca0e9c391,true
0xb7d2776c1808d69200a9aacf7758375f10f69b6cdb22e51dc7776e0061d31fae,true
0xfc57efb3e089ef2b9fc39e54d5e479f0d13a2231153cf33f961ec5316add0ca0,false
0xfa8c96031e6993f3288d02fde278ed4302e5846f89803cfeead11a9f3e17a3e9,false
0xd31a10f99c948e1d6a0839c2b875bd31dc9c49de57e7ed030cf462ae8420bd85,true
0xb46898e5a955413bfe8edfc61ac0d0f53e2babdc1068271f477669254c383ea4,true
0xe73a304e85b3658df3f3b192fe00e387ef884cf7b6f3eccd91725b1f2f2626d5,false
0x0ab02746524df2abf448f06318aa9543b56484deb6ea779aafb7a882202c9778,false
0x9194b842cffa92393904b6b485f936e8a36d9e2480bbbe929225a226b0be0bd0,false
0x0ca9fc50b75a1b6acca6ba20ca455ac033f71ab7b45806f44977d81f47ea6bf7,true
0xfb8d7b538989370edb90be4e47fed6c29745be07b2d5eb01cd57f83b98d17e97,true
0x90dbbdc445a92bb6908c653a84e5bb7f3d18c893214c89392dd6f75c45169b59,false
0x5b99c6d5449055ad497934a1fb649a9b3532781f75b26139438a09d250345d06,false
0x315bc1fea3c4bf3f1878b45a58bcbd39a2807e0a15815120c7469a245b67b6dc,false
0x1f3ccdca807262f227fcfbce1e5c0356557ad047e6627607cfba4aed44a6329b,false
0x7b12bc992d9d2d68cd5b4fbb8e8f5c106b05c4b99903cf9f7cb98edd748ef231,false
0xf457d9436c6df59b45c480c0e1986a879d7283ffa00620286f72d2d789cd2626,true
0x2b0ec6b1940d69b9b5a0cd04c794d1859637a7cfb7543e44d6610a27743f5c05,false
0xe307f6bf23393d73ba3c0ae73b5e9da2929b89cd1354565bd04a51d8d5bfb0fa,false
0x10abc3382a7871f2bed5514df2d41775d5a70441a328e0b136538258497a8c1b,false
0x331d507c50accfbc1845e3e50a86413c1a80bf8fab535ad43e01d1314fc9223f,false
0xecd1b820d0ffb1ac8e1eae0cc8d252e84e4ffc1d8bf6a4f9921841864da4090d,false
0x76e3801c160cf934d6686add5b21572c40b5e2ad162ba55a19bdeb65bdf1eedf,true
0x77b6d03bdbe8a15f64895725166a9b4d1cd0b91adcae94d668042ffe27c2b5c1,false
0xdf204ba9055a0afb80c991ce6b13fc3a5d758642cda305e8f83f6343d626d73f,false
0x049a4dbaaf80ca3951c6070a07cfac7338e0a2342e9081e76ebc8be647cd9e51,false
0xb9195ec7a5fc27aae28112a26d78c49895c76a03b14482d55801f0a8dbc057e6,true
0xb3eb97e86bc4e8be183e12baec03e73e23346b4b1a361d4cceff97fca96517da,false
0x0eba92080fbe6a0eec43a7e2253eda15c0e13cc1c349017af9a0a14f0b20dac4,false
0x857e8afd8049656b27523b7242580d2fdbb0cd8939ff83891ed729660f841f7f,false
0x7aee85ad6d23f3d0b22aacfb21c3f23bad4664c877039538c3f00a37b6ecdf76,true
0x155559db858b12f05bda6ea1de25fa33ed3c80c04bceaeb033c479a760cd515d,false
0x24dc16f5a5e8aa6b16db01c11f78e613a818af0fe36f42ea81f5b6f2516728b4,false
0x72adcb399d20ae6ba00e92b2160c0e278ccad580824a5da7f0db5cd3e8338242,false
0xc94098a037781e9bbadcb2af9ce1e1d0e0380ee538719ec9ccade3f83858405e,false
0x9add71cf53d6042293e25edf6be89004a293a7872c94f4bc23bd33dbb15e4e5a,false
0x29052d72d07de53f92d34cb12905a482429aafb39eb8f3ffe89cf4896d0616f2,false
0x6e16f7cf4b744e56dde978f766f10e762749a4ed1b860c91f1686a55459905b5,false
0x385d4e55b2a83b7ac107cdabb7bc9a102c0577ce17d72f9afa539fbc3955c821,true
0x338f0b3ee49a07bb50638cba7e1619d50002899ef98ca5966a3566da8f31a52c,false
0xf8238c48b8a1875e96de387ae109646b2a20f5519a23583a931d877e47bb13a3,false
0x1ee690c041d410b65770378999a69cc41d0f90d845918f9baaa398b5952917ce,true
0x9d928ffb47fe30aa03674efa292f831d3ef529f3379818ccf51755f940797d5f,true
0xe3e412701879bf4a17bf85451c81defec99ab4ce3ea70ab4305382328aea834d,false
0xb2dd9a5d2bd3af3621d07d187e80ba5f04b8299ddd6d8b40e15f069bf8129810,false
0x7495937aedf358f6ff6817baccbbb4d842a552ebc732910f7d1088066715e340,true
0x58b0068737f1cdadedd0318c97c40e66fdb4b95467bcb916d1ac82608d5665b5,false
0x65a0c8b1987934236b57c7accc34ebc608ac77ecb17b3f1306dd5f2f6a5d506d,false
0xe2cbc341603f67d6cfecff283861748de99c97e46942e9a04187945598daeb09,false
0xf19bb2beeec27255e95c5730e2afe20b58b3af3e207ba64d964d5d286ba3c8b0,true
0x95ecd6b26973f48272cc4eab19f2d55abac81a23adf03423c178ab141cfcbc86,true
0x38a5901b526c40cc9af6e7434d8d4c4c0ed37adb15ab917a37010d9b013871b8,false
0x8b1e2fe5f7973a46f013c8a7123411cf45b47c17af238b7a4f680536692e461b,true
0x98b39993284a2fcbedfd2062799c582f614c22b00a345e82a44a36d55486abf1,true
0xb544b5034d7e2d1dbdcc0bfbed7b1b06d289020115ef05d9e20bbc1832fd9910,false
0x56c0d058fae201c14a0178b412ec85b3d7d0cfcd85833da490d5149c1b37b5b6,true
0x1508870285fd725f409dedee4c66d459a73b5d3fba0ff4b040dde7ec7dd5a51f,false
0x718efb9fc73df788628901b5e915e308a91ac924b6456f3c89bcd632d07feb63,true
0x45eaa18343df0ff401f75d465351980e8ef46b8dc7e7a934a2b7d2f46dfbc672,true
0x84c1696cfb961585fc7f4a8382ffe99a373b88dea55018d6a2d0b36d36ed900d,false
0xdfee807d878cc2758f43d34d0f750088acc249e5b2809ed51cc53f8890e2c60c,false
0x22b29779743f10e4a63ed97b14f1370d78c2590f381ecb432b8055463efb41bb,true
0xb21402e548b005b707b5dec5920896289c7f4cf145340366d264b571dd32e0cb,true
0x9e1deac5776a729d66530cd6c15c494e70bf9999163105aa4a358e679046b827,true
0x2b9e035c5415ddf6b8920fd929c8ce92875c947bf0c7387c540b0b162e909b5f,true
0x7fe808079583e39f29234770c9919699e88e5e08975095a92b4012a11cb7c86a,false
0xa5b302fba200a5b31d29134e1d6e0b5be3d496771b2ecf3158892c20d495f84a,false
0xbd02ebdd8027230f64af77c839fb036275a2ed601f9ad052b348d26cea02339e,true
0x7f3558267c9ae396e1a2148e4aeb8b68c540fdeb5d930e6b7d487e73188220aa,true
0x85f72f17fe6e60b3832bed5e73ddbc9e18bef16986cfa1bd0803ac923bd74b4a,false
0x4d72d0f268c1e9870f6653678a59dfa1e158e64b22826244716d8218e4c850e8,false
0x5c33ad5816ca9952593923adcfb8c64acbba5621988f6a4b661ab8fc2b152911,true
0xee21e7cfa09f6ec58ef7a4757218f243f5bf668fdfc36fcec07fda1530f10fc3,true
0x4fd7c8b6570bc97177e8351aeb90dbfb7f66de8674d76c803cca1bd6e01e8166,true
0xf97ae8aed27d415166807544b1021f39a47bf2abb887009c9cd387ba73ba828e,false
0x6989079e88c5f326b3578a5270634cea215203a9e6f0b90eca5adc6c766958f6,true
0x60233c15d910a14d4064641703a410baf9b8d2a07e8f78821afe10faf37058a5,false
0xcbd2a87c86229073fb220fef46997417e954e583b542deb895c7f1308fbcb4cd,true
0x32ed6f05d1706f3c643f8191167f74812fde1bdd89c8b3581d9461033a774247,false
0x0a3e145c3f498e911e93d4b960bdc2f5f1321b00fcbc0c3b1b7e32bd0668f8b9,false
0xcd066f34eb6391fa1397d19a834389516f8dd27cd38c776e0b6d6c694a419df6,true
0x2110f4eb794be04fb6a4e5682101d1a1b4cdbfbf166f89648a1ee8a7856bab95,true
0xecbe7e4b04bf1b04f35e337ef1801a34ae78485f404c8f494bf587f500a4258a,true
0x436ba69e52662249fc9e2080516b24113ebc1f81060f36b91908c835a68697c6,false
0x729ead85b61bd704068ba11a80d11dfcd3e23df25635787d09528eb78a9bddae,false
0x3c99d985625ca6255de0023e3da07e298f94cdc5a4aecdba12ad6a8bd13992ef,false
0xdac233f5d821b911776b3bb1a20c661cf23d9471482a29aa9091d727225558d5,true
0x7c6bc48296d9775d23a1df2c1a00686db2c7a9ab7399a4ee0a50bbce3161347d,false
0x4058e40e6a8b4ecebb15ffad4c37f4f931c34f9a94d76c3d6204615330d7e6df,true
0xed34dbffac9c8dee30fd80279af9df071570cc43ceb06e0d4652b453888ae8a6,false
0xefa90edec5a08c53798bf27f95475827998c05b4faa5dfd3f30bcfc5c987d814,true
0xa3d28e6213e9d4792732c293916b74a1ac9d52ba7824b58561be2b97bbee3db6,false
0xf5d62e1bf2b77bf3e884e1f12125bf6eab89658a906fcf2b890234e64c9cc9e7,true
0x256b78b3b1ef6521abdafdd679d61933be45fd8b87c3f4519972daa5bc55597c,false
0x8831c88d86ebd658ed49584726cac20bd79879978612fb0c9d2e87400c954782,true
0x0afd92816cd7ed54ca9030f84de150a4194c2a1e8b907a53ad03141e96c2d598,true
0x41055da05b2e661f819607bae37b0dbf0d70db68a5a903a65976f0e16baf1111,false
0x4800f1d1d590256f0aec1539d458b75f1a0a7e21e5ff81d646eda94a46bd0228,true
0x6813c68e1b75461df5f473ba8b7c67a48ae2744c0b19fba4c6c13713af10990d,true
0x17ff9f4ef6aab863efb957332865f25c6a15644a3f366ac9b8e5870ed1cc2636,false
0xe9385cbc694cea091c1396a02ddc3de62c0806e7612dc40c52a46693db00bc07,true
0x67995df60a9ad705105e2174c01ca842b3b37e0d5e159f1574019a31c76a9bea,true
0x1c6cbb16ed72fc5e487c46ec79aecf150b67d89ceb29314a1f71103aed8f5fcc,false
0x903a1349b84936f3a93f79533129e5ec65d095887ef59167fe384aee0a9c7556,false
0xbfc8ab8f443f605c02cb3adac4c9f7eac437b9db7c0968876eb43d461e0d74b8,false
0x1ce6a299054087e9ac43578c0ff48f62fbf54c96618669df43528c40cb8789ff,true
0xde18321c826eeb372c855fa8c31081d221d9c28e6014f996f163dcb04540c4bf,true
0x78fb237acf7104031481ef3883648fcc2c54abc5c8246119ce964b1c64d7a34d,false
0x9655a02d8d9c3c52eea124890f8afa2b156e81066da808e61660b4339578c465,true
0xf3b0eba7269c3c3fbeb7d35b0ec8ec4229502012568ebb7cb01a22eee85ff8f8,true
0x193d5cc006c7a18a511a06fb103764ca479af223ef4ae337cac947ea9f471676,false
0x792522186d060c4d4e2031d95bb11b135dd43593fc24de020aa23d6ad2ffed1c,true
0x29c1457ffac72bd8d5ba0221001cd785f7b0a7285d597199dc3496aa12d4e9a5,true
0x1218338f56000b385c8068c993562546a92c5a56f15740d2d84f1a5d05baa359,false
0x85b20efa77fdcbb4ab778ee84219f4ec97fb427f7c1dc6bdff0e472bb06dd1eb,false
0xd4ddf3a9a455c69551c4dd8f580b162feb17d586c0856a00a29300cd5843a3f3,true
0x4fc06743e787fa9da26642d579b79b6d366311ac2896559948639ba9bce160b5,false
0x41cb525447910fea68c11b13514b707bbd801fc0edc3437e85e4e16bfa63bf7e,true
0xfd58cfc0d7f9b5abc2660b67a426c95d77385507d4e96fe739c64eae04cc8ac8,true
0xfa8f5d2ff89020c3cbd90efb6c953dbd3f3aec27f186e52eb30580fd27733053,true
0xf720dcf98006cac82df1e74c591cc36adc88eac7a1481393e5012d284f1d4b60,false
0xd22d80436a0fb4002c7be601fa8a3add999699fe670a43ccb68bf31cb201916e,true
0x1299574c0326ef67bcbdbfe8777bccd5af19521d9066363af43df4425e043d65,true
0xe676ad2f944e89f251ec525728743bc00355da4bf4d249823961e9dcfdaaeb64,true
0x7bbe19e9aeace3eeafa8dba09c367cab9f05e2754653e6c478d1891619c8e2dd,false
0x2dae9caa88e7015a2e526cb7efca9d64d38cce4205c9f5803851239683a75b94,true
0x2adaf9000e412415557c2d25657e0fa7df03c692c29c91a0f52b0fcd9d5938e2,true
0x591e97e180c74e3ef800bc134db52a424933db7db0fbaba17d0188055bcbc10e,true
0xf4ba1ddb99bc74f333bac8e830b141685696f8e6175cf9cbe819fb83a79b7d4a,false
0x7828ec8d5d0bb9f6ef0b0410396b2fbf9d008871404bb50cf24f0e1e0493f1be,true
0x31bc326fb139bbc501a853c0b0e460d00d021292d57a5581ebb27d02a41ab609,true
0xf8098a88bef5d90c95285da08bd1cd77408a4663ffe382d6d66cec02b6889c51,true
0xd0f8818597f70c9fde4300eb1b5f60cbfa34e312d84d3718314c2868670f7014,false
0x3d6204c380e1f4ef236cd5710292ad64436f9534410596d41590c9888ad3286e,true
0xeeb6c3b409aeb0491ab37251186bf6cfb33f1eb754688dd53a493c1965b7e343,false
0x9133dde721fd845891afdbc44e6ddaa07fc194b08a2c36bb795d9d23cd56c59f,false
0x7c67111c0614eb647f24d4ed520ff75556c4837b74dcf0af9778631ab5782aaf,true
0x2e7ea026c7b66c861c34c746a997dcdee93cc5e62aa5b68d39ac37a8f745e6fa,true
0xa9939185adbccdc94a68882e5cfa958a8a2bc63fcb5b97867f14ad8b06655690,false
0x3903bd009972186b18a5587d86f47a0806441b6fa399155349f24a679ad7c33f,true
0xec54e4b2209c1580cd64c4a26b227d2cc55fdf12e17d2185840b3a3a6c99d5a1,false
0xcdd7375e88e582c162bb9e58a62af6766e5bc615fd5847285e4e7b6cb1a24b3c,true
0x46d8b0f3a3645c38bd5e27ed0091e7842b23eccecf1498b1c1adc70d56eef47f,false
0x53e995c0710070cb477ff7c6ee39c744175a6ef2ab0b35eaf932ce939a2b6160,true
0x7d0bcb3d881304e7a42dbc3ffc9a964650111db52e5d2fb0a7a4801e502b7fe9,false
0xfdc3d80647249f34214b1c88f8ecdd0c7d9159fd68eedb96bd72d314f4b79a14,false
0x265c21661424e058cf414ba9ad03cf8ea90167aa5c6da9349d3ea012cc740e85,true
0x87972ca4c58643ab59767b5802edc4f2a3a6813b6638c1b7a1d7f061afb0dfba,true
0x82fdfa7b536e63a8d7561a43fb1512fff91ea8ba6dd5de06070621be08921424,true
0x71c6f4b3f672693c39e9bcc0896235600541bd6e5291a21e3a253040b7855c06,false
0x03c065c04b9386ee16f2427450a2482bf5c95f64a0a1dce757b73529f8669a48,true
0x12dc450c360519b4289f00d5ee4aac73754b5f98b40ad9b70b816ffaab07edda,false
0x959d36fe52952fc9e4327d1bd4f76f247656c8ddaec807995a198dca2b32f351,true
0xce2fabf7fce0d325185cfffc04d5472a8b4261bd042c3c14636bf088b5867feb,false
0x7867fa88cb0708f76cc6157016183cf46db7220eb6ffabf68836f2f60588f329,false
0x587bade84354a24a768588b9757ae2b0e8e8bb594bf61054853fe80f68856d51,false
0x92e19da5907a19f36299d9d6f67b3033ad855f25c91a67ffb5bb085692c58c84,true
0x3909c61ae98f47c9ba721ece614693d0737f86267036aa1c351844470b279eef,true
0x42a8153a3354fbdedeeaf1decdeb154b30c7b307b9e2e630bf9da5dde93f5446,true
0x477c2771c3383f889e40709865065d56ae5b2c81dea34d3f28e87ca8e53d498a,false
0xfeaa436fbb06d213b04decc7af55e37739305aaff66242b7883935e0bfc3a082,false
0xd4aaae7236e7328862e32aca00dbb6d752bdc0921e2d6f91a9b099e7c4a8cb25,true
0x4caeffb0485d193c2600453d360ecca0b307902fefed54dab17027b46edf5420,false
0x61f46f2591c74e74b90c31a0c69b34e9c995c0aac5635826b3afb9056aa70d4e,false
0x94e6552926cbf14ccd185bc2f179ddf048561ab14948d301b188d8aa22e84551,true
0xccfe9148968194a451a0b3773a48149c064c534c09214ad3c094df4cf3c2c0bc,true
0xc049156ed67a28e6456c9a2a0791ec4948d2e3f5f28f516b3c51913dfaeb0537,true
0x6913805fcd3d3a1df3d99a9de7765a0ddb3a15bb0ca70e88772b2cdb33949ce1,false
0xe370712c372df2969431ae87206843589db83a0d80c517981ba89d6a823c2b94,true
0x8d87f134a67709dc1b017573dde344a6d8f415378be4d438acc89007324484c7,true
0xdee74a918902168b4ab6029992a51f2cf4a59f8ecd2ed6a3689d6015116312e0,false
0x9002944c5a7475d4faa0d733795e5b43e50dea7f2789cfceb33f9ac515226c1f,false
0x48a4468b60b64d439f560d0eaf19199df306747e7a3dcc3a57da314fb4a6fb7e,false
0x661ebe100f16d3751ffdb77c7e2d72f35a0c4071149f221d62ac52161ed34f94,false
0xa26239688032e2bb569830235198dc6018bf1388b38450b24705a6b9bf195b77,true
0x97e264c4d87be33c5246529c1cb92417edde27d317c142b567f2b161fd9ae55b,false
0x8097432b8e27629bdd2a7918b036c6957c19da8c9e495a87d43fcdbe54646318,true
0xa4980aa4944fe43c9e326d3341d704203809449ca1fb5057d0bbf6232129be21,true
0x0b26a0e9149bd8d004b6b7d1f1db54120138f36ebbd58d04703750d481608756,false
0xd41e19391781cc6ee999d70b180fc896706b752a2a6f3bd563b94d71760f59f3,true
0x53398ef2db9e666bf6a540895950fe9b0a5dc5d8317ab314d278a7c22944e471,true
0xcd34ece30a9e296efccbd8d6f833cadc4e13e79650dc39b0951f2cab0c8a631e,true
0xafb84e7fef1366274d041fb770910dc63f457506579feb29b039e827d07eb1ee,false
0xc76ca9731b3f7c4f934b015cfbc98e6a442fff3e23e5b8bffc7e7595e7b34f43,false
0x856d79232cd9700a32f65e92ef574d7a6c8b0e9692895b5ea913713b664e2f94,false
0x25a7ef270aceb53275407517ba4a253840e565d97db5626dcfc461b2759ce9ec,true
0x47141f500c378b35d5716d00a0017a4763f8f20f3f4e9ce83603381404743af3,false
0x4694b61c7993b9fc4f3e84219c96fa00014e4f4aa58a57e0999975fa9a74628c,false
0x52919c088c210170b607bc7e52897d7c9170e93bfd97f1177d8cf82353f6d489,true
0x99e48216583c588bab0ecc7717d605ce7426f41684ba9da57438c9ad5fbb6b0c,false
0x1ea44410503ef7fd06162d9676605046ed2a87713a926a10fc94572d01f1b2a6,false
0xc10bd82d40b088d9c55c2c88cc4a036770077a0cb4b870b8a14cfef11ecb227e,false
0x854b85db2a3a8396a6991154d71d72baec40b319cac13ac8653a852b72ccb8b9,true
0x354b78791b602766dabe13704d3f85a25b82026d71da1f6db753bcdfb4307464,false
0x509aa567b05238b9b97124092e9b67b38e01f30b721fa7142cb9db6ba90cf7fb,true
0xe2b8ffcf3ddb4d91653fe2e1b35128cb5be6b0a2f6b9e5ebb7fad71791e085d3,false
0x9c0d0fa692fab8fe7c25bedc6f34d18224c347a7d5695994a2963bf70f1393d1,false
0x09bd0b357d5a930c0ccb9d82681ae82795585fd457768c3e86b423b6a49ac4e9,false
0x6568d8d0d356ad3c1f898ca0c9fe71b4cb7a76e8455fd8512fb2543b2f67cf14,false
0xe70934f946833bf4f8aaa2e3f2285171c7bca98b38b406c92063acd3e94cd7a8,false
0x2129020edc9f1576059d07e93e6ee8b6583cdac7b2b5952574212d500219fed3,false
0xdf657a74857f8be5c5e13ee76d2a9aa8595ceaf081e2ea0dd183d6e6e26f8153,false
0x02dbc6bead5d4bd31c25e78c469c84e9fc4e9f507381b4be3966111fc87d2805,true
0x0a7ee9539d3790a90be96e1e9eb48e77ccc5d993564e8f7c0fa0db824c503fe3,true
0xc3c6a443311202ddaf47b3d42908b17688f2f595600e9c98452dc5b5d17b5a08,false
0x65036f4aaa5748baed6e4cc7dd3c3dabee0dd8c0ad234e2ef0a5ab64b3f880dc,true
0xa5fb81f4f72104463fc0d8372f8b7fd7c98e602376fee251ae453b88feb4b175,true
0x2c9c10a738d56a85d14b62f9e3185738b125664062caccb8f73f53dfe64e8df5,true
0x9d2a1fcd866806d6763bdc1f1752c97553670c5c736f9dc548eb36b5a8b3d3bd,false
0x392149d6c1eb9f556100136f43340dc92f0ee379b66bfe9381ff36afe561050a,true
0xc776dda28ef918a2a4e729871dfadf0540e873bb213d1b6c41da63c69dd8ef74,true
0x8022367f2e7dccc19066e56821a345da8c5aedd3f63c8d70b362ff0f501a85ea,true
0xced92f472a5d3154705a2ee871eb65b88aff60a25f2ad52ce6b7329005520d46,false
0xdde2cf4ddf0b6fb449d4de78cb318d742577b9d21692019982d6dc07e891ee1a,false
0x94268e64a2a3fe6c5ab4a8c3636221daac944efce8a309b7f8d3b174765da222,false
0x658ed2f5be7c9b03b99b79fe3ccc60d6cb0ea0b8eb14ecaff7e463f69ec9fc61,false
0x6546ea23b27415bed78d4e91004bded27a5eb806fb91ae2877464f70fe9a7cd3,true
0x4c2ba8527d0eb50a8d5ce8dcf9f01b133e4c729d8030fb1dd0c1d88192d46de9,false
0xdac6068fd48ae14f54143a16ae51556f7385b47c4378d41ff2fc4890ab25dec6,false
0xfe6c201ba9046323d12eac13e850130e3dba26801aba808f79811c1f6c57490a,false
0xe60df96bdfc96eab0b2c5933e8160f2439c196a70cbc58ba850a5215d03ac45c,false
0xda45c37b1b91c5124cf346c9451a4adb51079a8da12da53737119f1e6520c5db,true
0xebcb4a8b620c951478d5ad043ed58ae8236227441c4a63b6e12ad3bcc0dae873,true
0xfdf785a2c359cc35c302b85cedb1884a2d51c531ee101f46ced7ae960ccedf45,false
0x4de21b7196fa3170338e1e6ffdf57e94b6a232ed89e518cbf9e4190c237defd8,false
0xa8c76d2e46a462114e9e55251fc88b329ebd864bde84f1778b5499b9412ad5d9,true
0x69151fddc4eda2da1fa17599a62bd582eb8734a7175d8478aed2fbf5bac2617b,false
0x3425edb794b2d6e2a741eae963594106ba756d5c1fb3ccf67ace9a20159d2246,true
0x6acf1adfc6d7ad327e9d4139de9d043135599fff4650ed1ac9f367b7f24e8283,false
0xd9db182e508a7766a110c5f44963d01acd5e97d7b71181a14bb7cc839792a167,true
0x7af4e1108ad817b78f618c327f40462c6013812ad6c78189cf8a5215f8848b96,false
0xbc98cb84b6119aff316c8647031a0c11d6c595053c452f144391236ec6fe146c,true
0x83b09de4b70b0a2c71008b001287dc16091c40f8c79559a6758b098d1c9e4cd3,true
0x4fad7f74d0aa42486e1f5e6f6046d57f25b10edcc4e37c020c0d8ac2150fe50a,false
0xa5b55af07e81c25a512df02a26a7e98c75ee8640effff0e5a47053d3342b6d5d,true
0x14593b3eb6171c2e44203174ef31e23ba10d23217d53bfe61bec51d09637fad0,true
0x479c1304c3c054049df4ac4de873735180f35bbea9ece15089efb6ad62b78298,true
0x10a5cf32ec9f957713c654cab526e6507135ccf8cf7c7aa020be33a9f58d95d2,false
0x82643e241d39fe35236511534528f953dd89661dd57d2b672735855a315399d1,false
0x9ea09d2c6475269154a70ead23fc5d20bf1d5d4496e33bb2cc336faff661703c,true
0x1fd28878147aec9da8c1af01bef581f71cf512956eff4a058e5ca6365f04dba3,false
0xa14b6a4470565bc109346ecd24245eec85e4c788d8b45f0344bdf64952a36f7d,true
0xed4cf0912918e2add8ca09728984f63efa6705ba650b547af23da5e3f59741b3,true
0x2213b71e5d0725e9d1acd08d5ee18d1075c72aebf616017d2eb7d07f1d3c02f9,false
0xedd553db2659ec196d0b88dfd5fa12d6403453aedeb037e64bcb2db2e316b5e5,true
0xe6cffd8959be226a006da896f3533f2104cf553d83a4d56835a68f3dc761922e,false
0x3be7644ca1d8a74c2fc4de422a369ecb66b1d150652f0a89fb2ad4f42c8fb8bb,false
0xd982c17018d6ca90dc3afe1863335b09be59aa93f499c36e1bac89d806ce2463,false
0xb3ced4ce9bc9ab90ba81ffe0c5ee1cc8042f3b8fda85264446e3154141ba5adf,false
0x34b97db511fcadf4ae5074f66c26b50f7a856c6b31662b6da448777f36bf5863,false
0xbaafeb3eb41610d261b969e9ffb7962586cf5e407a487f3ebafbe50e66359903,false
0xff838ee7e51dfc27091df21902922735608cc85008d5fa79b83c19a105cb7d2c,true
0x5c4687270a746cd2920cccbeed4d56aa08c448a63c246f53f5a131b980a54690,false
0xa2c0bf21cbde423a0423e0bc09685c446d416bb1fe4ca7bd1b6910073dc9a5bd,true
0x757c690916ab2e4caaf78c2388a2b63098fd75ee120f3d8ba64543c71fed7fe5,true
0xfca821573fa6977f86c9f56173f518e0062c1da918ad7d55d20b2f1ff0947400,true
0x096529e5de748b127dea60f9bd2d717d6e05e0b905c41bfd0d813627a77d87f0,true
0x704437b94f5d9a45f2e7cea622c227472d1b4236fbf99ceb042765efee3d971c,true
0xd92b8f9957b28d17eb0bcba675f7c08f75e9884dcf89b3a24b55fe4252a64dfa,false
0xfffa925ce51745f4ce789a11d9591b0379c7706d525bd8773c150802a26b4700,false
0x213ae8cc49c08a63dd14f8a51e2e013a7ed2da3ab0d447b7e4aef5da48645fdb,false
0x7c084fde60bbc1e0535ca0308fc3b219d19691c127da2a9e4b298b0677fd34d8,true
0xd8b232e333d65582eab5415d1f3d282fb6f9da78d2f419cda0a2ce58aff091bd,true
0x6f7e9102dfc626d490df487688616d5092a05883dc02f0135de593a058ac4fde,false
0xd8d2a6ca28809d725a363c0497004bcbec93e6fb1f0b8e0a16c8233205263e67,true
0xe961d5b01164994d71ddccd88b968a04b3d5549a217e6f764ed59506026450cd,false
0xe992805bc539a323cbcc59f53d58b7ec4d6468dd0fd9b6ff1b5a61cad498f136,true
0xb8d15742af825f6fb373478919bfccdbc5cc6e50b7711ee30b4b958216561f15,true
0x5d7dd73340d800b58148e007fe290e5743f48486a1c3252e692d758b2be240a2,false
0x54c0a2dc40f22452ec6f6f53beff8b16f1e57333e7b0a5672725b90b0a0c581f,false
0x22b8ccb554f03f1a6d14b7cd57bdb696bab3841007617af9bd0f7cee311bd870,true
0xf28b10e5dbec6c57d660e73c021f580963cd36ee9f4c45a731d5de768ab92db1,true
0x999c83357fcb2eb151f75b4e34a01e5eb4dba00737b4262003bf2f745c65f568,true
0x7ff250dc00fa5446d4fccb65c9567e37d280f9bdad647aa66267433053af9ea0,true
0xed7e89ab8e785465e6f5dbd805c0764b78cfe571837c5f21f7920882ff317450,false
0x81be82440fa488a2bb7034408485d82512753130f6dd2902371769e55be48bc5,false
0x514ee388a44c6a92d404328b98c02643f38ca2e14822a9ad1ef6aa39ebab72e7,false
0xaac9f8ead5ee530b8221dd0a60e00085d8166df82b6ee1a39fab7a8b10e37e7e,false
0xe3e5a8536c51588010f3b1316037b2f7f6199a1f8c6e364dac12bb45ccd9f08f,false
0x79bda4bfeb1658c74b9734d3bdc3a5aeb3d43669c8082d5f1151dc50c320369e,true
0x9375e04e5573ca5f75a6bbb89152febb2bb5e6981ee143e506ba9fd941005094,true
0x6c9974fa2c31a105585c6e13a149b535d12e4e0b80ac2551b336ae7da45c2375,false
0x8baa0dcb0111c5243cf57060c0a04c499c6afa2b13d9cda609e60241b89035d6,false
0x654067649dbf4bb6038c2c2ea894627f047b4eadf3d948235a6e3d8460861619,true
0xde37db0aa2ef670c96e79bc034c3e367f07cfe1145f7a02b33e23c64d6b4d36f,false
0xa793d33aeff18492fdfd17bc8f7ab5159efdf2058357d05e6ee4a02f7416051a,false
0xfa33484708cf4da39f0f1cdd2ff7576db762e74788074a6591f0dd86a6bcb187,false
0x0d4cd3c091340861a0ca85c57252c229768aad58cfd9d7998204f763fcc18633,false
0xa554bc8e027f57ae6bff162c39dca03199241dc902932dfb0b0a99f2473e088a,true
0x1b4e0cf38488a14b70a2165dbb14fc40c11d6c5f5a54b5dfe74073c2548391cb,false
0x33eedaa2937b6be5cc5767ef4d878710dc329e0bbd750623ca266ee98cd9a963,false
0x7b773f4ce6636179fd19a4b7e52f2c0353cb5ee87fe31b930941f46c09a44ba8,true
0x42ac03f407d66d8c9b4938f8a3dc4f6c495ab1a3242c00f137e14fea6336d583,true
0x3259fe9f7d5cbf7cf45352881d04143154a75c3b2dc61e745be00d7ac65ec0cb,true
0xa21711159d6e43a868d9da8baaacd9169a3e7adfb41b630c998b2eb4c54ccc10,false
0x85dcd4be009b3377702ababaa593c59cc28ffd44d7a2aa785fc45c072022c08e,true
0xf7a6d52128abe1d663ecfa2b3e2ede4d6e6bc18902d9ae48e52d12f8992566c3,true
0x018ad43fa8b7ca2865d8ac21abc6804a4213c40f03850ef6c03576a2bb5d2454,false
0x828a6207770a83aec1c155ecc7a90039e364f175161c018a6eb8245d48773dd0,false
0x9aaafb0f3a8aabd544aed047b88b2c77805104632ae0f8fc884adb057e08c733,false
0x34951f20cd190425dfafe1fd9a9cfd1159c4d07f30ed6ecee3e5d1c43699493e,false
0x4f07f83acd694c668831682a50793bd968d5d57075ad708a721e1033fc1e6329,false
0x1ba7dacf6935e054b613134be05c7b922ab641d8161ff2fd05c791304f684c13,false
0xcfcc21938cfca52f56bf66dba114c2815d980e19babdb97dd4852f871201afd0,false
0xe256a0d365c051095a0bd775094c49703e9ea87f2c901eb45f9b28bc0919b267,false
0x194c35c03575cc51c7e27fc2504c003e089536c68d197ae3de81007739cd7f9e,false
0x8fc4b22421ee099a324d071d60a44adc93da7efb3d86dbdf9561ca1d815d836c,true
0x18ecc838689f42446dd9a6aa51eadbbe134c9745437293ed9acc4a9d3aeb3755,false
0x875cde5303c1d3be25f20dabe513f5cca63dbb4f952101dc26df8c9842b78b6b,false
0xd64341657c22131b43c78ccf4d302a8887e0e324f2b0d576ed830b4c9a255c9b,true
0xc11a5086a4bd43a9f9cd0c4e5b2156666dec7d51cf71802fe6cd43a38b910b03,true
0x7d594a9a3b726a2f943e0a11bbb884d1046d6f74d9a6eedff34aff32dd640216,false
0x0657ab668d9a26efd34dd08eb6c122984ea1cf8ccea6eb1425be72415d9e821d,true
0xc4b63f13c67ee5d735988218ffadd9438558a07e69c5b578daf446caa9e1775c,true
0x71ad18c915ff3335014aa4dd1163a30f75333a438357a6800653a47e9994ccfd,false
0xea9586f7635a70c532ab09bfaa462a993e46ec3c235c236ade3785b28744f5f3,false
0x32867a2fbc87f4cacd4bdb05edbda2cd4f4516f8742552778d8f8ea973bf5b3c,false
0xbaef7c9931cf059bc654b34ddea738fba0001ddd802bc8e95880e58ee962d981,true
0xa67f6543adb5a623332079091c7d7b08709d413f9d9a05a177feef60336c5c86,true
0x0cf1e22ba1d2e0023fd7baa5bd51fd1bc2df41baeb3a4646f23ba6387e0dcd23,false
0x4b8f0d0e237ff70f44124120ca6292d30a71038b19caa9df13c87495a46d8519,false
0x969fa34ddb34bac95f12bf65fb3deb31ca9f2ad5328148179e59db3a00c5134c,false
0x546b972b06b9db6f21f017fe8c319597801e677f83a6ab56abbe6d3b68cb6a05,false
0xdfd7db4a12788580deeb5bfbbe840f4461b44115f3a60f29fdcfbda7178ac03d,false
0xb1d62cac460bb19ae0d7901132190914b801a83203efa3703a074da979870ba9,true
0x303e78b54efa65ed343c7a28bd4b964d1f2d813144dbdbf040842294ff26e575,false
0xaeee0544390d27a861ca7dc0ece601d0d2ab8b67debe6e163330394468ea03b2,true
0x623fa665b0041fe72ad6d9b9b8afcebd56213ce605c23f35c1b08f92f9e0786d,false
0xc8c0a8483601248a4b7a731a31f4cc8688c380dad62c21cdc23d49d8179708b4,false
0x20ac324f4fad5f9171ea7faa2c0773b83b93757a7a95a71881adc49c52a3043e,true
0xd01f619e186a594162557591d25044cca055eb8b08ec29862545e55641e156f7,false
0x152973ba2c07585129e0576073758b655155526386b58b67321f52d587d3295d,true
0x0c313cc1ace5a4e5a8065df6c224d5b628db527399e7e1d02605ed9827800523,true
0x2ed8c977ddaf9680afda68947e939ccbd387d902d52cb794036188be0ca2e287,true
0x72aea53ff0f39fff3e59052757556911b6392f130e52b1f77a8356bfc182ca84,false
0xdd051abafc9c441059d31e12be6b002305eee9830d59d3ac4cb0af8940ddc10a,true
0x65b7946a6c107445b6c306c67398c376d671200c923c1d186d142e9dcc1ecec2,true
0xd8e508c4a5e5f9aa900cd0fc7b0839d61e8aa667c1322ed2e3470e5dfb558fcd,false
0x0395e8dd30ee31b8a19d78641527af5bb37c99b2addf8914e28a74493e274a6d,true
0x8c1f50ccfc6b81c510ae8b389512b366c5d5c9d7d16ba9e1d9d007d4a9e4b4ec,false
0x19a760bf60ea0a36bd1ed6f299b8c3042094b0cecbf2172700a23eafe0256dc5,true
0xf4387d60240213ecd0ffbc807d30a93ab114fe94f264a724e74912944266dafc,true
0x44b5aa18d31168d577c7b14a3aaeda78fba3da637d82a7914521aaec3dd00b3f,false
0x57dc97f76a3da50bd0b1e7082c1c8187c81ad6729fe9e1d4d992970dcdbe8862,true
0x89347e8b860de42821b4b44f623728753a068066e856ee8488522bbebf39e030,true
0x8a3d4ccaa1892d4ee4b17422150619f92be4ed6a2c6a430072d20185060d2f4d,true
0x5adabba1121bfc2750dda6e84d514153ca0b13e7b257da8b2dffc692c663d0db,false
0x828324a833d351866bc3319c543002198b1f3e603dd29d23e132de7110246c08,false
0xced8a19f8f92835e29512a6c4e37c9d8aa2955675f22049b13f1c5875cedabd4,true
0x8a866fff3a3bd84a3cadcd152b8e25a79982badc26d6b0d2c0298276c2353803,false
0xa6fc84d1a135d1b1d53df00af5f854b0d1498968952a1932c7667508dad18d4d,false
0x8068400dd614e2b91a999a754224cc215e5322cf4e1d56215501581461938cb3,false
0x7ee50495c572c4248779e2020bb4d71afa7f38631708fe04b5a7b638037082c9,false
0x7e7c549718e133bdfbac1bad30b5217077c32d27213bbf93c0476ae315ea6b91,true
0x77902d2fea7211d5389547b36cd737f820c261b4adfe303786276a37a7f5cbb2,true
0x75ccbace1db4a9a5dfc3bb3d3a8af50bdcb9336486a2ae1fc843a173ad81a8cf,false
0x2099c819557af63f33e221eb8fcb60a58ecba21488e3ec2125e96b31dfe7ddf0,false
0x5005efa015e29063d1ed5f93bfb3b6954bc26202da4064432386d5fd525f34dc,false
0xc37d5177bf1f12576e75911b1eb3977b9ce53e6596b38edfeb4fbad633681e7a,true
0xec026964e6d7f808d72fd3ac8d466c9f0d5b3dd08b5dbe285ab336a59eb5c4c3,false
0xfce764e56898e3388dc2e3d364954a7a868f5e8538b400286d08affc86609214,true
0x3bb52f7497c8296b67d4b70ad3ad88cbec95f73a63b88441011e7a78a3864b88,false
0xaa77b7d7980cea218eb6510eeee6a169b650ded1fb43f9d859c50a6c33ee850e,false
0x69cdf6cff469f10a435c74b7d0665b9d3f9cb7a9ea18b381a29937bfc2ac5b98,true
0xc6ac5965a56e0ccdbc23af78c4c5a00aa893ee151af79c5dee11471487b3e2a3,false
0xc7b96cd4eaffca33760144a44d548881ce4118cbfd8234796498cee966e6eb4e,false
0x1338027b99be5cf0cc6533ef5fb716484ccbecba9de8cc66d10ff775f7cd6b33,true
0xb394f8a37f2f824d86c82217a3c0835c550f30173fc721c4033e8019a0531ab0,false
0xeed84f100dcef5c0d17bea3b695fa8ab74882e34762d1f2afcfc00d9014228f6,true
0x489e97d7b909286897a0333137ed8ae68007d858bdb891169132a00ebca42a4f,true
0x5bf6f66f71c7b54901a3ed14860ef15c402223df66ce6199c19b00a34a921f80,true
0x478a9c1448383d4aaf6aa70248be01d7fe99ba672809a324a022aba3d84722b4,true
0xc4f52266623e51035b19a52af8e14309184862d17d92d3d84d249c8d7b86accc,false
0x219930f913128c9644ce32734b3ea845fcae4158396b9690c92a0d76b2963dd7,true
0x10167328ca8dcd55c6c2a63c04b0c7715e2322f7394d78ce7d0109d932cded01,true
0xda70299473e123789b761f2b078434ec582853afce0771eb978afbebed611c60,true
0xc8a5624fdaac771ffa9b66f1dce106fc8b0f9d0e62b5d64362034259ce22bb97,true
0x9d5f7d2ed707d55dc23c446930c4b4678a1f69c17d642fa4f39bfe8dd54f5d63,false
0x6b6119494dcc1b0c7eca6b5785f1e2fea218ba9ab8f5edfffbbe076394fde788,false
0x8210794c5252581b5f3c05322617285579b929743a745c28d64c4a48fdfebd68,false
0xc152becea6bad62de0a658d97d5ea8fdd791440c40bd21c3a875a9df45363187,false
0x404f0c6ee332d78f78cb572b4343691458c22c686d13370832ee1fda213e8187,false
0x7ed9738249cf2e9a58a5fb813a4925218eedde22b8cd04ed97f7a78907c9429e,false
0x20da02471aec431a5953a6206958dd53a08501da70d7269aa80304c75a65de95,true
0xcd9e093414e0445ee642cab9b3ab00d66900efcfd424995c7e315d3951f3ca64,true
0x4172e72c578309af9f94cf671c67e99db1a7cc5330b9e8254b5920dd704436bc,false
0x98c96353c4bb4b536bd69945f7951ae065152f5182386d4fdfde688da6dd2140,false
0xa4a30fc90ceebab3e5a19fd4b3ce17341098a670e7fdc455ecf904fc02e45768,true
0x0ffffa07576d5f642191be0e98b3a9af2df0fda566e865b238d239d5500213f8,false
0x3f283ac5e30b9532243a501d4e01e1217819d3a8606113e39c4a99f9036f7520,true
0xc41eaeecb36448a2486034540b35cf27f61fa5749486378b96726913f60dfc54,false
0xe594851aa940eaad8c691b88b1472abd760bcea0d6f13d424a4022c8524c4b57,true
0xb0017462881bbe730eb664c3cb0340bf097efaa167e95223de6decb5de0bd0c0,false
0x123562fa98167f663d4543ee876291f8bf8966d97923e5c3c0b3f9d815a29185,false
0xa41d728c82c4c301ea27947fb91c634a44f1ebd32ae7b7e5eeac9d7dc2ee3a50,false
0x7bae4e4cc0eed72f4413e0245ab7292e84df8062c3958cdd0bdec31a74ca9411,true
0x2c056778480cfa5523bd37d97806c4fc9b23fc359b1f0d59ae78ceaf0f439132,false
0x58bc90613f61cec39766c5cab7bdef2e7a20d1b9a848c0942782efe0f2952dff,true
0xc929954b5ead5b4b1e6daf2c780c6de5ae430a190780ceb66b50d3996c33a7d0,false
0xae98e4c9ca950027edeeddfc24ffceb4b9386f25f81c827b8079c2a03e7793c5,true
0xc71f7ee93359f7fcb15cad6da19887a7330f80600990fdea4f1f5a834114cc01,true
0x47434c0cfdac76bd9fbe553f36c3d458d56a7aff3cd1f340f7f5ffbc47243b24,true
0x67cb210e88ecdc4949610dc3bbc4611306cbb576e237c124b212d794e5ef7767,false
0xf13fda0b305ae951bd3a10c3420052e08a754e0b457b08b1a63ac0bb3aa337a8,true
0x7b92996b9e145cc01a39f18ae47bb6ec0ffc6d344b9819be20b661c8b201028e,true
0x78a2cbe0a42a0858619fd5cd57c767b2acf8e66272c9dcd80fd32d40dd41c54e,false
0x3a8535f67d6a75aef8aada3c936f1577d40a4b77bb85167e32b1f8ba787b1dfd,true
0x22ecf9f0728202f10bd6580e16548efa94736988f7a488ba65eaa9d90f4f47aa,true
0x1a2308e27e5db9b9f539be68d1415eccdbfb4a8a8be484755efee56a965d5999,false
0xb48abfa4dfa7a7c4a5d1060b3adb4ceeb7aec44b60c245d4c3f694d2c692ac5a,false
0x21c6db027651974dd37967da5e5004c0ff4760773ef33731ac730fc4df44d134,false
0xdafe939eb9af0ed8b3a675144a2ac7a78257ae584decde29c9d67ba13b1183e4,false
0xda9a456125d475b9b7c97a77bcecef6df61a192a8aae429675092d779ceeb13c,false
0x87f2cbe20790fa9cb17309ef64fcf16577c3dddc92b62ade33ec0493057ab425,true
0x1380e9329214f3c8fec6385230b8da25fda1ba41c4716878f3ac80fd781f55a0,false
0x0ac3abf795f9ad8bb3436c1de637f55761077a4a2695b4473dc90e92247f8f4c,true
0x6262ab11e3c14920c4ac3883218303e4f1f4eb234758bff3cebe9863d357843d,false
0x8ba101bcf24d928f19d2a4f4849941fa8de87847f3440a81ed4c2656aade62f7,false
0xced4a27dba2b80035619ced2941976931e9cfc4eed4fc4d213204427b3e60ef1,false
0xc6a3a54cc6f3696fe6a4b9d693bf39ec2d62171a9453e9b83172a62cc8a3f5ba,false
0xb3f7adce282fa19ea9abebe330460e4121f75621c9836a2450b0826700e23e9f,false
0xd89b1560e65932ba41c52b99365cddb97364451a848ec9716991a76490193cfa,true
0x8019329626970bb58b79cde83b67d51dcfe4382da95c86ae8775371750f83756,true
0xc01dd8a6aa885d5206cda55452105f80d2d9ef2ee51e4dace8b484704e04023d,true
0x2787a7f8a47105c8e7cfb7839a787a6d29116375f25d05f66f9ca39be98961e8,false
0xbeeb4a04902cddc5f92da76d5b75d89fbc97151246c1e6ce3f91d1140ed93859,true
0xb1b874ab43ff9c02c81859afa404cb69bf31c468a74ce61cfa03a72c974ae37b,true
0x7ec53274174c4c373217a7c005073c3051814b690dd2d3af570624e00cf5cc8a,true
0xd7eab12bf33cc445d5a93e93c39c020104f4954a87189f855b34e3f39bfbaeb4,false
0xcd358b2031edeba0cb9e776a4d6e5549f1d6fa1b28b878ba04082e1d0c6142f2,true
0x42a62f7595c173aadd3afb97c15b76832a3ea8a8d3c9fca36fa1fcc3985f2984,false
0x1e62b30106bcfdf06a421ed752cf130e7820c8c34ae34c9432eaf493e08a4ade,true
0x90ec79aa0fb4f5823deb78b9a60c019ea3216b0d82fae161ff045df11715c231,false
0xff61edde27f43eb5b0ae47e1fe746aab626025472a0c2bfec0b4d4b73aac0fdb,false
0x89b4c6d46765d9d36597d6ca679afaba03438892c7f66594931960d7d6820449,true
0x313345d708c278d6f87d918fc73af5f1db17d39c43ece95c45ebda41c14b0420,false
0xf6845b4cbc3f376f52903e1e7f3088a30d186628226ff2d74df451f65d11f102,false
0xdbc59013f8ad5647574ccf3a444a2a0a91da8a188f1ab8f7b3d9f0c47a481469,true
0x4d9962c68deba1a9f35dcb0a66daf00d9adda6d27bc1653c868cdc8929a8c9b1,false
0xbab3be56e7db3269d8081da0a53ff2befd260bd35e517df4081075b0d5d8bd8f,true
0x41ea77c9375b7964543949ccdecf6797726eb77a309a611e48b3754d983b9f8f,true
0xb6e6c0dc6872420af603761f80eb7b759a0fde166bd4a6d39b81391291f2c6b9,false
0x143f0532d31e3cee2a959d8b233d2291cd5b309d16f646ca18a79ada4f163571,true
0xf1466f93ffa14881380e76d56e4685ee66cf41af099bb3c90b4e622bf891236e,false
0xc4b7b8add47315ed7f6f9935ce362437909779cd9c95248790e5569dec6f8b36,true
0xcec9fda15204d27afcd23e182b28dffe2fdf93756700331ddd58626ec710eef1,false
0x08471585f4f5f25a54a680987b079d0ade580b7e81b8996de573d030dcf8a31d,true
0x4ef59dd651e34f7973b420ee5b12a5a7bf845f39277323ce0d58256fdc8b4bac,false
0x8956a0d007876e9d220191f1deee65585f90f59ed6e46d92b24aa656eecf999c,false
0xabe0e7afefd53624019979faa0262843a10a43153669cad881587ebf82778e85,true
0x00470dc5e306d7d906f149de65b7d3f7afff8a313363e2c76cdf7d3c7805ba1e,false
0x593c5ca03ba700d45510d2b71bed03df85aa9572f429b998581596b8b9928db5,false
0x7147d0eb3c0605db40cd661e9c378ec534720abcde2faaa2de35d91c6ca6d284,true
0xacca4df5103ec8e39170eba56dcdfabec29fe60bbf28a029448c50ada7b23804,false
0x5dda97aa237185e2882a1d1b7245b3875fde633088fdd472be55cf09eb2b7f0a,false
0xbbf42ebfcb3eea267bb3c9d0950b3abfcf7d28b065e01b661364574707fc586f,true
0x8dad2bebe1d9093bea04baa411e681c1f7b26a2e5fcf0ab39290461f2e7d4936,true
0x91285d0cf6013b92f94484749a4afaa4ac205f5b6f9676a23d91d33bdce20b77,false
0x29cfabbed3303924511fef1550e4a37b0552cfa1889841772cecc5e7201fafcd,true
0x0633c279e13cfd30742705fc62259dda0b8d3f3d51843b4de735907ee649e336,false
0x563a08029efa8389fbab9f13379476e53692e157d8c9c998802dd8e3f7802fa5,true
0x01387e6750348c41781f8be379c2f6fdcc61149656367486f397bf394376032f,false
0x1755bc6952a836aac6ac97167d3a0b2ee4bacab7fb814487e328e485be1d6c28,false
0x23e2eb04fc3b0a7d51f552fc1d192492287822eeee8dfd67292cebf26e8a5351,false
0x294bdfbe3d790b5f7200f9db8a30d4e31fb52629e9ffb770a374533ce8401062,true
0xac6261d9d8334613fcddb471bc2b5f7d25e683d79d5da80efebe5a3f0d35f1b4,false
0x1d96d57713e38d0c6b6eeb8e508f8704514a5db107c7d71c5234b2459be19285,false
0xb214f8520174e36e82429476cb8db872134688a257cb3ea47c72f0095647338b,false
0x2fa157cc655f7d75381c99be755ae022a9b5be9709732a93e68e79e556a646c0,true
0x6df4f64a1f1c44b85a965cbc0cf14ab1e0018077bc9a9eeb2c80b3b5bf2a5fa3,true
0x9bf632826fca5d9a890f29df8d831e440758d83fa63049252ba04bcb220eaf12,false
0x6d4822a5b689db734280f65d4f3dab4e58a315cf4b098f607e12811624b69a66,false
0x71998e4e37d7ba3a7cc0adb5f8034b2dbde0587bfb0fce2380ded6a532365cdc,true
0x377f0e6375802b05bfc1f0c537e70b794c5da5a4e046b66943f20b650505a32a,false
0x779a2fc1c49b51ab1968c971ef005322c02ad2716beda7d3a892f77735569033,false
0xf90e70903ebff697d9d3ca22493bdcd381ea5f057294586446f6d4ba6e8cf68c,false
0x9d72179d0e9c65a1078874065ea3aabf14ae6a3d72cee40e1469c3a464e5034d,true
0x836574856181b5b321e3fe12a79a0aac60f0da4e57f7da0a39272c45df083f69,true
0x6e47e2563b7cb33accca8b387dbf6a045c22ab1a84995a7a9e82326945eb3a1f,true
0xf558699c3c04aa342c87103392b86d57bf6cb4a8131c1355516ad010c353b51c,false
0x667c2072b68de2a3f9fbc95817a9329bbbeaa790420cf3624a3b214304731034,true
0x28fcf93b2fdddf0aba501b4b9fc0c3997997cb28de389dd80b61bb76471071ec,false
0xa7fbdbb15c9c60f94008d997539f4a9b0515d469e87c08a34496ae67135798f2,false
0xaaa324a9685a94314f40740028c529b2e3ca8379ea1dcebdd30ff4aa9e2f9c11,true
0x3618617ec0469bf13d9461abed5c8e66315577600d81e666356eeedba905b55d,true
0xb7876fb08611fe9fbcc1a841da67933a20163ef0ca5a2841c506720bbf7782cc,false
0xc8b51fe258c4b099b6e42bcc9a578bfb81df16a162c3fff287fa861d1b65bbe8,true
0x5c952a4a59ce5d3047b8b1c38d12abfa558ac3e0919851e5638a4e82093c1c2f,false
0x3d9c557e77204aef2673889bf35997fb8141477c1978adfeca7e8793719faae1,true
0xdd1608446e3ba24fb9cec27c2f142b923cd53cd5aa9f3eb16676df30e3262166,true
0xfdec53f497bfb252075701b631dc89f9728eab8215efa51005587d2e33925bad,false
0xade06b29a1866472b1c90d87aaf77f94bbe1f2005ed9e8e79ec3bc0ebdeda74a,false
0x11f9422c5cabc0dd590a84a17ed2a317c5fd1bdb6d9fab85e3967b662ed719c2,false
0xa52893de8a13f667b7394bcee416d0440c19631565a55f901ae94b124adc6410,false
0xdfcb55e18b32cf9c3619f57e7c5c71d4d5a9783a07d496f5f9d067e5222b3074,false
0x2444848109f08f35546a1e84cd802bd09971ebad627839701421afd7fb611988,false
0x292e36a23a46462d2a7235614ceeeecd6eb554b7864c96c5bf7dd757c85ec1b6,false
0xc1edaf823733bf932f3ce806c0c7078446e6fbb37e0431315acecc2746e61552,true
0x1f50d7e479de6700c68bf8c0fe7beb2ca57b7ae24ca2ffd39c6188da67ce3a78,true
0x00290e9972173b2ed1762fdbb42f6c79f44051454d4f0f48b8130b0743bf6cb5,false
0xbf9a4a88d22d7c8c2e2a1ca4799e41c5b5428cea9708907a72bf0c352cc1b0b3,false
0x675e0cc0455c21370e55bfa22ef6dbee00ce4475cf58cb1b8027b287163af439,true
0x4756d81a37279658baa67892644a30845ade7ecf4566ec6d74f450ca9b62de38,false
0xc7e0217c4f572b402686cc6c214bd1329027bb707ed9f971828a4ddb2b96cb67,false
0x981d86bdc038723b6648f36a734bd98610369a304c05de4ea9d6707e6893c574,true
0x4b4f1f9a264606f336a9d3a00ff153d512c799a23b3a2ca9728c85b9cd50bfc0,true
0x41cbe21e816c1c5cfc91e2dd8062a62a77f45c8748651349745f2ea50248d48b,true
0x3d11515551bd034516a3b0974368eb01984b2a35cf67f93486050e85060653e3,true
0x92b1a50e8fcdfc613cf59d7bf4796c11d87fdaa92849233a639b129aa269fb0f,false
0x1a9a33a043091007d71c07877af69c5ae4493885f74eda8c38fcd1c7559baaa3,true
0x4bef42d6ead645e072ab5d44adabc27c68c7bc201516fe182b11a2dd347f8502,true
0x5b03f05f4e4150cef5ae4cb8d25677dcba07dd602f3185f8f136f8737be8847a,false
0xbf1a07df94d6a4e01d30f1e0de6e9ac261de5213922bce86d3db99ffc65a6fca,false
0x339127fdb1f350f2fe34e0f6b8460c3c422f8d47e2660f1be2cd297d5a588e23,true
0x368443e0a341b71c8813239e8fad100df1cfff8f0a8070d77a796a1ef79b4d6f,false
0x2c81666fc290a378fdb7a8a303f7f76ba5bc4783f271874d59a5abb194adc107,false
0x863a1a2c1f723b81658b7abf4d59e6a62ac8abc4993bed4c569c4554ab2f7454,true
0x93ec1eea17b764ed8aec9bb4e48ef3f499c2aa97b170c45c44abf62da2b3462f,true
0x9926a1ccd6bd1f1cd0c70f7b806d064dd919493fbe1048ddcbb3b4d0fd3fe068,true
0xdb00f6e2734ffd743c695c6362c6566768c67f75fd41313e76e994a836dcd91a,false
0x6f85207c44141d4bf1bfa90c2916dbe0e225faaad41a0573e946a97715bcb536,true
0x4d127d71db9753ee0b3295521fa16e1f9fbb0e85b6b65bfdb720ae65babe6650,false
0x9ed8727bd8e29fd6bfb88827f8fe893a0f794845bad6bbc94a103d8cde667942,true
0x31a8d4264939a9a5cc83d5f31b6cf074d3d944fe4616470736dff9d96f04f756,true
0x3f3f97751c46e7db11aecf98a26fb039b6d7ae2b55731b7c098141ff1bede61c,true
0x69b24673740c7b0cb663790d9028a1a07bb1d147950c74086722d1df15da2a55,true
0x05bb7ed56886e52d7bec552ea1eea5656f1c7e0197eeda6c60415807269e9e66,false
0xd3810948aec1058b1b425fb3157fee9eb4e0f36ab57adb1ddd0ee20c4273968c,false
0x292126bcd389721a9fe2c5b4a7afafff1a3e1c66baa7b9ca014bc747e8d91b5b,true
0x3bdfa8501d944d1b167839366a822a56cba89c3e360a23c019e39c0c6a243f7e,true
0x27cb5114abed29cd89378950c29f94c0f389ba05ae538072f3b2c1a28a674870,false
0x6ac6822c494d5514b21b81a121b2d0112239cc4a04a5e4bcc718a008c1a87421,true
0x4c998f0e951c2011713bdd8f79b1adf71ba9edd91e1c053a3e9ef4bd5730152f,false
0xe1b6b9140e316c1520d819d3fd4a0e478d304bf2a04d17a561ad62a3a7d9bbd5,true
0x05c12efd99d9e2de13737e2ebffe0b638556978cc99da363b3d92e66f10f106e,false
0x54e9efccb70899878cbfdca608b4a8f8f062ae0bfa77a0299d91997e3bfce68e,true
0x00568ea8fe22ccdbf61b5a2f4e61bc8ada0bdd1d617f9443da9d841c10b5ef47,true
0x462907a35da4263a54b17332bcf5d01ae7d277aaa658b10c548c8592d11e22ec,false
0x0cf8b3654696564f374f4b045216a8766a0c0ab3c3de50664e779fa678bca357,false
0x76f8f9a61a12782135b3fd2e1eaafcce7c3047bd0c5dec30d235350477928a28,false
0x0e21fe6b8121f4e8061c4dfb155bcef9a0924d861b6f0655e689acb791845964,false
0x328358dad7f00045818f0616eab5a8a60a9c10a3f7de5338d76c89d6395caad3,false
0xb4daa270bdb95f35765c9d3a6ee300ac96a71b0fa48b0ccfa76f3aefbb5092d2,false
0x33b460e07bf42736444e4a8e9faffe0ae16e81f03017c9d62fe91a02b4498715,false
0xabe8b8dd8f5ab36f4b23b88e4008e671244173967d0c8a5d263f2f918729b3d7,false
0x829624cc9d3951b7ffb090e6c348f285b18d5830c3ce250e02490d20a15bd6a9,false
0xaf511c0a4e60a59b33d0f67f1c9d3a321f851a4033ca0f6d6d99df52ab27c9b2,false
0xd41c4be45e60950f538ac45b729a4a298453a67e4f5cd3071a469848c9032381,false
0x6ea319ab0fd3c87a0da06dfa27fe6822c7c6376fe87db4a4323f9b1aadb90146,false
0x9ac6babb3a730cd309e7db972c1d2bdfb64c26ad7e23cb1d82c69dc5ddaefdab,true
0xfcb0aa6bf29aa9c81bbe25fbcced2ae351e2631b74c85ac7d02b9fb94ce76e1e,true
0x7b7b3fa9351c6104670d7ffb75ee2e9d8b086d0fdc076f207a637ae18b7f0fb1,true
0x573dea9162a970c405db0a7a27b9ca127d3786f32d2cf292fdb9515cb8957060,false
0xe97f9cc65471561313e279c21a3d0e2005fac9254e6e95ac856bbc0b8d478149,true
0xb4aedff73ff91951a14390fafc3580c79c459369f63f1005e4f996d65ab882f4,true
0x27fd15e129f5a5096e0704312bf138712f6d77d1af5b5050454cbcc9c8502206,true
0x1b29c3b98815c3c4eddefe266a98a639027f1de383d6558f504996acfef6b396,true
0x685a8e2f1956f794caf7eeaa77517a506e00a1429dd7d699ea527a44f512d6f0,false
0x7d4bd0bedb640912ed8f4d748246c3a3d8c192ec478e1cdb3f3e7e16c9d65fae,true
0x421947e6f2f4de60de5aad34d7fae3a7c1fb624e6a8ef05a972bc94d529eac3c,true
0x7dd33fddb221c933963edf963ffc5b5fa39742f2b4aec269fcc90e84735da952,false
0x7453beee8194bc576d0d6980a8bceea47bda7f4e3a20fcf973bff32f27ea3a85,false
0xd826f946a55555ad99a47a4fd3ff9ff7a7003f0a1bfaf869bebe77851594846f,false
0xa3cc131166c98c27e618668b3d3b3021a130ab3143fe99a5d0b0188f90972543,true
0x8a5e8465c2c71373b03db14d9cf652546ab39d341f2f51d971630e8c8ef913fe,true
0xbee97cc7b1d307d252a34733a3ae708a457c171c40c3b8e7215ed4e672e99444,true
0xb1906d26b9944751258740fb38ea9890b5c99bf447f80c8c54c36b60cc6a7b62,false
0xcf5ed8747943d4b6bf756489ca339a62bcb4d4dc1cf53322e1b07fe2c3a37df1,false
0x2e72470c1d686b1aae1690071886e636486b3dc0ff5fa578deb273a854a7df6a,false
0xa8ebb3fab1e611ffee582b08ccbc56ee498157289471e10d3f657c47283a9a79,true
0xf7f5c242d6d488d39140557f2eb852a86d26abd91326bd6acf15fdf4ad1a27ce,true
0xcb1fccedda8ed2a634ca7542b10685485025e2569349d5c2633f795f272b7045,true
0xd7e136c8748031ce15a3cdd6e70744b6ac5862aa8ffc979fcfacf7aa1d012e44,true
0xf5633c6bf8f49a6fb1164f4784ee583af209397663b9fbe0bf41e28216fa33a3,false
0x07490cb1a9bf96dddebc2de2648aa6a851693aeff7610b83845a54b1865cc4a8,false
0x23ed02e75617d7a1142feb5bc9662145ae515fb2aac6552606a3e2aa52be8f9b,false
0x29b1a4856835db6504a9dd595e7b6ff52af0b6ec3feeffae4bba1cb86a388964,true
0x4c72b9122e73f0a0a15b57161041805e0b9e2d20af7b3c46bbd8b459e6e416ca,false
0xfeef2c24b76fc3b9a57246448a3964bfd2a905ef14a072c81160808eb199d846,false
0xe58c5f8fecca7babae641bf97c86a476542e916184405a8d317b11843c723aab,true
0xed92c2fc2064a3511554478cfe670c9d12ce3401a040223df972b7dbb0acf138,true
0x2922bca063c21c1b01bb2ae91e1b0dafa2a543904d0a5b7f73604c1858f54ea2,true
0xa36b7ee3deb1d5e6e7dc0c3bbe3696045c0f9899992108a916cc1045c7b02510,false
0x8557bfaaf02308e9d264a497cb6c4b01bb43c2c77f8cc97189a0145c26f38751,false
0x80188c056cad12827af7b690ec02a509f06f375a60fcee8d2d656f1bb271b82a,true
0xb16a3dce361bca2ee3cca090aea93d6cdd10d82c6a349f97acb4e5189ef5499a,true
0xb9c382cf8752921f6418754df1e8f5942da4e1a2c2471f39d29b1ec7cb14fa19,true
0xd22da0261c75b2e3f13ba437d3e80b80cd8da57be92dad4c1a17d082b5601c54,true
0x14ae6a5bc05d4411b163522f006011586d5275437d0006f1894343c01dc6df7e,false
0xb692853050028105919b64afc9a6c58abb0d3964d1503fe57a7d5089b6ae0f5c,true
0xa050b4b3dbe05c3b44b7a9435e2859965a1ca8ee3f570a69a1828efd87cf982f,false
0x707a4c6498208bcf61afc0a78373834c4386b8374cb14bdc31c35ca0ddf1a9e1,true
0x06554849419832675ff85ec8fe1eb62aa63e5fb0560f048e50e7c522282689cd,false
0x299c92cab1b7c56a4f641758a41212d9c06dfec893a2635f2830183ac010036b,false
0x92f2ed0cb52a16aadd88fecb8f0d42103fda2ef09869c99067d4c58492df3438,true
0x5a2380317b17303cc4680fac04e9de0e867aaf2e8acba039f8e1a7a0b99f6659,false
0xa994d599db00fd8bf0f004c7465f81574ede671da7728405472e5925c8f38e83,true
0xe54a964c6a40898acd8bcf7ee05e15a00d47db2177973c1dbf71debf5f452486,false
0xe764793d4da9e1e8b9bbbe0499baaaf7facd9a4f0511adf8ec6045f1be78ddcc,true
0x4ce0ed55cd47fde1baa3ace446502a61e29f5cc615cb112267f8fe9ba3a402e6,true
0x6cb479ae0f9bdf81d75c8b01f85acc2e77e20f855526060912a3020b4c61c690,true
0x89d89ce5bdbe830e8052a7b499ac0697d3be13aa688499678b0656786d3dce3a,true
0x3ac10277a335988a04ed205fa64e8de6fd5b0dc25f15300b9cfb0f04a5cf24bc,false
0xae283d8e1e1f5229ab76c36ebabb189f4b3006113a7864ec7a5b9c8f9ebd583a,true
0x429bb435765d8df01a07fccb426ca381f22a3f2bf9416e17b7bdac749007ab70,true
0x9325497e2c802e7101d54489a5b921178387429e0770ba695e34a8f52ae94fbb,false
0x0faa9ca1ae5c8cced079f22c3a7b292019cf1d4ac44497d98ccdb9f11dbc13fe,false
0xc14d3e919fb3372bc7a06d65fae9995dad47571b6dda2ce53f9be0e3d67434bf,false
0xbbb12fb32dc501ffe216bb807da051630bd7ba1d3a0196e39390cb0547207965,false
0xa6a7fc1a776da2f309d5cd04c85d860978ecc2f053b36971ac17f394ce5f0e41,true
0xa9f1b8edfee42ad01c3b56c34909dd140cc0431e5078a07c64f87a75520d644c,true
0x2cbf4b79c1e1b3060d2d887ae5ffeb703e29ba0f47a287a5de43c0143f0faea8,false
0x1c5a82448f2611bee91177b3217d2ac7d1d9ec8ded6a08da79b48806da59f38a,true
0x15cedffd6c5a05c54659f09800ad93c4302bac1ff8429082711a00bc8fea4ab1,false
0x458eb80620ac7b02956fbd9dee18dc5975aab2dbc97b2d10aa8bbf0d3ee27633,false
0xfbbcfba6711dd2bbb43dd1c5722b2b4aea14bd46ab0359736d08c376137feff7,false
0xff947f4aca377d7cdb3a4ad2bf14b69fe5a226186b955fc38f31ac1a83524582,false
0xe848e6f8cd7c94abc103856f5566f148c3712575be60190c7a67b7c45d1a8e94,false
0x8c8e5a892a12bece817e23dc11faf871f2da2c5ea007d4e60cff2e56f0147688,true
0x7a653f59f323ce493af3289e67024101b64e5441befabca4796510f0219f67df,false
0xafa1479a2b45d45ec60a98cafd91307c9ffed36b6e6dc0a92c15e42a2884d355,false
0xbb0d22b2735fc866e0129afe482cd29417af859a2ef192b348d789473a80f44e,true
0x2f52c514e9f3b913243188cb05798e754d4cc1e61456e935e0e809d8f761379f,true
0x43dc787efbd9df8fceec5399618bc2f21f91d645e3b47702f645694deee26eae,false
0xb928c0fff56d43f7eef25a5edd136f51339c523c36487ef44a7c8f5ec77a9a08,true
0x89d05a1e8deb3fcda160d1d36c60996de942f35a76e84d0d8285b487cf4d9520,false
0x548703480a06006010010bf84d27bf134e0cf43c1e221c2b7b914d9ccea0e3ce,false
0x0c2a14ed84eeacfe50c6f7a9fbf9539b1bde97fe27265041da9ade070017b8a8,true
0xb575d89d6c24952f6d4a1f958a16b404fd3d2678a3a1b5d56488ded435a6bbc2,true
0xa5e27ba64f410e56487431c9c6839ea7269d3d0f08e710a290d45d57097e6d40,true
0x95848d4a40af768549e2dc3c0d9306890b60f345ed3e969017df0030dca0ffc4,false
0xd3e2f782f03c9d98f844081d512bd8dcdac22f9093d4838a8b80590cebccd3de,true
0x50079041ffdc58ad6cd4f1fae9187836c23fad7d9aa8c6a7a1d35b698e126043,true
0xf7347d7683a3c942db90151142a982a1ac6a5334992f191f485b3ac96a3cc3db,true
0x952b4e3d232913f34bf0d503be5f08f8799a30a86961dad8f3d0fa0915b67cd7,false
0xc41a330c861c81232869b60d02ec3d8c3684733c645e5ce204a17518e6dfc4b2,true
0x768f94705e73c7f5141f64b756b1a62c1afddc698c6fb1f194fad57e7e6226f8,true
0x3b8b1749d41acdffe650666c3aec24738440f66ff528deaabf795100c8769274,true
0x53b576c02929034cb8ee7a085575d63029e7979aa3923db3525c12eab0a09d20,false
0x71089ea99517d5e4f26852fa83bc5252862ea2de56a49abc5e2166355f8f5e5f,true
0x5b4e307ac7d254964917b1d7a3566909c939b9b1da39f305a8a6b37bc8812cd3,false
0x406c313f7a638b278b151c965d9673506d8656a0ae50c29699db62f43db3e0cd,true
0x0973228e56b2f277007691529786d9f4c42d716d468ced5b5f282ff33704901f,false
0x615cb1e6f1dafdb460fce578a393129afc2a31310f7ec2ab9593d94fa54877d5,true
0x306b3ce27c43953da6c14baf9ae91a6cc59ffaab088d9c46a3481ea0a4c6b809,true
0x3a4118c88a02f457123753f9c7de944ec63eb84e80d5637439a6aa2c4e9043fe,true
0x625ee12d31b099a825bb62a5a5487c85ae731aae28c2f1cf0f9ccd6c6e6e5f2f,true
0x94be25080a446ae008239f90635f21e3f0315cec550fcb1417f4bd25ddbeabeb,true
0x2db0015ee00cbf462952be3466a465aaa347532f2cb3ac7dd9084854e1e6bd53,false
0x5a4b977dbf9de74cb89a260e7efdb6231bb3d84c3e8f139e08156f31c95f106f,true
0x22dd372f1cdee6c28201f3fa6029255b2a4acd6a1113c2ec2771bed2b5f89386,true
0x8b7eff1f5e2d80d83740539f51c19196efb67b26b1382858db45444333df696a,false
0x19fbb5e7e0c5db500e4d3bb7d4a482c53a9916d688f36474041b135ac861b675,true
0x5fb1df436bba898c03be01d55505a0c46d14dab95be0db266b757992f00bdde6,true
0xee92efce83a79a06edbaf9adb16e529f399a9f7706977509bcdedeacdeeb27b2,false
0x29403a66481ce774d63aab0248e6bc79cdb86d2c531058b03f529656d953681e,false
0x1899d3e1acf5f0ccce95ffe96f6fe7b005a3a1b46d2ef491e9114202845af16d,false
0x4ddb04b25df8def2acb4e11996db8e6652a79639602c040aa1a25bba9b1e0fed,false
0x7767954ffee7bf2cab82321d11eb6dd2cda46ffb1dd99b9b113c5fe8791e9204,true
0xfe380ebc4e553228db82be9de822d6aedcacd07d9592bd55bc89fc01b1587ac2,false
0xe1fa0ebce264f7460336eddf5b6f2883ae7ec192e25077cc400e9f3e3a075a14,false
0xfce26077563af9192faf4f9a9c3efb800d14b65a52056b6eaf0b8ae981c41c45,true
0xe663f96322ccc4dd2af29a34dc203ef7724fd4665b6fe96a6a64e933d880910c,false
0x4ed9e4dc82487c7752be937a3c716fe5d17e8ff7e4bdcd796370f2f77ba845ba,false
0x830fd5198bd351962e3ca893a43c71b7bb99dfb7c2c03e88939d75ae3899e728,true
0x6477255b3c0d060363139ea15d26ecb7d3d812e3caba4cab546830fddd77ee65,false
0x13f80153e41e1ab32103c01f8148aea91961a1b78e7f4fc86e3463a9c0eafc8d,false
0x66d88f2765881e5456ad1368c5cff003809325e4a532353a55c6693d17264f85,false
0x363830aa5691881321bdc189925399bcf2b98a207a797f00d499be5284da8579,true
0x0f5d809eb090255d69a66669c672d9e69622cc8c94d268f63a594beae7876302,false
0x6cfc361c7ba39df87a9aff72a1f16dd843bbc96828ac7885ed4df476aa899df0,true
0x3ce57d42341bfe152c2b145f4d4a8b3bf2679d19ad91396a403d6ea73f683bed,true
0x7c855cc7e8035e20ddfe87ed821f74a45997fddbeb35e6c39bdfb90666b2debc,false
0x08bc2893f2e557915d5a35e988b5be6e17ef8beac88e63e6ea096bff0451a122,true
0x9ef5d3f1fe91cd2bdd404d95229d52d773c77d2ee0da600b1200cc725f1477b4,false
0x82d10ea0f110ddd543e0851a9d36321d04ec93ad8dac5e91c94c17d59da2e1fa,true
0xeae94273c0ff3a71df5a00685ade0fed7b51592a8c783f9702c4ae09f4acefbb,false
0x92f7f1b663716f13a9b2f2dae00f4d56b0089ce5b0328727d04856a931025847,false
0x7ba21d836682d32e5a1698ac4fa3064b7a42bbe688aa20de8753d4147771030f,false
0x4fa4a143fde6dc81c0cb33dc05c314aef173f85e7502ea31a6ff63f7962ba45d,true
0xa53d8cb2161d52bc76caa844aa18ee3d9fb0018cf3c74deeb96dea822cef39ad,false
0xae32e8f073ad27f084d3759fbd028cdbff72340365b24bf34933b13aa7136a14,true
0xdab7d786e0720ccb2056d70d7f070eb8e7b768668295c61f614d63bcdd95dd10,false
0x9478d5c7141893841470e30231196920fe42670bdb0110deccb9126cf71a883e,false
0x44093b80d3d4ccecae2daaad83e7168863dcd55ba9467eb045cfc35900e0dbe8,true
0x166b5a215ce94edb712f7109b6209de5148e1555ea9897b10729e8578442c6c3,false
0x948b45d6b4f5bf58a377e1d1a4ae81b4a0ef1d03a1899984fd9025fc86e12399,true
0xc21cbc833bc1280fa2c5987e367bdfd0a2ef9f299f4c47da876281c586fd7752,true
0x6345d24f34727df96864090c2597831d7d076f87ef9910e9bf5c6292ed0f1f91,false
0xf3b9c42636adc153c00aff4cda31052158b260d86c40dcb1369e4be47766c33a,false
0x52b2dd47a984595a9bda1f79547282884ce4982bd9ae124cd69b320de89a6f28,false
0x1e62fe5165cc1ea0b8b1007212fb5f2d3c69f300c1dc33b41d8048cc8922e226,true
0xec692bd117fbcb3a4608d7bebd3a0ffd45191dc24ea75bacc928b81d288e960f,false
0xaef79db853662bb2ae95a3fbff7e5e77178fdd0eeda6492db78f056f82e2caa7,true
0xfb72491610d5d42e62d585bf577f8223646e9918e8bc468de5b673f7d6fda1f6,false
0x7db8a6407f22e74d5f97cfb983afb11522d5bed61f39bb89ffbe6cd75b2e2ebb,true
0x0ad0d1167f99af4473a08ca2dd14b73be15070372ae24f91192c46446b85a77c,true
0x764e8f22207032732e16e882ac8668db424439b3d49b18b7b4e9a365f73673d8,false
0xcf4930ac2469390405b54d9f3661934ca2bd54abeebe64d2f6b3eb32290a6c6d,true
0x6ea942e41048ba43b0102cb62eee87c57c710733a391bd8760c575106703a5ae,true
0xf6e615a2aedbe616f8ce9f7284d52710cc26854911575303e87fb1b4fb178983,true
0x1348824e1e8ca58c3b832fcdca1c57f85cb1c33185818aac70617bb5b1fb8e7f,true
0xbd07af037847094177ddb67fe2f1c468ab374246567f8e4bd10b89de5865333f,false
0x51fc1d2a41bb6d1387e0fd61fd82a57e6899e38a5958b84a7c12ae94150b6a5e,false
0x1762fd3bb9cac814ad3fd9c24975fd3793d51611838adc432de64e854877520b,false
0xb845dbd77ce8dc1dc10a83066f47b583f21346e4abd1f75c6500c68932a889e4,true
0x0c51a398e26c386df1f80e7d7fb423a9d9457b697f1f4f6c1cfe4de293bd62d7,true
0xa52c0c0da5dc7bb2f9dc277dc23f0c4953142e7bd0253a93629a1620acacfc5a,true
0x96828edf62aff9534bdd9558f5f272222e49d67d5c09e6efc9ad2aa03db48d5c,false
0xc7e3e9053a0e4c8f4efe4a1f19b13093d1d5d8e301e4dd3bee01932d57ca34b1,false
0xe0dd356d0838b7506122355009331729b1fc2f7a18e9d419807c309e60f43202,false
0x54ffb65277282a5df0c93ec7889683b2932d26a5b3a50129452f176f0b89b506,false
0x052d86b2eb7d07b609ef389ca6ca9c2dd8bcd4b651aeca97fe0653415b094e15,true
0xd4cd40c6a6bdc461cc4877e035efe14386e87be8722de5a1bd1aa807941da217,false
0x2bc9cce7de26b809e726a3a9b97da2bc6f18dec4233cb1f6bae4f2ee6f046484,false
0xe145b815224a06354ed93c306bd1b415b7ef3c72375f5b459aba6ecc54da8968,false
0x3e3e4cd19c3ae8363db0d3e3b629911885ce6c30d0bd8cfbc94b53086b25ec9a,true
0xfbb3f92f4f79826a3da6daf408a6c3f37ddc017d64b4062c137c87ae7e0cb044,true
0x76b4fa168d6089569a4438237c9579f6306f04ce84a3ca02bd2a8504892a5061,false
0xdb4227d8b2ad392a3136a04f227856ab38ab054b38d0a1cd81a8f1373341f015,false
0xa3a5c11eaf157583320dfe1e2a145b9213bd403e8ab39a024c5fe5a9ec706119,false
0xa4d520eab94bf40bbf500f322dcf9568f7c5f752516dc786176ab06eb616f167,true
0x7770de88720cba5604f5beaac2cfb0c9d0691577f994a3ca42a332f5656f4fa0,true
0x90a2019e2c0e51365905d16cdd69883ebef994036ca69930f7e26b1e6fd5407e,false
0xfe17cc83d8deb7a822498fff1584eae69f18d5fc48507bccb3917f57e78ea079,false
0x8f37fc3babd4c2f03cb3d855c2311058579a27a166979e5928e7f7a56440f749,true
0xd7893c8f744e2d8fa86e3cee5f2cf583240dc12837830fbf6ba47d8d3d7f11a1,false
0x44e17bcbd9e40c5c6bc54448a378a7b79ba11320e2183249e922960ef64d19e1,true
0x911411fe0680736e21bdf397203e4c0579a2e3bf2a86600eb13178161c503a14,true
0xd1e58b5ec1886418863c30d2ac299730171f1ff0baab9bf94a0eb139978ebeb5,false
0xfb2e93a7795e8dc5dade8a9dfe325b1f120eba1ada1314ad145f9e8d14bce50e,true
0x8dd44c500df2c99dfe7556ddfa01b7479dda4951b9d6cd397fad922e4eed8fbe,false
0x2e0124448f694d3a327fb3b716f6fe35aea63a51776a0ff13bf03a3afcf97f49,false
0x60bef4ebebf4e60950a87c7891a51f8629aebf8811c5339bc060323dd4f7931e,true
0xdd38d96c1b25a36d5c6f0e65cfba94efd68b193f3f5e237015034c8191783bfa,true
0xb23af4ecc2855b2431c9e920bad5c5435beebeb054683f4d881e31cbb20491b7,false
0x5cea74fb5bf2d322a2290edad4cc282f86e376579ad4694c58998870a399ea3c,true
0x071b4264ebc6d4310fb65910b27c66c9c68cca6faa73f25280013d86d99c8aa5,false
0x5961e3c48c640d28b49faea6e5d38dc0ec78f1aa945a0db0ed6e58f93d3ee917,false
0xee76efc6cfa2c379e123d9fd7891d3349939e6fdf014d82043eb361551a8f178,false
0x6276afe995112918f817c5693d67694128817cd5e37d9f7d9ed46f178213fa8f,false
0x1a65bdfbc8fe6ace7f51990f10447565a5729875214dbda1484fb342494a6002,false
0xd44373c4f2bf5c1585371632051eec8c216a18393bf649c578b0d9721b1cfb2b,true
0x8f368cc64b914f57e7f7b18f45aa029928d9b2148bd66f259e22238e2a186d93,false
0x667d9aa83bea365be361953983c2f01f9e7060391f126cad9dd23f413e9c9669,true
0x3d2b8db35332636e435c1f43788e28d29fd9a8ecf5de3f2f33da86a762b5ae86,false
0x9448959af17be2527d8f5e71512c7a4bf91b806c92e94c951cd5519dc341b9fa,true
0xde9ead2cc505ca6978346f096d41e5cb5e077da5b5f8c5f6fc36ea3a51ade4fa,false
0xba83b1b08953fc4bf255867677f462c80efc5b46c660dc337406902f10a6e685,true
0xbad7a760b82add9fe91e0cecbe243161ecf92ec808fd3c1844952cf8cf536ab9,true
0x0121fce77d23e2459f0d0499170ba71de8ff5115567bbc9843b6d28f51c20446,true
0xa6f092fa0f614999a402cc06bcdb820d3f3fd089c2681e0add1b458ffd1d97ca,false
0x91faa222cdd65e0c93bc3debc67866eef6f007498089c1ff323e6aa81633d7dd,true
0xb4ecc0e3f3e8b9031646088a75cccd6a6d36d94906664152d477898b1a783253,false
0x6fc69bee0f54915cd58da51a7cd26af089804c8eab31b40abe46e92310d417c5,true
0x9db21f4d0f82717e8d61cb2de488786f6658c862a6a60e8d485b0be7d47e836c,true
0x6ef9c9dbd990fd60714cf6ca29b76ee97537075156dabb5876817752b85d49b5,true
0x8a12b0e9b310a05c4b8ec86e981dd553d838d29a4b0714e7365f910536f01011,true
0x2197c47335ea383d41caba3a6a8f9951c64740d96594f043679dc9a5bd5a1b5e,true
0x901a0eaf443d14a7b7a9fd2c526a8cfdb884fbe485e7fe82418e9a192bf77135,false
0x18815f4b875d43d11b9b12eca2005e4b0bb65f2c5c27bc023c0645950f7436a0,true
0x7293ed023ccb0d5accbfd74220c7caaac29a6d9d2a07e5bc0435eb27238a95e8,false
0x61571b8bf833e5c7894723aaae81c72917d2e90c031458c84cca7ef6ec446e89,true
0xf880781be95b6e1b9cc7119175aed57db5e69ab6fdfcd06f91fc2a0b73e2091f,true
0xe68950d7fe4bfb8c67a2face5bbc28a1adc1c9134f33e3b5fbb2b30c7d4f191d,false
0x3e41bf4b155274ade9559d5b1c9b6f0286b40f93a2339beda68ad4e930567324,true
0x210243f8832f11783f597db84d66b2c67cebb06c6a6bd5315b6969312dc3fd0b,true
0x05deefb9b5356e28574353fc43d628a0596f9e130abcfddb4e8e7c194c483569,false
0x139f9aafdf355dfa6ab3390eb3a5b9f5f98e59d7b0dcbde3345f4968d6df5883,false
0x1918eb75dfa47087839317f810ee937691bfcf469911f86a56151d3846679115,false
0xb64cbdb8a4e9513fd308c35906fcbd806f38a67fb75c9cd8184c8af4155d5ac6,true
0x4d5a54b23a7e4d796fd46e8fa0a65809d1c93f91064884aef297aca531f1c034,false
0x8327848c39366caff7c3b8ae9ca2fd5ecd8bc276445aa5570bd81eaa5d55d3a9,false
0xc04a9e06cdcf776dd75e0d1c66d7b07cbec46d9ae53de525cdf7dc76c9d561c4,true
0x1190e33dd57ed3bd9f4cb4034a8e6a48aae7f6c777865756e84f2801fc5119a1,true
0x6d562f4883020dc732a751d6c7d33b35171fc335bc991fdfed6a5df403a7da9e,false
0xdf85b31b8dc0ad01bca050f5d228624dfe0330074d25bbfa0b9c18503f2bd1d7,false
0x50ca8eb74a9e94863c55780331946d0173c3d32b0764149412596a1fc3cb7bda,false
0x2e644c39894b139fdf6513c9f1961b6ddf854e624da4c78a7a501228a2b571df,true
0x242feec01f658b246fee05d2ec06a5d71a354e02f3767a21ec5527f9e0893a32,false
0x65114668de725095e4af7522df0dfe58de6867b03fa54438d062ec94294f7c8d,true
0x18eddb413885949c22615e6af872eef9153f3e0a8c9afadffa3b3f8ecd776c8c,false
0x09ff49370a294024db2e1a5da9904e3e4a6b9b9930dd1320b9089b56fc28131d,false
0x0d8b91146011fcb19019bd3881fe44efd1bd00e4c562dcff89dd18672915a5e3,false
0x8040e350d8dd29986c9aa4821745afe50763cf93408745d7553c7f6013bec0bf,false
0xa2dda294fa76480b4cfa638216f3ce696810addfe2275c89890fbc7ae862eaab,true
0x4224bf27520eed0d82266352ca505561ff7342e5004c097809f80d01339601d3,false
0x30b9b55e7c467597b0aaa5a4a2791a9191b87bae13b89bb17cb8b7647ddac6a4,false
0x15fdc69786d33865a94cd1904c6d0686b2882f6f6e3c21ade377b184bf187dde,true
0xb0072a0860d955e1429865afffe1e8803d5c68a582a43b7c3095745a25a25612,false
0xaec94c75b12dbfcd801599176a19ec90c06dd6dfdd7bdbf04f351d924f7fe97d,true
0x9d459477401333d344a23949aad708ab5022ecc8d15adbcd67494391ce63c453,true
0x0dc52899e4a4ca44d69efb40fbb2665f2ee18692ee3b13db54d28c5284e0b584,false
0xdd55155ef8a58a1cf264d5f55554f2e1e42a612f9a925d6a2978c6dc8ce80451,false
0xc57dfabf1244bf5fb58a92b97df9427aa72f503f5597727cd8ea586c14cebeca,false
0x0c74f20ac7ce71eaa570bcb6fef9281beff200dcb2435647d8d5a567f58362d5,false
0x2abaed11da0e5bbd3e5b983a814b4b218239fb6d34641ff5d82af80b28c7730a,false
0x17e2314bbedd5e8ef014c4826b5f7c805ea125b62149d0395b4d6096d428a556,true
0x3782f41c6baf9f6a7a083bb0d057bbb412021339ab2173eb34f70930cca1353a,false
0x805c2ada7fcf5e1713f16d1b55998c9a2582b656bf2e1593730729c102951c75,false
0x9bd3600d6acf1fe2fac860c276c98cea59460debad3d9c2792e0ff96bf062108,true
0xba25897342910bcd6aeb1688eba67859b961493516909dc1e1f6fabaa0389915,false
0xbe81de2a8cccb5469037d329d88ff43ed3881245e257fed22a66a965eea753aa,false
0xff154b03747967c1e2bc3c3991ec9e7522f09f80372f58a17286ba58992e633f,true
0x5760141664a27fca002f60af41f8e77e5825ea9466394996b5639b15d9991f14,true
0x56d5e40116c21d3fb24c169115298762179a533be307f7da83e83aba8b5089a1,true
0xddc6636b1c4b8cd46a2dcfcdd0b30183512e126119960de3652f475f70d14300,true
0xb01e355a699388cd3add113737cd2e75375cfdf4bd2b682074de99a63590d1a1,false
0xd9b2a594acbc1c54c6ebc592ef1e4110a68e60f0e311877bc09f94721c0d0763,true
0x13caa97b8fe163c3952c045f733d51e9436de0ba0ae174d1525e70b4ad5750c1,false
0xc6827636ac18635b066eac06de804a4d2d183100c9c05252d01ff6929589eb94,true
0xd869b7ad2feb11033c0a5ac0573502dea88df1007b6a4394e490c8f1d00ad36e,false
0xad5e1826d27e62c2041e7ca6323327413ed600a0d4d297e25af5e82ed19b367f,true
0x4d1e3438b18a5f4a9658a89c018d9089575175ca2741b83696399b9551f167d7,false
0x43d65bcefabb624c83482470221dbe31cfec56079f786e803f4cb5454cc8235e,true
0x8b2404b127168500e98b964ea7446676214f6aa200ac5a048907d77e7048527c,true
0x83b86e7dc905fbd58dae7f80189a9a3b4cc838a0eff3eaf20c820ff2cf8a8d08,true
0xecba813702dd22630ce9d7842f2a0bf24ca51e0a6c918d431d0f830d595544fb,true
0xc2d0b20044fb8e9e4edde15854f9d8ab0e591d0d2bbfb4a474ce548bc83f3f90,false
0x08ec3d029b29e211c617a8b92d69cf00aecb504e5250fadbc3df4a24d9cd943f,true
0xcf910737b53a078ba26c9a3bebcd12db042278b0015be6a9bb0641190d890cd9,false
0x0d026ce65f2185af16e3ed271e255713eddbe4349126ea66d29dbad160bdaf39,false
0x0d101aeb9eae0e01a1b206f7f45b3bbd5b0292ff206baad2799c2449163c308f,true
0x24d1513513bc297f1b1a5304a4b3aa5479f3584849535b7ed4514cddf1b590e9,false
0x3648cc7f408716e8d9d55db745b979d2d8f0066f2bb4a5e002644e4c52868132,false
0x35d77e8e51b138c18ffd41683ce610a98caa547af4d782e29fdb327d44067c0e,true
0x1df88b7b9fd01a7486819b9eb35063bc24ee7b03647546fd1844ae7f59347b47,false
0xfe82ffcab218f484e48f7c60a277c6feb0709b9c49b3bd30ec2f4c50a6f33bf6,false
0xe4d2098dfe79f7094b8453ccab44cc6bef288e9861d72159ad97ed1e63afc1bd,false
0x179bfe8bbcf60d31dd379c10baff1b9433ebb0635e5e73cabb176f15636526c6,false
0x6fa2442a9a46b22b12f65071c9ceac9d945239cb122c1d306f6625d6ddf64596,false
0x10411a16b2cda8cafb62427b36004ae0b3c0ed2165f53e0b487dcf6ac963ac55,false
0x12a265f9e326ead3a18934186f74a2cc92e002aa45b56334d8a374e59cce6d4d,false
0xec337c0ce819e20422f68fe6126021ed84f94470ae530401a7fdc4652c4c5e34,false
0x4d2462f19749589679a848750c384221fb6d9fe9df4e002e816f549fedb8feed,true
0x1c7d8efa37a2de9999bb80f58518be35fd63600f68e103abf6880f941865de05,true
0x3e71d72c54fde27cc0e06fd7c6d1d09f49618b5cf6b9f9794325a9c5c0502c55,false
0x17507119f98dd6f746a2dc574ca206428e3aadc99da1ee1a6d9bd4a13db87940,false
0xa04fa66c15f225eef0072c25cbfb48c639d90fa10715097b6fbdd03d9458f093,true
0x65165bcad341426e4894e742c18d7bdcc0c1b366632e6755574c8d724329cb2a,true
0x7cd9c54925496c864da0f04ddfadc7773665e729c16d3eb59fd7b890f9eaaff3,false
0x743f891311ea0148b35c38a195602505a29db86856462bc7312243df168abae2,true
0x28c5abac10578437904c38bc204b07c99408f789320939e1c7fd578e337265e0,true
0x85ed8890ef97c53b551c3b5600c3b3e6e87675ac73cde24bf8befdfab1817970,false
0xf538f24502f37f8645ec80b64b9366f657ad5aad155a4e95adc30bb8d3639272,true
0x3ab71da1d5879bc4ae008f67dac3a531ff6a54ec6e83cc8fedc57452fca614e4,false
0xb9a1ad0cec60a40e9678d686a73e632595db75acf26f92e4e9aadf6e729ce21e,true
0x574b7017e4329ed14c5118d0a2ffa54aa54b4a361327aba9f21d948e15031b83,false
0x1d6aca01b3ce29c0c69b75cf5b479e66a9845114bcdd1a0c53bdd40620f1ce76,true
0x7bed91bd82fb12969a7f9697f4f8ae56352f2e4c2b6533096d1959864d1811a7,true
0x4074a730cb649aae36543554bfa2e4ce0ca093e30eddf863dcac392593f1784a,true
0x33e3e4e34821eb5bfbc527763a4e2571d834a82e166d973fc3c9d5f83b9c9350,false
0x74be7760d8a511d2b9bd9b0cd28e98f0b80601dd27b8e39bd5887fcff0cf9ab5,false
0x8c7dfa393f7224079539e0f8293ff849cef873b10f1f4275324142e6d6a46ed2,false
0x0c3605d0f555744295293615764296f3f44b7a2bd66b913894e2598ab6e2e6cb,false
0x86c436f05e4d08e0fa5231fd24713343b97570f324d59fb553ff06167a5f164c,false
0x79d8fb7785153166a6bf83ddfadf0bba89075fccb4f305f249764c2b64bea204,false
0xe43aea5d215ded13376b29128217e05b9cd729c68396cc3442365c1b839bd547,true
0x41227d995429db67304c7be2c6e0b056cf754486d833c39f6862849a95befae1,true
0xaa1a70b9cb3a0bb3773fc0b7fabe5712ffda11d0802b7e4e2eab4d9b2d878074,false
0xf88e791debc218d2dbf2adb033f5ab22ee402a4a644d27f34e9c6c025ecfac0d,true
0x10f6b50aaa0138d04ca76fd1be7808768845601fbc41d804d0a4669e4d927a72,true
0x776d6e63d8b3f50d7bd3313f9ea244ae6ee9c0d36be2d8aa2a8a93d45f804f7b,false
0x1ecdf45b0575d8aab6ba62d153c0831811612ebad4c953bb8f3eec03cb5a5427,true
0xde0455eca99e4eea702a920aeec88ba990681197d9ea37beb98ceba9c168e789,true
0xd725cfa68cf11ab46fbc8d2fdfc9d976312bf817ecf9b021cf66734b46b20f9c,false
0x951bb2c4110d896187fdd43bb4bde7fe5606744666706070c4dcdb2de33ab92e,false
0xee505736e5b72df0a2cfdb7b9521b76395687cf736c96ae2f3fd827906385c82,true
0xf3f010314c01af11799e1f6f97db47617e76416d583b98ad628070856b9c5ec6,true
0x1e6045bbb36403441b4e7d67fa9e9f1fe35dba2edcde1806b0adbfbaf02dc564,true
0xfc7b80204f8eea1c94a9a238e4fdada170851b2cc0ba7274e04f2d6c99e82c89,false
0xb9c4850e2969a072ac1299e28e5abdaa581a900e8f0278034cdb987892a75d4d,true
0x02ddd4b1ec47fbedb17d9095fcb72471242a2b0ba7064d76e386eafac69536e6,false
0x9c0ac7e192aa888c85f7c639c4671ea0dd927899c245d5ebe653dd1e0b2c3edd,false
0x51e0659cfce21627d50f69647cf4df7ec04d4d0f15c92b2785ebdaf29862dce2,true
0xd22bf787dd531ee07d5cb515ca59f70d3686c4bc424cc6675996c3226c3d7f78,false
0xb75eff4253b524afa75705c6a7a33b26a677a2ade56c8d93ac2b38844cf2cd3c,false
0x4b158d4889bd31d2c1ba46f1a5b0451539f5ed0b62347ab2106e6fc77a69190f,true
0xb7c2bfcc07a85d50a054814f203c8054e84008d4dc2c50a1f78dbfffad83a7ab,false
0x4aa83ad94ce06886d1f132f49ba40e6c34b3cdadeac05dfe3ef970decd1c8e6a,false
0x4cbbce4a718ebf0706f737975e7dbe4ada4188938b48891fd9933c321d70a738,false
0x01e3d251fc47474fcdaf824d14bcd2ff5cfa456601970249e0ad2dc578bf47f1,false
0xae68875f484e5de4dc8f294d8a87513695a5e260934454cbc81a07fd6e7d2f49,true
0x1457e620ea8b5983a5e22c6894f7ed8520ea4bad467165ab9c33907acce1f869,true
0xf47d8deddf25c62b4953a77b9412c03a2ca86c6fef1a43f80a6c10abfdc79d6b,true
0xa1744fc14b8471d475b0ef50f5f93ed3806bcece69eee4e14ef9dec711c92566,true
0x845faba25aa2880d1660a35a4fe83d73742bd6fa8eb28d440979b0ecbc19b266,true
0x444cb3179a6abec431f6153ce8dc65363868017eb36e343875986734281fce54,true
0x6b028066d6203102c37aa369ff63651678a8f5ed6eb9af5c967384d121c263a3,false
0xdd8ac152fd4f073a8da4eafb03100b33f48a8edf04c21bc0781754cdf5c80f61,true
0x64ef9e4f826610a1606374b8b4745ed1da9bbe4d0f969eedd7ef56c83649fc16,false
0x158c8288dbf4c650f07339f2d07ca983b1fb577d404fd3f0d1e9887bd8d723eb,false
0x64fb264705172f39ee7c77bca4c3a6829f57202471fec077d5d3476905cb7271,false
0x94584a2c677cc902a88d2063450de9fe377b3c9d1d47cf3edd673f6fc6865132,false
0x38a4f6cbd4b598f2d66307677112b4d3b60ea7537034537e8ebbe6d7e15c347b,false
0xba75593feec1ce2da1ca4f314225cd2765960ce9d9a7df8127bd04a6013b281c,true
0xd1a22835f52baa6ca78fc17e5a86688c827eaefed315467df7f0e0cb3ff77a95,false
0x01ca88b894476956fd9336920b104b7ace88241dbafe9c52e923460e2cd9f508,false
0xc083974204af1dabf2988b909c5360063f4f1507ef1656570266b0b0f263a47b,false
0x280476a421e3098059ca91729be7d7a61e69b91048c43767313321b15e3b8cf1,true
0x60371d12fba638012a054efa407cbfde03cbee1d90d458dd952aa18f72ad2c36,false
0xbc78e0e5d5c1790251e0ea08859f5c8d3c79881e900de21dd3ff3df6f0166253,true
0x2f0d802900cbde3081b9aab86f0beaedf58a422406454f3292d73244c88accb3,false
0xd27bfbb3fcc8b2d61337c65184283e20b7c98dece74b2a49298147714fa26615,false
0xf272ee5248185e7fe66e0ac275228e28580699ee72a90b96284a26bd4d1d8182,false
0x20620eefa10031425a5d8ca66e952a047534fcab2e0840d2df40ff8c5778a8f9,true
0x57bfcd91d0e1e402a4369242039330c664b3051954e0e71a7d1623f61aa0c335,false
0xb7e756c4964c4b1991ea5b29deca149414e6ed0309cd09557312ec5c62c6e391,true
0xc5cd6547409f0a7d193a0b67dbb3c30db3a13669ae6aacc587404a485e4a1b0f,false
0xf2b76f897f0410cfbf1f3c48577aa974cd354f63fdb1ff60fc645a4ce721cbd0,false
0xe86e14c7f5df6bb89f5dc854a21c3e9144b65d20f577c0789bdc089ef261aec4,false
0x537e5433c34fe8aecef8f2620f555c2370faa7e4b96f4372a6e9ea13cb3a298b,false
0xa7785ba1a08ce4cbb460ebabd6cb0ae39ad90e2fa6807fb21b21b09cc02f66f6,true
0xfabde230876ae51c6278dc30bbb7f6fb0b259ef01dae9ac4041d37a7787c9997,false
0x19e2164f95f175b47a0c5c7a1e0ac437ddd340aefefd4ff7de03c43361ff3ab5,true
0x5dadf338b3b59acfce7256dcaedf2a1341d53ba8cce4a1bb3b7b5bb9e2f68c5c,false
0x2b2084da89bc0e7decec10a0e9302710a37aef787e56005623f1d8441bb059fb,true
0xfbdc74fb042155b6569f938a359ad677b00cb84d6d033327eb9d0d710addedfa,false
0x378b69bd5dbb397a75a1b23963d4c1264705a19538ff5b9bcc09d20d2e2e5541,true
0x6c5475f3e5651a6cfe9df457c7486e8f383d6749b8747e33a9e9f61adbe27053,false
0xeb0bc1d3accaa28b294ed345201a615741e3c987692c25deef34438c2448445d,false
0x345505b9649a5de054c7d3e1e58e44fb682d01682e4fbd79da475d05493f7cc0,false
0xef23d9e613af8ed40571e5b5a20b4a4f73806a6d59355fc6a64a7b35cd7a5965,true
0x52650bcf67caedbdeaad950dcb6c88e662ee75be4fdee0d0f40a6de8c5c2cdf0,false
0x5ec8ba3dca9b99ddfebed1642b85b98f203a1690b739b7d7b59f5078a3817e34,true
0x44a5175bfee5dc7c183915d1ff4c046210201af1193874d189379338a7d63819,false
0x444e7dcfc8fc45267362e054bfba47e8a060e5b271236a1bd0dafdda15a5ebe6,false
0x37aaf4e789335aae881abbe0bfb826e357a4e808f97a99a7ce3dbf9849789559,false
0xdcdd4ee156c600b0877b4a2a9de7b9c6df3590b23f1bdb774b34850ae56b9140,false
0xc68bd5b79ddf4a25bbbdc3da4cf8021ffab897e8a37323f61ca260feb9ad6bd1,false
0x520bf3b21961b6231e0e58dcdb83dd5cbd886241dfbfefed7f4b11b6bb45fdb2,false
0x65569ed50fe0c6fd3b4395996763695700e870cabf139d1091510e6bda7c25f0,true
0xd906e410d703f133771385cab28ac731150184d473b34977d7bf1106c3ca6532,false
0xf75df7cf18d253576193b9aa75aa672a83bb9e393504105ee365fe802f034d62,false
0xec0a6a0749e092b5fa2e0d90e60ef85af9753b073b53a3692ea5e5c6465651cb,false
0xa854ce9368b3ba4967d24338f7e98f647f3cceeca344f6e20d8219bbf63720b3,false
0xf1de1fa7320912bbd79752a8965ebcdee8f27aed9485e68a1e9bf48233f777af,true
0xca4007f21471895d3360bca7149f8f258c4ee288fa38ecb29c7b0a5a6e4444f7,false
0xa08a54342f639f7f01b069cc63dfb04e59d38fe62d401fd0809da6dd17b0a3a7,true
0xfe7ae0ff5271ad9ad6da381ad486388038dc14f2f70217e50d21ed0db72c6d23,false
0xfaf436fe19b1fa031903734424234c8f3d22aa6f195a475efdc26e0a7b5741a6,false
0x734b50834ec6a2c226c5b69eaabbfce2f85551196a73383f3fd109adb00858da,true
0x7e8b57f89367b1e77962316b83df6486d5a79f8425e1d3dad5aba95ba5d29023,false
0x88b34b5a5d7ba2d079dd288cd44f80c6ac5888ceb8a6fd4fd75ad46be2639d59,false
0x11dc84a0c879a86d673867825c88f243c088d529acec18399f2ead72888171ed,true
0x0e6ed09fe0edd69b264e9c1fdf43bf08cb23d00e3bed8faf0253785ae9e43277,true
0x253be8dee290ce0444bbf8b400b9b50b7d16b156c76bb2cfd311e8f65d6738f0,false
0x1bf017288ae891bb4b12adfa480804989928b8c48724514085cc9e5c40afbac7,false
0xc53bb1f2a1cce7de0f26f4a28faad9265e1c3d34e0f14d5747c300417b472086,false
0xff615d4844030ac1d85c3158cf799d3af7fddb94b36dcdb0db2f8ff3762e60b3,false
0xf873ee922e04ba69840719b9de193f20e365c206ca36648c0892196ca805c9b1,true
0xf52c0f8643623b8dd0db39bde8c2f658190c522f00fe7e9ef8759b4daef74122,true
0x38a918c357848fe86ab6f11517b637d049c576ae965f96d23185f71686d3cc55,false
0xb021f3d40ea130abb3497b2121c464f0b1443c5807781e151e26ad17329538cc,false
0xfd2acb327519fe5d3778b7b68eb98cde293ee228535fa574aa0f6089261aaeb2,false
0x73cbf917087c6dcd2dec7cec0b0ca12345687497ffbfab37057cdee69761bad1,false
0x139fc6549a9c199b2fea835bdfba0f361e4fe4fef46fe112105818b22c0e68d2,false
0x3379c988f669ba176b3ce9d0677722ff5e86fbd5bb8ef3be905cd99c17c25a45,false
0xff8eb4d7b824a76239e8b5f438f94bd7b66647330c1e0df4e9bf1db779e565bc,true
0x0e9bb8ca85cfcbe9e0ae0995099b8f8890c9775160c3104d2477edd7662e08a8,false
0xe135aa598b5bc4d52b28d6806db6ede358b4870b3f29e49776d85d020090b6a4,true
0xaff4c28d1304180c7de3be515eed738280515f2545bfcbddbba0352da7e5d34a,false
0x2a158f0bc3d457d72ad76ef10072141d67eb4929b7b9f4eb293d5a3f7bb6cb6d,true
0x52649e493a14a7a0cb47e93c2cfe7c1614094fed28e09807666cdecf44b9d188,true
0xbf51dd2d15f1b611503d1670a1a5438476d328759d9fc062ef238c6a410babd4,true
0x5191a195efa7903acf1517a3d9cf95c44b718447d63c57d6a990e366af371249,false
0x17307bb57dd0418ba05a380360a722ea344b7345744bdbb3edc20b3ce28c220d,false
0x7279e5da211caf9f66d148e08d52a61fd9457c564f88f0549cccbd0949ae0203,true
0xc11c66e8d3db8ff9ad0970ff8524b0ade1149cf5091084077617c1df512cc925,true
0xcb7d723ad6386e122899211799044b02ba1582a2426d3867a764906ccdd8e38a,false
0xe10147028c42432612f2dc58400367055c1076c3c1c04a5adcff244ca66e5023,true
0x85c565876c63a69b34af60981ff7777e8fe9c31fe844bcf758905a78ef32e291,true
0x5331bef9d61d886f4a746e6633d9bc5147ce258ab0327d02d8fd8f2e1ffab587,false
0xf06748d9fea649ae91f17672ee9568e07cfbe867bf471d682d61e807dda5412a,false
0xaea2becd303e779222d9f5ed75d0507d749bcd566767aca53cc997101b134419,true
0x97bda0d9d1084d8cec844e8f304b59c75a9287f4423ac7b3d8cfaf216f42bd28,true
0x5f9e0411930b54b7c20dbbbf80e8bad884cff3cbbbd354d9f8f203e1e9d02faf,false
0x1303874a51cbd592daddf335f3aa2eabc3e566d437a910b7039651f4a3fdb53e,false
0x3a36d8f3cafb71caeaa668d72fa8737c8e272272a8cde39e8d35009cd7b96e0b,true
0xa5df749ce01e92864ff0748b6538a71ec2d5ec5ffb91cc0be0291294a3f62125,true
0x42a9e28658c99f525f6d7c27d7c7cf56905c0cb9f830e84a4f5344a820e9b97d,true
0x57f1eae6f6a9bec67cce818ffd9eafcaa5440a23984cea325d9ec9838e5b71fb,true
0xff9ec2b1597611888a93b9439b643fe4984c405b64a7b0c59316327d6be271ee,false
0x61089bf6910c7a00b9ed73420b1c6cc65b871d61583e9de63ac8675630f7033c,true
0x03b66c0b2f792f19761f376284458a5bcd31b9631d3ef9385c8936cd3c3f61a7,true
0xf806fed3f53965edc79eec42564532290ca29f15629c4cf97c9700146a857fcd,true
0xabc1071cb13162be6ec2566143ebc1d5bb22c35fa07816b009e3492ec3a524d9,true
0xd3269901c9e81c85de375bd35e74d0d584f9b518aab0c4ebf632a9dd212aee75,false
0x3143cd5c55cdda98101616156b16c8423047ff8dd36bf8259e1a15735e13948a,false
0xb6954436a9d6479277c761f6843f65d5c80d07ed6fdcdb47e56c9ca122b0d817,false
0xb72ce4dd5f33b2f890872da782b1b8c45171b30f116b971e9c519b2e36c73c6d,false
0x243aa759c3a9de20e1869b478aa94587adb24a0fcf0c6a8933d67849af0808a0,false
0xde4e328058ec990a44e9495e8384d8a653663cb8d943e256ccf7977089cb021c,true
0x7dbbb267c0de3e3a4e694da313b67b041eb7238f274fb071df91c6fb6e7597e9,false
0x730bd6f08239b47a8cfe721967e7f2521148c3301936d2bcdaf8fb0e09970fdd,true
0xbf590ccf5d461fb3a0006383193653c18ea07a34838957b5f9c5644aaa180574,false
0x64dd0c0a5b75fbe2be7c2769b5bf203429ea852aeed5efb3f35a1e2d75d70eeb,false
0x959802d1da0f6e5069569a18b3d81593236ed53fa561f7903559d6bf7c86279c,true
0xff6b118ffafffe4cd2cf820c5f5612a4aa4c5c4065dfbae8768e8f9c7f6687cc,true
0xe4c3936b0d76c52ec882eb40a3bfbffef62b1d20db439f9b52c9cb3001a41f3b,true
0x6ce2648eb56ff6028985f6d982b1d529af7979dadc45433dceaf200e528c7b88,true
0x801d1ef5791e687d3f171c46cb247eace327556e8e017d7e9196149097991c43,true
0x2260fce821f2b75ac1f467a8fce14f806237e99a3db267837297e866b7d3d4f8,false
0x409bb82935a5b0dee3b2b341d68edcfb3dc62558d9fb71636b1ff5e63927c563,false
0x6ca579b4b4088813795f5e1db313707ec13c3594734ce2253557f09517077bcd,false
0x80f522d751014dda66d12afd63b62cba90e07b555d03fe1b1db98c73a088578d,false
0xf2fa28a6a9ed00b07e83f9f6a137990ab73a7aa1b75b46406fd4086db7f1404f,false
0x9bc37e24e0e1c3bebe7965c4e2c8f3a13f8bebce046b2cb7bc5951944bf58343,false
0xfa41d1c5bcd6e9a8980efbf52a9865818e69ffe9dc6adaec247afd345817ca10,false
0x88bd1f52a7aa60e13ffed99c8411eb2be728fbc77376989ac474f60d80bdd3c2,true
0xf5e512e7428b64f006b63836d4916107a83d9a188c286ced130b72c86c383c72,false
0x08a2d19cede6b295de6a8b0b50f12071ab6c0e913e54acc8a896ac2eefad42e2,false
0xfd9d13353239e367dd200c194d05a7b37872205139a8df330ae42d4cade83fe0,false
0x05e0e1d4829143cceb7f4c095ff831976ce9410b276067dab925ef4d7f701fe6,false
0x63500ac0f91f74d357e66ff5fa4ff7c081ebf80580d36a0131734c354e05c0a5,false
0xa44ee1d2f6022bbb168d1768c046da9523afb3ef99abe2fe54f6f08b5a595270,true
0x0c09bfa434ab7b320aefc122ce3ee5aef9e1405b1223645028b46ad23e8516ae,false
0x6f24d6c7bdcd6dfce358b0a0cacbbaa60da630bd1287ecb90423e367dc435df8,false
0x509d49b190ee0f71e0dc0034d7ea9fde6c9aa79da43534a2275a537346120d61,true
0xef0eb5c16278d1679be43079234c233ce3f4cff3a5db93da4934f1d6d092732b,false
0xde6f567ca36a10b28e7ca54661e1bd4b74598dab168bb8bf6745980116778321,true
0x0584a0df64e99aee8820def1475a0bfddcaa7100e21404398c339110c307726f,true
0xd3a8d7606fb1af7a8a5e266d4e38eca8adac482c1c0add1bd936d8c1b4f6ff42,false
0xb0f2a272794bf882532a4fff26263ee7552518551a640e40f6e24b6963280c39,true
0x24f6c817b2413b4bbe17bce8e5bb63243d370c4050b99899c26b3617cb17ee09,false
0x0ecc736bec4d869f52f2264a4a49ec9510f9b4819ca089d9e434956271f97cf8,true
0xcceab8480b4d7b9f7feb27162db226697fcb3c6a484b91ffbcdbd079d6e3f03e,true
0xa344626a331a85808ef8a927872f6f498276e6c44d5cbab0a1e748a56818a804,false
0xa53ac32a48d2cf9e0c5dc46dc9ffa8cc808067e901237350a0922f582655ae85,true
0x524f9cf51233ceb5fc1c6fe3f390cc535a5544988f3d591d29772579746e86f0,true
0x1a5d58fb9e66198b4cfd85875885f8ec294464f6f1a353e84fdd97c48b71d92f,false
0xb3d28a9ce7fd0902a5e065faffd3015b0a317b4bffe96629333964592a2aa422,false
0x870e45f50b93242244d5b5826fbcf19c96de081a0ea93c002ce2b5dafe2ce996,true
0xc2063e3a067e500149dcc6b58d93f8501ec4642f7345dfebed1ab3fcf9470cbf,false
0xfe2f1364d2de77639463b77357fc605f85d9930a00d58579e9be89854a085c1f,true
0x2fa235fa479ca566360b4dfcdcb355c370058b61d45f2fc3de08990b13acc4b9,true
0x3a27bfa1a1e4619934418aa1c646a944606a780bcbc87de7180c62dc969d2b5d,false
0x0568eb42f117c03b1e32ffdc1d870b9b8d3548e78554396d176d5aabab37fa98,true
0x90e96e156de41b45ad13f5f2461a0835a69fca212011ada6fc0729586fa8069a,true
0x7475a184fe744b15e5b39353b349dd784868fcc126730cc5098292facd84b2e7,true
0x5d74052570454741c10f351b280618abffb20c082a1cbba9073dc232aea811bd,true
0x96db7d02947e5fe802b694fbb4ec89b7a661b18f993bd46b5fe9d9cc8293d8ff,false
0xfe22a64ed4417e42b7d3e4b985d1cf8d951dd90d655d093deb3ec7246d731212,false
0x8ea9471d4b9fb56bad2a23926de8fce94214072431e072c5a9adf3ef64eac648,true
0x3a54247d0ed38e285d0ecfd7218fda286757033bbedc6e6639a1ff73690dd755,true
0x677d467ff960383f23939c065bd583f50fba892aa01ac8ea29c53f3af3bdbbb2,false
0xbcdbfb2f36f9f77b2bacb21d09d726683ae0a1b2070c317f4248f390599a7638,false
0x6f6455b0730d25d6273a9b4fc1797183d748fe3bcaa6525e31132fa012e2fa90,false
0x9f7da4e6a974c24b1ba44bbc8e8c7c2b4d9173656d251eb0633c5b69175258ee,true
0x6d8d466e6c085356bbe1667c8499d26d83b855fcf9af3be4a2302d76411dbeb3,true
0x65950df14f056208f23da9a8beb733f7c2b4ff7b35d3c09870601b3720fdefde,true
0xd54996154afd12493e4189a71a654187da407f64b4888da7e0418760e8bf1a79,false
0x7de278c28820d27254afdd59a1823f9bdbe47c14970d983633a08e00ef5995f5,true
0xdd439bac3f9f4047ce41b10908d5168dbe0f5f4fbf0f8f101af3eda4f826b607,true
0xa572ae853986ea9b2b9bc8d5cf2a59b9823108393a37d92f41f02e3b2d6cab5c,true
0x2484acd95337e17e69bd43c04c69d4bde9c63b15479cc7342d1f8e42cb242cca,true
0xa40470f6ebc941ca888cc38e75891ab94b268507b63863897df18c352729c557,false
0x402de3af13670393eacd48bd314262a9efe6cbd80c86f84cfec41ab927e5800d,true
0x8e80e81e21fefb13a204543262ca89d281d85b72cd6fa791cc228061b5680ddd,true
0x0f892c8a2a0db0102a1e718fc0543affd9e46ac38bf6fe57467304f437685b46,false
0xc7f860b55c217878b6b03d38603af0f524ed9c950aed07857de9a551d78737d6,true
0x46c143e33703ba1d93fa7d3a965ec6f85217c2155b644a44c63329b782ffdb1b,false
0xc06a38f92db1a6dd1a357a5bc5a3dc47e41ed8d42c139d25bd9bc37d9d8ea46f,true
0x0e0eccec5e278ad782a53aa0083fcdc6f715d38bb26dc25fd9816c976f9c5439,false
0xf60c7f8cd7a49357385c6a0a5a9f1c06e17d407d537f4b29492a7a8725c5348e,true
0x08ccdf5b13026fc4d4bc8f2655d726f534099fa298ff8356dbfb1b83274897b1,false
0x4bbbc8a249e9849a18d5b51d9cbf7c41414ddc4e26b3172c2a5ab939cbf814de,false
0xc294ac260c574b80ed34604b50ca1f12ce17e2ade42bcbd0585687c609433043,true
0x2559e4f6f01b5e4bcaf4e03b2c487566e9483d246a27060a86868a27db7fe5f3,false
0x7b38903d0f804c718f132c7b3205952b65e451a65ab86b991c567fb58f6b19b8,false
0x5a3fd386a5eff81690f4c3e2cf82b8a3af94f0e4946824552d703f5ab019f714,false
0xba5de3d2498b642f1fcb4297fd23804c374eb2c739bf09c1e96597880277aa75,true
0xf2f4e7487ed3e867219ee5dd1c9f308cb2c318ffbc59be96e4636400cc9447a5,true
0x50d77e3c40dc38a2d2c7261ac186525ea8fc5901a11056c0dd73960526c26a14,false
0xd913abe89d84edf37624793fa627cb5411fe0f8a03222de05eb018fd211c79a0,false
0xc6ee6658dea775867d029dd6b9db5d9d69d8e490c4bee41e34ecb8a58113216a,false
0x1216102cc4835b1fed3cf2ecdc86e5932b1a20ee39aad680f54a65873d531d2d,false
0xff0d442bed1bdf885b42adc251b235efa91729f9cda80a2b9395abd734dbce61,true
0x8fd4253b810e98b69d723142ba40b99120a2b71d5c7f94a7016fca26b9a36628,false
0xb1595885be5ee3bff978efd1c22967474dfad2ba4b0b06c2868bc62b746c8762,false
0x2ad73861e9c9ca6ad6c6ffa9cb23fa1530af0a995135292109b1c218beb0a398,false
0x5cfea881e7d35dbfa474a292c5215ba8e38885c904897d04e229e5d66beafff3,false
0x61888ce5fa9c2eef86db5035096be5a8da2bafd23999a17a50e84b9edfa3f893,false
0xe07b0a692dd4537285909ea98a6cb5d1f458d54e570ac7c71b806516785c726b,true
0xf6fcef3a1e1959a0ba761473fd3023535f3dec17ef62a986ddebd8481f175702,false
0x2f6cfc7e4206e0f89cccd0fa25a05e2809ba3bbfcbbea4beb9e162b82d1bb059,true
0xf49754442e9e34b013b4f6dcb21878641812a7e1442427fdf5ad93962ee55f00,true
0x4504a1df5a62f61e0aeeb1233af97b9cacebd9e37bfdbad7f3fd4a553b7646b0,true
0x9be7cdb7851b6838dfc8ed3f9a77c9ca20eb455a20ed8790c9fcda9ae8388450,false
0x510aadc8d8c06d887e4caa9b648ed8e59e3a39163f18564b7222a0579509e535,false
0x4da48d638baa54cf71046722f308ee85f8c8de75940abe6edf71ff7cfcf90070,false
0x7faf48e733951080b2aba6932838aaac1e1f48a01b53f82ae77943334cf2ed9a,true
0xd0b09d3ec9a256b63058778f993a24fbea9996a0ab629b97cf872633f6036520,true
0x52f8f9951734b554a8b33d5948750bc3baf7ded48b88fc3d17f0bbeff9367d60,true
0xdb7fa7b39eef63f515198a86bdb88d6b95e9317a4816d3c53a3e87f502a990d0,true
0x4ab02a23ad71da395fee48c34108a492ab157ea2591ebafd291b5f73ad161316,true
0xfbb0e4035c8e47c4e548c0026eddc1db7751565f6dbaeea857f035fbaa1532fa,false
0xf371420f9f7c47c8c7348a4d4cba7938b50b3460b48903035ffce1707ef37370,false
0x37766b63793da9e0ad93aec1bf2f4e787ed3a83802a57aeab3b73711c7a634f6,true
0x5aff32bd727ff82492827acdd185a6f86357d5a8254ee0b0f5aadb4aea99a9da,false
0x24bf6ec8608a21d59c33e2493a937e2741f6869b42b3474864e3539831af0af8,false
0x30b398fec78175d296a6980ff30f738a29b080ebe5020119e9e182f24e4d444e,true
0x7c94e895202d352ac5a773fc647a63e03155c32332c2b14b1691ccd57f88df1c,false
0x1518533ec880e8e9f6bf28a0b336e411d2b0e4bf151aa38496946dfef232722a,true
0xa591391982f703531cfb2a8219a9af9bb1046ce6f71ad1908b58d4dfd0943817,false
0xe9649bff6163c8dfd67688f9b12858989a372a90f4521c8ab2d61deb74c972b9,false
0xc9007cf15bc41ded248e9248a6a4fc8d97415caf40488979f5bf971a93e3fad1,false
0x640993c8949dde54ba79885dd6ffd2210f00dfdbe7c711f2bcd014078b6b9af7,false
0x22260f227f435cb3202ecc2b4703122e2699057001158808639f1793a453bcf6,false
0x4082a01754c2584817257b979df841e95a7acbdbb9a388b344a02e9aa5f87475,false
0xfd7eeb5a7f89e823bb53d31309dc18f98e07f6fcca866fa9877df50487ae919e,false
0x14fc29f3f7fec974adaf510551ad61b0967888aa481e3a7f6b449768721386f0,false
0xe05956a1f684bf68e04cfc99f6d0cdacdf0e58417601425f5aa0551318bf5231,true
0xc2f506e1fb161868097c7128327b54783b1cbe426fbb43b1b0a1591b7145384a,false
0x42a71252b75d9b6d16806e763ac7e2a93242f15ce26d1b245cdfd5fb6c8a5127,false
0x9a98dbdd0d04f9cf4dc73f98927f34655e1fef43ba975950793352e82498a87e,true
0xe550d3f99e46b8d479ed8e2eda41305b25ce304117dafa09832eab787cffadd3,false
0x6ff008414d6be714d7365fac0268c31ee7d2f3b3bf9b408127456787d90b4a57,true
0xb954020489d859013ceb06b2aa7105f41c410e43941b66e4738e0580242b3204,true
0x16bc0f3b430a59206185f564c7c40eb4b81fb217bef40912c18b410f1cf0b0ee,true
0xc4d72007886cbabc12b2c0598e5d2dcce64879da8a50c5f7506fb0411e18d5be,true
0x83f11893d4f065f68ff2a0368b2083415fa932a6a3bc7fa46e6fa25137cee0cd,true
0x389f49ad99699b69dceb01297dc5ec8b43dcc873f63cedf3613fedf9fec39b53,false
0x5ad01e43ae8bedbf39268a27985475ee2fe228971140b5babddc00c8b61bbf65,false
0xa79eb8fa810ed366470cdecb2b965cfa9fb51b5e81f9553e0736af462273859c,true
0xe4228c570e3bb7cea90006910bf9536baa77e8bb4e495f47a41dd69bc8c51081,false
0x3f13aaaeb1d0956fc3e1f591170b5ec9b3b934b360d030d307eb461bc7b23bc6,true
0x5e38b3b27e9f03d12b48b0e2b55add15e4af2fd5ec240d849f6ae64c7309e20c,true
0x9db57f5c8163c8490d5bf01844473f8a2ce2e790d62bbc1e021ce481553da144,true
0x73cd5e5a71c360c928d22263dc9d2e01be0d6c9a1419a4b4b10e0c72f5c2725c,false
0xb42a5fcd28d16d4485db09bcaba18b23995f1cc1808a90893fdcb9e21f6e383a,false
0x12ff2c9d4064e5f8b99f84bfb9d290be4e477e867c5fc1b10989043f73111cf5,false
0xc5e53c29e975dd9cf234f41a4efb48150b3ff1d78eb22b8e8f56262ca97e6349,true
0xb11281ce80ce7fc2028687d458418c85ca8ba527b5d082a363deb7a9105df57a,false
0x10c67fbbf0b4b3eb8dc8276cd1a7483976c61cc86b0916e5630b3f7e554d48d3,true
0x46fb72e3115edb653ce68e382dc4534128c01f86521f3101e8cbefdb09b037e0,false
0x2fd4eff971959e8849631ccfaaddc49d8fbce12a47828b7e8c669417799f3fea,true
0x75ae30a213625e9bb6a8d1065edc262542aab7165c634c3d0d765b904aa41e67,false
0xa693e4b24f1f243ccd13489f71be89f4853dec034e77eddafc8ba491c7fd8d33,true
0xf895adab6598e68974e0007c2e71609cb1dbbc5725ad9ebdf7d58d8967eb1b46,true
0xc48669560f6919176657fe4a6ff96a45e811cb7a433cf3defb0511fd08278a63,true
0x15b7d5b64805746206230451d2196f1d283f07044a8773e77e07e68c92f90a63,true
0xa3f3288aab7c61e90d632e5ea9dfb49934b4e2e4a823a9eff64c16c0b3feb0f0,false
0x913715db2a56a302ed10de8095ed6a0c2dac4e61ea0ec726aa72cacfc778ec02,false
0x8b1e5be79592b8a10a1115e0e2ac901a5153da6ab8ea0d8ca80edafcfb209638,false
0x3c6fb733b2628c8a765f4bc5d86b1a8c03a5848440e69c714edd770473f89e06,true
0xa2b25c303699df5251874706a6ff33ae4e64229529b17c3c6839fdba575b1423,false
0x66fde001fbbd34ff760108e93c7208d3df27ad7689e0fd54ddecbbacb3bf4ab0,true
0xe66484380dae9bde7c122fc3531a4203a56c29491bced907429c1c5ca79a10e2,true
0xa825b87cd934f452b2063b0547a256fe61b457f8ecfb2f91338090ca77db2955,true
0xb95cf8aeeddd5ca2d22a982488ef98134374d11c919fda36ed79bc34bf184c3a,true
0x2bf320a666f5c86a6265f344e6884b9d4ce97b731add432d2a6bd87ee8a4db95,true
0xd40f107a243c59bfe07f63d5c0f28ace8b4cdf8ee3a049f6659455ef6a903862,true
0x426347909f997674cab01f2239c2e68f9d75ce86ab8e13d103b9f6de4d980a2d,false
0x931d8115c0a54caf2263f0ece2a4d84e65bc39ea24f10856552de49c87c45209,false
0x4fba233530ce83a325a38186b6a404e3fe11e0b33189c48b8988e0aa14456ef0,true
0x0bf39850a76054b1eee1d4b7364bf198ea6f5a263b70d0940acbbeee88647c41,true
0x6680d886e0c96db1e860fabe3a66509a7328f372acd5bb3c38e8531f39b8226d,true
0x3bc7c8796f6d077d7208c974ec41eda6ee70b326a7ae2e25eb206ab4abfedf78,false
0x5e6f41a2b95aee9ed3030d4d098bc1fe6a2ee2b43308b1caed171307ae03f32e,false
0x1a5cd952fe596635c3316ce777c8b6466816dae0e90c0e4a19a898e67f5f8b46,true
0x60fc56f23455aa305d342c951fb1297c92cdabd105fdc50ebb294965d1a83a40,false
0x0b9097c609b8715e2a2f0cfa904aaae42af793369921b58601d2dd69fe31fecd,false
0x9eb2df8a11fac7e9ec9ab5c42da077c66a4c19894a769c599b6f78447eea3196,false
0x289b12ef8cae4192fe9d2921e5c524ddf712971e67b8b7794c964b07046bf492,true
0x688191bb5bf4de9400860f4b95a8f59cde5a08960801e09d49a1b4916e71d19c,false
0x58564ebc38ed7584584695512dbabc1939ea2d6ce247227d8796adb620328aa1,false
0xee64ea1031ee60bfe1402247bd6d7642905928cbf51b9505dd0ad667f869f4d6,false
0xc0f24a563eea968ff4aae3af92e2cc2a1494e9b05e00e32f7826bd2336754e20,true
0x8506d213f0a60b5532b4ba69dc2905dc5f7ae9c6134727e48be692052a5e4a20,true
0x12780b3d9782c3a8bccd768e0e0e7521ffa939d1477bf916170098f7b79127ff,false
0xcf252853b2915946c9901e7831e52ce1025f738f904de6a99532014402748476,false
0x16e84fd9df3aa9978b0bf1bf8285301c0dd307a1dd032eb4589b64274f71305f,true
0x8af2f02462f501094034cc87b4b0663df4fa638b2a4c2fb2b16fdc9f30222601,false
0xfd62804e2404e51e1757684a32a9ec550436c49c34312f9c878e44a28fd90aa1,false
0x6c35499e1f7715448d67e00784d288f0b551c7957a9935c4fd89f83716a7d910,false
0xc12fa2c432cbab2c2a89ba41ec8776dea6ee964e2445a57a258146f4cdd56926,true
0x5de7ba7c6aa0cfe16c0d532085d30c3f15188883ac82738154f61a605ce206a9,true
0x7a192a17b77f2ba81102501fffdef40e9e4336c9a1b971ab38fc64dcefc496e8,true
0xf0aed44f50d7c851c0dec477a33194e113c4574f1d60faa21b2673e65f47db0a,false
0xf826e16271f69bafba2408d89de1cf00c521ab5ee62bdb11ad040825fe173715,true
0x02a90f5a586b13a8bb69e942ef048b70f116f91a357c1edb6963e4b8b57b8daa,false
0x7ea0b54f9bf0feee473f7de7973e4ce60149782ae3dfdef4ea6635a929f13c07,false
0xf6dd7caeb7ec37e098fcfb25c55ba2e18eeff18209cbeecf0b72b49febdcf627,true
0x69f1705322925ebd3d9797b097dc288c28fb68efc9d0016160477c74bbd8ff18,false
0xe358d2b0e78536efc36f8010afd6bc4698485453d64c02f1860ade80c312e6d9,true
0xa7936da4213be6ff45a356f4d047c29ae0aefe710c796abf3914ffb7f1a9f357,false
0x5261140a1de114941164764598c252e39ab5169e801be6a3a90d13024be3b051,false
0x5ec8106e163fa5bbc0747cdd1b99b86a4800fb1420c5b536d56e336c7ca5733a,true
0xcc863924791339b67139a2b3c71db57c960fcf8d161d4b9b9c30e32566440d3f,false
0xcc1e76089266953bd460424b1893b5fa2fed783e2d27e287b372eb80d9b4056e,false
0x36af2ab676c68d2a94738d6112f8018d0c5182c530916d7015d801e07f9549a7,true
0xb510f0c9af59539c47ca269d0984dee280287ea7dedd94f75cda62765bf361d5,false
0x8269f23162f72a9271a133ffb466f64d067f9125a35bfacf6f9b3a32762e5639,true
0xd49138eadce79700f986a483439d0ca19aa0ec77c18c66ceb98ffe8845ffc980,true
0x7f1c4eafec41054c7c135bbd1a4dbb0259288c5fc026155bbfdc43bee53d7dbe,false
0xebc09a688aef15253a7cbd26678ef31c4503b71e81227dd5207a49a8e5e1d42c,true
0xe42b13e0031d78888bef3efbfc8e868e8e75ce88e6f790774e245580da4f0e21,false
0x8ad8b31d83ebecf5e14ad954a441d7e4b33ecaaa459bad9403c978003010e8b9,false
0xf4c369fc50d4e78160ead3f06969ee919c2f22e73f7f8b63f5de6eec7db9d6a5,false
0xf3b2947e2d8a8b6814a5e6b62919914001d9e036495b795e061ddb286d4e8aef,false
0x2e2a627d9c425b20cf384836428de55a33082f97d75e49e9b67c4d53ffd7b295,true
0x4a2733ee10b89209582b4d57bbd5bbda82304a9466ab3ea529ca2be856bbdcdd,true
0x14e628a19bc135848490aab8b65e69f9a31320570947dd89ad37798c1cbec8bf,false
0xd242b4bf1f643782d431760689a0d04a5e6b6e059e5fafa5944739f84e61dd01,false
0xccfacb1320f3f6f1c51791c64c9f2e20031dd762ea85c13add9f798a0d55c10a,false
0x04369a0f05905fe3aa759ad1f48bc970dc6c2f1769a082e34c8b86005f3b5428,true
0xf80c26f1c1b6b238b5af127af2b9f0b396149d687571d1d7942f670f58c406ba,true
0xf42c1ddba7ebdf73f975be54482a8159e7a2528a6235b005aa734784ee3d245e,true
0x1a2e6e38afae3fb653bf11a2205b259bcb7e96082cb4c341a8bdbd3eb7ea5376,false
0xbdee739b97fce5e9603c5b759681ea592a85613c3b303f8d48e43856bb7d440a,false
0x8f89b0e6bfefff8711fe9a093bfac7e387bc9c676a23884ae4ced3ddfb952dd6,true
0xa23a40ec3a1e3ba86c0f2253259ec3c0c51899e9ea0e2f014e59db9931020032,true
0xb96e7738540523cf709008eb1c69a4135a65d85f1bb96d0cb05cd3d58624893c,false
0xf7374907c51e8b5476cb575f09e72d2fbbf9be38ae2c76ee4b8dd3749e6fe8bd,true
0xc75f6063022a2134dd4d1192f076ad7f0f72b99af170daf16cb897b2cbf4e783,true
0x0c36fe1cb482552ce3691ba762b9c17d50b2bb813db70b59001e97205992d988,true
0xec9350bf9e0ffdf115c09051e362a5761cff5f842259d362cd21609af9f887f7,false
0xed0a035c74ffd8c30163d6f09ade0aad11d7b9620589edbe789d697c43fdd481,false
0x125cbe560c9da6e537c911190fdfc4bc135314aefdca8b330f11718a922f9696,false
0x7b210c21d2a8db3141247221fbd25ed5199fd45f9b3ffd5346ae122dbf09bb5b,false
0xc0fce8694b58eb17d348cc2e590586721a9eb200462cfdeeeaf3c4a19f1efa4f,false
0xb8a16a949c6900b7462bf9c92e283215176ff567e4163932351d46077a46033c,false
0x02a91808aab13c6301663d7fd797d1d8a6c5f51455d0ab23a33fe02844254010,true
0x511625e4f13b5f120473a6dde183e5e6601be80fb8a6f1f42869018380ce900b,false
0xc41f73635729fe3f7a3a6e8d55465aaafa2c3dd273d9d176d414ab5f885e6cfa,false
0x405f292e437614500b40a6d4fd1857ad62966aefde7f42c462c7a095b363ebad,true
0x5edf46f3924e946cdf4c4ef8ff14e8d321f156dc8f55e19a6afff279f246a242,false
0x701074c68836c1e9753621ece67d42bf41499091cc14f5b700d6d133e585f19b,false
0xf02c7621fa2e33bb305d084dacd469d7291ba6d45ece0a9f7d240e26d42ba017,false
0x1f1853adcdf64fbb5b3bc21d4c131d361b623d1eb47cc557462a3de1761287aa,true
0xb9ccfd46ab47d3dc18e82d501a520fad2ebe2c74d0119830bca5a1073bf587c7,false
0x4ea2acd12af9cf25338905031915e9cce45d0f62f4fc53cfafee3a4b94168db5,true
0xeb196ae7ddfcd37b61e7b9467f0a382466755b220c63a4079de86f0275bb9438,true
0xc58fc669e980af7f858f29edab8340e44b05ed6f97a76ecce6ebb7d1a5301ac3,true
0x5e574266640b5f537a060e88057247a87c521cec9ca132cb91541e604a69df7d,true
0xcdb87064b634bb31daea18acfc8ad613dd22ad8760eda7c9d1fe96cdd9d6a5bc,true
0x13b6228cfc6203c74078096d4aa53517a0d1780890896d31ab9339007be3ea7b,false
0x5e147bbf77d45f27834f030374a57e2efc4ebf586608cebc6467635227f42e02,true
0xd3048e09ca039590377ce479cc0cfd6a02709363b19642e066e84e6a041eee7e,true
0x008a61ecfb8929ce616b30192bf169424c24526f69b9c328e82fdbbd703ed6e4,false
0x26bd93392dff7d4ffbe2e8f16075834bf44f1b2071cbc835c199e45d3421f4bb,true
0x73a7a7b432cee54128b2d3b37c073e46e3fc14342763b311645326a8d21c4a65,false
0xa93843f56e80d9f41140692689725ece845d7cfff783f04786e2d2c6e6563608,true
0xa4e8454d7f687e1fac845e3d804b1eaf96acc10b46ae907fcc2714babce66dd7,true
0xb5b2a33144093aa23bc1c8f0e7f1adf68a8f6db3d5266dc69d9c249fffd4d5f9,false
0xb86b08122b3147afae4ac9e17184677185f2496aa828c517b0795a51a0d245d6,false
0xaae04886a939b4870d5d355c30c939670ba9944c6e0c9e6ec96fbbf37eb77375,false
0x29ac33872e55ec07789eb0f3f1e3c2d79b94f27095cf20360fcf86ca5f4bfd3d,true
0xe755330ac671908139d00723acd1be9d5a4e1622dfbfca52ebc8d2a1b4b4abc2,true
0xf81700180d3bb7f5f9e2f7dacdf43df2242ea6a3c24d05d1e4cdc2b36e13bf10,true
0x7e7f27bd0ead2b2a3ac7cc129174581e44e108e05f98a05634c485ac9f5ec471,true
0x1616a5b96acfd47d286d5e179d5bb2c558e06413853fbedd2dbe31827f362116,true
0xc2c6ba26287f2350c4317dccaa7678407ecf6a28561062d56f4491bd0d735651,false
0xa5aa02566070b9b0367f3eecf48d12d5bb19498e9411e4755922f47ecab95256,true
0x5c80b17de9e81dacd93dfafb17cf4127b0317634c7dbdeff6168661836af7cc1,true
0x1dd4a10da4ddc4087a2e75586bc5fed9727a23eddd1ce4e240cbce23562b50ae,false
0x15474be5f5e359dc3417fcb2a9fb2f8fee267cd873a547c9859581e4c4aee8b7,false
0xfa8183d82454fb8b0f28a1f43694edbbc31864670d8e32d75ebddc8808588003,true
0xa815eb75bf8773c8cab1d477064e6b4723db4c448aa350b0b6a78ba72525930b,false
0x3e5aaa2c15735a0757883f5125101584ca21477f60d4313432118707334eb0aa,false
0x3683daaaeb0f62ad72f24d6a40bb7b75b92e77343b76aab3d636e4650f8a187b,false
0x28cf3c49e36ef3a5b634b30b914d29b08229732aa367cd617c1a4a01f6e476e4,true
0xd51675a39fb8e77fea5ffeab73f0893e1a96bb69a361f18fa3ce4620091f0cb1,false
0x410c00762ead69e6a7696f46b259154dcc93f1866dfcfe565c1ed8a9f89450e5,false
0xf3dcd2204fd81871022a5a876da8f21d36e630b998b3ce9656e963d56aa96894,false
0x7b5d1db82d7cdc9b1a15d3515bd98ed113aff8e1ab7bd2f7f98ac2b85364a5e3,true
0x4a8a813a8677376493ae147f3eabbbd279dd04a53770c9b0da5ecb07a2f17f16,true
0x99134e6465ffb7adec3913ddf81470af83b056c36bdb1f253f64f6e2031579b4,true
0x0f407716b910c296d4b2654e316c1fc2af6a06198e5e36ef9c21c0b09cdb0f6f,true
0x921ad05d606783b120592d6884c7231d806f5faba1deaf0fec61574b35bb73bb,false
0xb1e3c1029231ed9e4f9e8c0beb75423b046a74394a655f8792a25b8ee8d9f4ae,false
0xb601055b75001af9049aab184d4433f1879f740df84e46748f3597fa337fb57d,false
0xbf5387d55e013e4756bf3e363dce4aae6a1efa3da2ed382e170d70a57616409c,false
0x41210e204ae75aafb12ff165e36d7c9675c4f07f20da3de76ccf4c2443a119df,true
0x2f262c9110dd0f31e495d5fef866f9f5fd1718ca19a2657e42f73a5a92d9c3c3,true
0xf3e3b17bf0a05bb069ef57d1b126434de61b74951ad12f3dac9eba41397088bd,true
0x5b8ff665ff6da47786914fabb051ea6b90be90d209f592ded17414fa3f10a66c,false
0x3aa647735dede78c5b67aa9010a302b16a452b7e0d229f15ec67570e9f312926,true
0x4bc4aa9d71d1078ff949319be43ae19545cd15404d405872695140d1c07504da,false
0xc03eca00d0302524079672cb175f0506b2ea309f6b67b9de9130b4a255983789,true
0xc7c5867b0beb6d85d6cdb42d31c64332a5faeda975f7c4e4b1ebf27e9307293d,true
0x88c0b5c8010cee730711676b2793bb02cbfddd61baaef24e13c1ba2014967adf,false
0xfb4393b4dd4e26863b7705aebe7de2e571bf772d06d0bc07d7bea6ed5b2c6d46,true
0x6641f5e9dae19a086d779b2c4323d20c41cb33c1bbddfa8cb1407cbb725b71eb,false
0x491f9e237bdd9673b731cf7bf40248f569e72ee96d924bfd1d808cf43378be4f,true
0xc3cbebb3d3adfc205f797adfe3237a5d98d91a6f78b73354ad5c75670316cfa5,false
0x03535db247ddad5b2bc1a96ad496bf33d0e54623937336e08d279725a2f846ee,false
0x1769d66e159c429eb9f38689005f40f273b9493d38227d0dc11e6090131d3232,true
0x6ae8f1b7647b27fe1666c10925a2b56e7d66ad5ce836fbf72a2e8ccdd06cccd3,true
0x7338f98f8f7a7c9e1d9cf3d67bd60c54e6bbcba1af3d972d6014e24d9acdcdff,true
0x06924835dbdd2b2d436625b68c8fc1ac9b6ec8a98d73951f54f21f056796bb03,false
0x44a5c51e9ff14ec39570af6505e3ba2ad6307e62be34d521771502e2db177215,false
0x2958a56c2c0c2fdf52fd49848e9e02ef4518edb0352681fb16b025b6b7a344d4,true
0x018e67839ae37f50bcb9c8db46e7067715a44246c7237a2be8f8fce0e5f8761b,false
0x934ff120878b6f13c4d27b20769aed3e98111439f5021a78f2a120cd907041c5,true
0x7e57238082c6c955a84e7af24449358de893c91407a047a9d421654d1a90c082,true
0xf05fd1cdedca38a5755df94933832546be409e1c8126d9ff5c01a9cbc419605b,true
0x2ece552c3c1930aa220543127105030395021517c88020099c80e1de9744c802,true
0x411b36a8404543ca239bf89b727a687eb1330e81c2e7e2bdce2b9de41e372c6e,true
0x6e64284428075ec0dad4ef1f451ef0a6c70b7e1fe4aba504e172199b24eb5672,true
0xfc963750afb0c674cd872ca89959b4e2eae2fef75202e628a97c339edf59f093,false
0xf546ddab7e193517d46c346bb0a157e0dcfb89731cafe956145fc9083ae3bf2f,false
0x5a5c7af2e2269fb8dae04b51d3b4a34fd84eb320c0f5083c024b5a9f350d0be4,true
0x4d7cfdf6654612ea875e3e5a921ef6b058da3e6e8ac32eb9e3291f12b5a36b1e,false
0xa8ef8c677a23cb672fbec63513a32935d7778ce8f5c07fb42c79ccb94dd4bb08,false
0xfe3973d11782661d0af5477c15bc8ebe5a26e2163697ea2865a0abf33daa212b,true
0xe1f0d07b2cc54ad71c0bbf4cb7088faee0c335c69c72c3ed2a6e5d1c0feb79d9,false
0x1a543d63bedc3d6a5c8598b51e758ff6eeb708438c3fb5dcd60b72537ed47c4a,true
0x7f571ede3fcce5debe10975543e9144157cc15cf66332638738107e294e561ae,false
0x9ffce073b20d2730dce9268c661a215773b02efb258b88c32074fa00c3377ea9,false
0x43401281e398d5abea0e64af8c5f336284ef20113fb8c8ecc98078086a1434d6,true
0x2c2b3a5a5fbba97053672d433b69adf56d12dec9ddba9231ef402d28af1e47ca,true
0xa4b32fb285573994f4e4ae68db5b6478a3c1150f6370e6a30e3128f96b80b363,false
0x93bba31a475ba568c143e93f58c84b6489d6148a89e9ecdf3187e43b624a3539,false
0x60fe8cb92fa70321d948acbdda6da77bf61f6d03d64fc17df2bec249320e73be,false
0x90f9aeb537c5585b153088fccdf5140943c70eaaee55aa733587bf37eac3b3f2,false
0x09978191fc46577e5062a20fd9e50d1e27f8393e1542e18bd197c0d0a16dc059,false
0xd2dba0b18ec0b376c4b1cf3db2082955fc8a6a6932323217654e1a0712cf0254,false
0xb20e061ba50ec415a05b49b4b1655b3dbb42c6b3b2516ca82bd20e09c39fe570,false
0xc3b2a6930e421c0206cd260351746f2139f2365f74e9a361c19659d1be29f7f3,false
0x1ba51572f4ddcfb9ebe5b30d2a0473da48b2e7647b7223da2f3929f2763d89fa,true
0x130331bb4570e7558b0bfed486da35a1fbde4818af00b29ba214cf3d06035ef7,false
0x56590da699a20beb74d509aef6e90bbdc56d03f01f27e1f14f93b70fc1f3e741,false
0x4b8a52e41bd9d0af0003cc34d52d5acb3e1c803b6340c7e6c189fdec97f360f8,false
0xc04377b147bf4ec1bb74c1eabadc6c479e0153a72d81b2efd05b0f077b570274,false
0x858c648abb260e0e685230a4285341fdba05a3621ec3c3a369e54c959d6121ea,false
0x94e959b2b8b7724942975823506a2af4d1b24f5242d7b3f7c679a718acfa06d4,false
0x2a1953ddd70832db6508aa0d81e12dc3aa4e5b90b76c2c1431e1c908630805cf,true
0xb8d335bd3c79e59f1b18b00fdf2c4d91a336817eb31b553e7016a22d7cd74d6e,true
0x980db0a8af345a75b005bf8b69281b280594c8752d1b3a7d69965847fd29c3c4,false
0x7b067d4c6b9d1d4f77f7eb39fd9106b4b3299b9876129e2fca21e8f20d325772,true
0x4306a14d52152ccdcb2562f7e26097e6e4948e4f40a3f9258ffac0f4f6fb9ac9,false
0x7a54513ebc036c07376c0aaa097590cdd06fe2c0ac459f494c16ce40e6cf023a,false
0x65a13896ba132709a808f9d15aeb487b0fbc3a9a51c4aba67d1fe2b9be47b78e,false
0x1c16b90681c3ea2dc1ed03187b9edfc7730761aab10688ded7f57b4171bd72c6,true
0xae740e6ee95427f7dba76fce15885f3b5c6789e32704429abb4f4b31b0fe0269,false
0x99ebecea1ce8b6ebcbe416e425a9ec22295755d9f11a05fbe086a39741158a9a,false
0xcc919bf916bb321720ce9bcb7857e1813cfadea98d5b0bbd34245d456ec1bb56,true
0x5fd836b8e94feb680be43d990e41c609198b605cd1fd8eb78ec6d646f40a71b7,false
0x912befa3d9927589d59757236ea190486f0085f1530c16fbc6aa85034a13188d,true
0xfb2d04aaf5876ccc37f5b96f741d6ed2d243a343c5ef7f8006bbc099e3221cdd,true
0x0277285c79518d372d0a7617cd067e1c67b77cc6b9ca2d42ca36011892b698c4,true
0xb99f8ba2ff8b97a72dd7bb6b23bfd8c879e3dcb205571c53f52209bef4997f2e,true
0xf3bfd8431e66ae33d96870dba5850f2616bf55084e998e22c1abedde394d145f,false
0x70b739fac0daa5930c67d128d078482b4b1912404950df8e6472bdb6d0c10f9f,false
0x920585c1bd671ab470aeb9421a890d025c098f2c58bb1fbffb2dfca9b5ce7e94,true
0x5373418c1dcd00493f0de1805adfb09ec82b05e05c1163f8911b22c6097995ad,false
0xedfbe921603663f7f49baa4b5cba6a1869f4f10880b5ff5268e124e1bb29e71d,true
0xcc4bf5ce6d47fbae626b554ac98f3642c556f7213e9cb6c6d9eabe4d01dc358c,false
0xd42392c3095b9b2ea3c8d4c567f79c6d3b5f893b8630cc0aaecb29236a4ebf68,true
0x0c0d0b1c401715419cb177bf070fb0bea4c6810033c997e646f317838558e925,false
0xe6d477bbd82e9e1e643505b1776f2aa39cdecb287765f1a618c898ef8f7c87c5,false
0xdeee033e8c0bcdc1f53d49f9822cd90d47d7abc84348bc264837b484fc309d61,false
0x595b7c4864457be848bc96f89e5a8c2a914c645f138db5924a13d6ef8568a4bb,true
0x96b3e1dedec6ce6207b98193c63e54552ef51349c3fbecb64150dbed4b4e9462,false
0xa954662badc0535ee628051ec2f8b2f36d221c531118f9e83d24c8a575312967,true
0x65309bc110e0efee871c5bc9f478e4e31481e8fe9ea6af56dffd63a9e13efa56,false
0x66cd214b15c2149252446905074f3e7e37678e112a082a0104d01706b799f951,false
0x49b9840a36cd10d72542cbd33ce8bcb027a0a944b3cf3057d49d04c875f83085,true
0xbafa0b34b93345f6dae2a00fedcac00661879728bf19b9c924b12f66194ca94a,true
0xb1ff241f017aadbf2daff15f646af349a87a74d0bfb9a20ec81b244c4e091e1a,true
0xe4d2bd301f1ce9bf747884af129c7dda225bb25023a59c3ce9f12ed6ee581f5c,false
0xd124964f98664f6350d79d11bd61e1b06f1de7e286cae2414e93883b25fe16e1,true
0x30cb5ea9509b79c8f18d54810cde8df39317d424af7821e7bbc143441380f6d6,true
0x07f8d1944c4da8ea00a2c155a2adf04d0adb91cb99c79a10bf2a23f5feb8274c,true
0xe722696fcc24ec47a7b2cde3790f583e3a16e770ced2ff46ba7bc644eb8e2012,true
0x092639d97db2b1b8e82006c3df5c38e5ee2e693dba1ea5baa970a067c88c9624,true
0x4859a05785ded9c14d0385fcf670c3c1b1e53350ed33011a4b9a4f5342e0019b,false
0x3dca7395ac062fd3fbaf28577c3a4c1a45e5f84b4a3e9b33839a1e1d969c269f,true
0x3a89af4cc17c4db5f06ead557268c5e1d95d8f3c8f22d09352377a5cfbd3dbe8,false
0x28b4dc0f8609cf945af1b3b4ea3645bb45ee6378882a9e168458ce415b6eb6ae,false
0x91366f321ef6444e5817d5cd0f53f32eeb2ee53cb25a70f6d510049eb64a7c8b,false
0x0f6c050b3e5de7689bedbae1f7076868a43a09fb12dd5a3044a59539628a246d,false
0x34c80f1969701d111fe00136ec8bf79940aff4fe287cf8038385314b7d23d258,true
0xc547d62657679f0b3f40c26c93154d87a2e13f423e6c89376dd846f5068137fe,true
0x6128da0d11d7f7e2b17e8ca659312d2b944a1a9a78c6a4ac6645d36e3a3c5cfe,true
0xeaf6810fdbd6a175b70fcac8f26ac8be8dde26d1f09fb080885bb41aba83e3e9,true
0x28d07a0429c47fd8593a0c5dd5c03c35fc03c894806aef8d1938c680dcabdc11,false
0x8868a949755538a176a4cc0de322820ccc390a9979d75fc80f790e6c3f85f9fc,true
0x2ba60b9a3510a1b2b5f93d05111983e2a1492520443d733e80a53ea6667e43cb,true
0x6dc3b22b74876b88b92831576fe9d867def5e214c052a5eee3e81a48de86e442,true
0x79a2018ecb83654937c7056796d3fe0650e4ad3818df427cc1436661b1974e52,false
0x6c07513f2384fe9ffb07965e7a42357d3d9fa628522f902134c6eeaa97623e15,true
0x97e07ec1be3f1ba0b8353c08da78de801a4dd5614f3e182cbc0033185f811754,true
0x944edc833b9a3ed48b7b9d1731cdb10c1a2cb7116d8aa28e79667ec6998b1ed1,true
0xc4ae8d978c1c296fc98525909c8fa2098650fc46f2aabbe216f8e4bacea4f392,true
0xeb17964951df77c7f853cee3734a0bce3e0f9eab3c2d5be0668b389be6f942e7,false
0x0d22ea8cc1694a4618c866ae87bc71448253369611a0d9fade5043b361f374e7,false
0x4d9c4dcfb29341106bd8a1d2f18dda57a360bcf6016058f82edc31011e97a341,true
0x319e8441f074abf8c85e4e42b319e28cbd2388695bf4d0156e802f21a9b9f700,false
0xa4a67031706107770b9c06f562724a49156accfadff03cf04b186b589ab4d747,false
0x6c412334562ad70b3c718559c0c1e72313fc582d2d9aeaf38b1cf39430497726,false
0xf4ccaf13008a4df4d0f7d9298bcd1e65a603b45b4069582ee8b023236d2c79c3,false
0x7520498b5ff90c5909ff8f8a2d4f72bb787a9e82bdc6233cdef9b54b3975472d,false
0xabd4a9f07db64f2a1a0c99625d54eb4e3c78c10e3089e24753f13a318056de1c,true
0x02f8539bc017163a4f76ecb253efff0b340f164e739f5dc14835b75b57682aad,false
0xe68a18c5af8d050a56806c355f18a4b68a03364acd97bcae286fbde208d95d6e,false
0xd9c6901746af8c73e5a9f3765e888729381f75a3cf0004a11636451dcbced566,false
0x3019ddb5caf2bb6cef27d01a1ccee4457459ee250a73f8ca9357efc4e439709d,false
0x3b215c4c16b59eb9724c2e354a64c89c104fe95138211a02f8c0f41cea18c139,true
0x4fcc2e6b4ae9e630dc5706060f716e455760a232f8a6a61dd8b669fa2a364235,false
0x02f36fc6cd7dcfe6abf3aa08adb6176d20b4180032e90705ac1efa70f487639c,false
0x8fac7eb7d968e0a8a5169cc90235772aa6750ef5e79e1626080bcbed005318f1,true
0x0ce4916996092714f2edee77b130b15784709a613648b6ee60e3a3f126ef69b9,false
0xd1f53827c48afe350c35dd931fbe08ad0ce4adb2d3adb8acf6d49517a64c15db,false
0xf1459fa0cafdf2b21201bc38e66fec0bd6779b8f8b6bdc0eb1aa67be66d1e061,false
0x62fb9eaf6a09eca31ecadc810ba1d85c81522c0e2fcc201b5059f7ff4596af88,true
0x006ffaf53021c3f6272f0d1c39a22f1bebecbadc36d5acfefcaae06b8f8fc1a8,true
0xe8c4e375a1feb1104b14eea52c767f7c2857cbd10a3d4bdfd7cbc162610c11c2,false
0x8448c7434253c9d6022b9ea4adfda958d62546105be2b2c8ca79f8a1c965b8bf,false
0x6ba69c7abd13e51bbaeb0d5b6aab56e98bbf2c0af1bbe525b52de8a371a21b17,true
0xbb6a2f1f65c4cb57d4851969e2a18018abab0360cb6134f7e35503e16dc76615,true
0x9f9f7c7d3f693d619915a393f0a7244a0326f4cc6b4cc032538b8b8f1ddc3947,false
0x0a0908aa807c49bbc1179715b430d1c88d62106a317b40b88a4e3cc5d2a0a42c,false
0x769a035d179f7a62b582e0aedecfa86800690a7eaa9907797fad167764f53b49,false
0x081d065ac860b121f814292df2c2f1a4b7a0a9038298a5d76a6d3fee6e565eb1,true
0xda38dc8860704d4bf18b3e9ca5454abfee511dbf30b702578a8439a00793bd6c,false
0x1e5852d2e47664372bcd77c08d8d1f241a3b8c958b15ceb2e0a7395a71f6125b,false
0x23c1fc27f912a8b0af2610fee9730c858715db3d8c2db43f6a12c6d0bedfd77e,true
0x75e7da92f458e5a44c1e5e45a428b8338ffe335f82bdf773bace213449640275,true
0x34be802f4e94f59cc45e999d756e42ccb59076db386f2f9432e4b4d9102bbe30,false
0x610b1098ecb2d31f5e0701832736681ac49030e9563da12d839474789ab28f17,false
0x53e99599408a9bd8f06fb02d19fa4464da9576fa1ddadf65a2ea07a482b8e0b6,false
0x514ce2d784cbe92ee3be4eb9c8b54cd54ae301493c429cd62a60490b5f82ffa9,true
0x88e4613081e7b2a275924b0d753e17acda86745275a12e710d630dd3595e071a,false
0x943a61f3461bea0bc3c4e68330348c868a33b88f507a2f929e38420ae61e7e5e,true
0xa2acb878d834138e7bedea1ea1c4e1e78f56374777b78b43bf8c529269c83533,false
0xc3025e76bd141ce743755afd24736c66b62efa7be5df0be1f87ce664021a6e3b,false
0x863e15bfe626e4aa7b001347b50c72eb628e2136b3657cab1accd1e980e5a492,true
0x3549bde07fd7b529a0f7f2c17d0fe68890201ec61e6914661e9e2b1fe86a3979,true
0x76783e1d6127fb623910bd6372d1c1e5f8bd864d5542c809687147d775884fd4,true
0xe5837114cda834ee5393086d533f1822bcb50d481f56958c4c034f916a8d837f,false
0x942ba70aba537f28c2472a828d92caef7840479e4c659570276a0ae826cbe429,false
0x5daf1d9a02b0cb0665ea116c1c022ea2f010ee066b8cb0e8a9e499ecacbf9d09,true
0xb602d6e4871d75b9fca9042cd321a35f30b49e29d6c8b1430e2b96642aa2d871,false
0xae5c8f1aad9cff7d4a31e15ddda155a9952364d9c29693e16588729d288026b8,false
0xd6556aa49cedd1aca406c605cd9667fdf55b8a7edf1ae2a764bb62491d10dec7,true
0x8c601bd72f984bda96e110b1a9eef1c7e9a6cb6117bd7624dcdf3ebe6e4fbd40,true
0xa43501b37e411acf85a43946fa838fbfc7be2d6c67b388ebd2565ade26f5b240,false
0x569689e278cbffd5289a3c6253a51334c3cb2507a26cb393670a13c5cb68d882,false
0x89b1f492fe32f066cd6752e03c5246e141e98e3beb1992ee2eec8b186748b981,false
0x93a0d4c375ae7f736ae53cdefbab193d388204baac62924221a8a5c776a0258a,true
0xaabb53c6d8e9fa71c91aa0517c7d40eb7368cb2c675edf323bb0bc975e625ddf,true
0x40ad8230c4bab045c93932bc3d8a0e151826aefd72f645fe38de2d0649b699b1,false
0xb0b2c133182ef4c61b12a9a634b2ef09d1620932a5ecba016bbc1e64e749221e,false
0x378623adfd03a00dfaae99cf7c00d0f3eb54380aa6f7bf53410e0a44239f6420,false
0x7ebc9bc30faf20f0c58a98951116c8092805c36e885e33a40a76854bc8d9cd88,false
0x820d44b1a9527f35002971a085e44f7d56e8e9cae9934a702a6f3537dbd01995,false
0x3308e8dbe4afbd7cc7835ee89f9afde37ef49cce09449a2bd2657dbcd67146bc,false
0x5751a12baa1182c3c1895f44c4f09f682480651c842ddb8fd084f0f474074eb8,false
0xbcaf8ddeeb2dd80b666e7297766b7cfe615f827e6a6858922597da92f8454305,true
0xfe64c230c2b8918c9669023a3a3412fd27fe425ae8f9474b9e8c10afaf879816,false
0x141d19b553a3fd05bc8aa8ca86503bf80f8802f1ba09363fb820b7cd42c33f93,true
0xf8348ca738093aa59eea46e1c3582bb23d0c8f3b9e3ed43a91199d4d2aed82e7,true
0x4041ee1fe28d7eca892fb306699eae713bb40717d06f4d63b33af7442b69b78c,false
0x2b37555fc1055e018099ac7d8c7c6bf723994ab0359a6edd025e51b1be94235d,false
0xae8262f51a1c4e9030ec0251514779cdedc9de3ef3c030882a97102bb5a58e1f,true
0x36a097c1554025e9726d4f836de114cd2cb7e729fef60156a71117bc5a8eb8ce,false
0xfeb30e4817e00eec9a730ea32d020af14ac8fcc173bd263424a5a771f580a73d,true
0xf3dd020bcf49fc1f3fca25d56d0b4c7d64290266fa5a039a28bca54d79982438,true
0xd216ef9eb2a73e995b3487b43693d9db5499bf5a6a34dd43bec5df417b8de701,false
0x7981621fe774d1435789fb37773de528c7b1b92daeecddec0b885dcb92595f4a,false
0xa64bdf781e8e6eb4366512986b172e9f4fe1e88aa849e0f051aa20eb7b020cb7,true
0x436fe0762ff54b268afe1055f2b1026cca537b47f04c8816b9041d34b751879a,false
0x8f02a6eeec68c7c89c24d71bbd0bf10cca7a5c2046ca634bf1a2945ac686236c,true
0x514803d2f835ff9fa0e5d033d6740ff7f03aea759d134c6c1c79c0692cb3b4ad,false
0x7b98d68b74167601ceae2854c2321fa344de3693bfdc287e9728a633922d1cb8,true
0x341ecc7e8274f8502518eb06259d8da687014a3cd651680b703dc9e988301154,true
0xac59068082ee148637486e7167c6ab199604c8269f672df5bd7071d32e4ab719,false
0xa7c1be19556de4b336540c6be687283b72c8a587b90fbd3b32d65ca125bad636,true
0xdfee27a34b90b004701b62bcdccc2b23b48413bbb2680cefd6d6b53269c80a89,true
0xf8f02c300d2e2f26173103244e420175773245dc750f28bc636a100ef988b0d2,false
0x84d188194e1807a9202df8d7bd8e87b87e1582893abcbef663316bae4d416099,true
0x141dfcca061dc358b1746cf3f496ef36aefac43a4f6d7a441bd1286c3a7a8f16,true
0x3f9e6e9a8b79fa446b46cb65bbfeb5115dff6cdf3ccb1d42a3c42ab767857fd3,true
0xb5943652268b10a28767bc2345674e92cf4a7f6290f988d1d2a681341aa46594,false
0x4c14060e611af88295826eda0ddd75874e024e6a2a15dda045a3e814ba7663d8,true
0xcc76791e3d4c94864b778b2548b5a5b9644588098c75702b86fb02ee343cbd2e,true
0xbceed70c184a7c653f70086fce1a2eab72dc74789191651a3cab306fddd7a998,false
0x39404197928e9ba238f4d624699ab1df3250dc282b715efcca7405b70d00fb96,true
0x5e8d5aa5007728b2cf8dd75f50aef1f4a02ef06456a3b89ac6d6847c757b90ed,false
0xb865f0d6e98d550590b824af1e00b7c244e58e4fdb600e44f583808263f0c34d,false
0xc6b61b1a106dfb85dcdb8fafc79e0aab35479e35ed8f59e9a20d771df0ef6baa,false
0x284d81012e5980f979da767d31a3c6c1d19793b372c70406dddc12ae26068fbe,true
0xf3a4f17d3fdf100f008bd31ab2e624394850bebed3ac33bffbe187bdd3e8fdc9,true
0x69f3f27f62555ea149e5fce2439f1d26d5ebc352b835a251f1652e7ae4dd2dff,true
0x853b581dea48232b0ea685ecb6c036d2f0ea3fdf20f87b8ea89aa5067afcdea3,false
0xfc7eff5cbf12693f68b5fac74747c88723e5e85796636f1793d7252c056f6d1a,false
0xe33da453ee3004285c741258a6b3e12173eba108f23780af16eae96921902882,false
0x824807df5c6f9891b286aeece612457ac82c1539ebc81f081948f913b060d161,true
0xa9aeef8440f5554c41b0b6d74f132ec362b3845e8ff3c776779f97710f3a7317,false
0x93b41db00509dcc6ba053ecc2e1acc8d27ceef7d1992ede424156beaec6c0884,true
0xf992d3231351760279ba650965547c07a65d36e90c35cdb4f8cc55be93eae8e4,false
0xe722f12e46b3e0a4f19502f5dbb5173cb1acfb9aacb76ca0ff986628cfb7acd9,false
0xd9c02aab7e631a35d99365e44646a90f3df822eaafc0abc0a409d90147498a88,true
0xb7f09780345782c29c6d48d7cfb3bd9e2437953c9c142e09be8651005f23c85f,true
0x8f3c5d6657281d3345825933cd0ed2c73a68bf16d096670df28dc919a4480166,false
0x9670ae6610011e79a452cb3024529c881a439a0445dd3e83f486785aec1e291d,true
0xa4099984bbff63c561a466be0862840b3e8e0b0b7ec513458a073cef24e0b751,false
0x821929cb5ba6d8bdfcc8a74a97219449e0e5834127c9cf04892538d2ca680360,false
0x29c712cce0a2f57e6b01fd86dc00e1ebdb470ed21b9884a0a0f777b08bb53e5b,true
0xe3455ea35cf5d35f536a5a85adecc50d0cf68ed76c901ad64ee9ba1da417b7f8,true
0x971b17a177b3139ad1ecedbc8db006967d53ebb0ab8d216435eb0d55be6a5f41,false
0x5d22ac29b24c1112c0f24fd0c6360195343b0fe379faca04a697aae3a7f1729b,true
0x42e93dbd9fd5ba63f380d52b50338441bdebf96844e5b856d27c1180b615ac83,false
0x22c6ccc3c3ef499ef0167f7e8fb12c966925c66872fbfe68a66cb7a8deafb5df,true
0x163ba1f4bbe4ea244541aa22243e79ea82ffb8f62d70dbe22911c62307ac96cf,false
0x06e3898d966d7964c087350fc09484c936a9f16655253f97792f499311ee940b,true
0x0e624fa3cad65cff04443ead7b0855a050a34f747d14f5171e3b146d646dc585,true
0x11fe7c95c66f2b8120a5c8257120743117662b74298439cbabb0293fda5bb8a7,true
0x867743d963df6e26dd0edcd1b271162fa525764de4ce282fe5ecd66e50cb64d2,true
0x3a242c0b3fd1067b605c3e26d40127f2f67bab4555a0c94e68b3374f39aa21b3,true
0xa68144dcfe89d57b9ffc1e132d527269d3a667c27c1980fd6443dea01773831c,false
0xa951c3f489a8c9e9b4a421b191f6b0390adf2cfe1d2131aca25f529cceb14eac,false
0x69bc791cb76b923a589063b845ecb5a6268f9708f7fd91b8f516b03b567a0ed3,true
0x852af3dc3b46163e2bced2475913f3c024126c61868aba21eb8156b88e31bef2,true
0x8e755294aec70c5bc3cfc4a4f271efe8faee2b15e2c6e16d697ceba5d5b015eb,true
0x0e2dcafa3c3d221990a75f555a6428c30a729ac313ec429883160c1d6e9fc2dd,false
0x45bb139ef33f3cd80be22678452f1d93047faa702cdc4146bcaf7719ce7563f1,true
0xaa718dcdeba382ec29ca2c7d57d46fc8e04ce471fef5d1b1f8c8a408020260d6,true
0xd6a18d5be721070523e8d7736a0ec2fa027b4f42d6c0bf85de6242a6b9905af2,true
0x72b6fb7aacb6e7b5316ac9137152fda1d69939e15ac29ce29041ecbbcc1cb92b,false
0x2da48474df1d025be5ce7cbf177f6078db4f2fc90e4f09e4ede596ab53d89240,false
0x94ede4ecf09e96a563a45c96f035f591d4960584549aa60e53532ee9b006e041,false
0x2e46cec41ca0182c85230779a5f05e365ddfdfe7e373a88b525027af6677c8be,true
0xd22e842de0a5e209782ca051cf7d77c982316e546cd100a7c4d13d05a6650405,true
0x8e577291d5c2ae7fe5dca54372ff596ca3b74c4ab3d6547ac26b6c8c6afe0974,false
0x4aaadf6f21ca9c33bbcfc671f0415a853136b2fb9e1452154f5b525d0750ea35,false
0x61400f11d71e14a759344f2ca30f18cf96c57392b40d23dd8b7dafe8242608cd,false
0xa4dae33c3ae020fe74d3b096a2a798e6ea77260e3f68b15265a4dd0baf838406,true
0x49c948c2ac32f8ff727c535bab8995507dd28b302683dc50a737ce671669a1e5,false
0x31b83c446db882b02455c0c1b7778dd029f13876a293c9043000c8968c9ef0ba,false
0xb3aeda4d56fd7bceb6ea1fe384cd77ef964675dce8f4db9d78362f142d53793e,false
0xa4f32cc334ee5dabf1ca4e0990ce7a34a9636f8110f511d616132a00903ae9e6,false
0xb54f57230a2ea61495f670d9d00bcb72bd0bc55b4f8b3caf21bbb04ecc51fc55,false
0x37201ad1812117daa2324ef1f4352e286e7a51b8982f895312924ff3c3685afc,false
0xcbd3eb774edfa5368ff2aa83cfc699d32a4966c8d5dce0685061b03870c324b4,true
0xd743d548c9e8a5147a33aae755033e10af7f823c5e462f4c99d028e3373f2302,false
0x0b26916e4b7d399ac1125d22d0a474dc2912f4ff583a57ee2862cd21d4f0f446,false
0xdf7aa347bb4a86eca4034a5852da8b03b41675a89d9de654bb4934ccc1d39a63,false
0xb3202a881acceae291a783ce72839b05b3e61fa8d84c95c35ecb1bbf937da53e,true
0xaa866ce1e25a2dc24d665c5121fa379e269cedd446ded56c96a6fbc34af73860,true
0x945460262ab9c22599319d7fceeef07514fa9d99612c836ae31a6f8b733f1f24,true
0x6c167241ac6393da90798af82427d5256c7c35ac513f1da8b4d4d6f014d1e3b1,true
0x4a5b85e66d8d778ac82b8fedff3a2aeb4bca09a1596b804a63eb74f3f5354395,true
0xd2836efbd1f7a001fb9a31741607bc2f2d12c05601c30bc4fd9eb04289c6a4c5,false
0x547f8e3f7f90a371b18f2b5ff675b62ef02b75db24eefe716c873c742e937ce3,true
0xa736c41185833e0e7a95ad8110dece206805e038c69387bc10fe74435dd3bb70,false
0x2b50f905c554d56537303e079beddf46c5f79adecf8f5113df925d465d874213,true
0xcd615a0b1eaa9307788dc4d2489b03e0aa46a4e0dcec1f7046c5cb2046d638ef,true
0xee16da1d6a923e59dd7ed56b1c6b86d13c23341bdb8978fd630b33a5fb191339,true
0x4ee3cb05d1ce2a02d3464097bc7aa66db4ac84f87120bfe0b922fb948308c0d6,true
0x55d3374a629a33bfdbd24b23b8c1c17520964887b613a8cdae41c56ad76bf352,false
0xa00bf63037867f49f3c8512b336c441e8732b7e769e14c153e39f6a9345728a5,false
0x66cc74e9069189afb7f460edacc3bae52f46947b59ca231864939fff836aa389,true
0x77bf9abc2a207b31440ec3e5dc01b6ef98f0467371b623f270b2e107f99ef0af,true
0x4865ef2f72adb238109727b0a864afc674c03d2413ffe8792cf9868f00465174,false
0x42dca48192f4c28c7f8ded26b02e442fccbfa246e1df9e36a5242a3321281bdc,false
0xc1adc6e5d84aba724d673caa3d0be46e56434738196e4be3cd74530da2a17802,false
0xcdb29a56ce8ea97f96de94b2b12a431fce13e9495fd97cd6f507a020b01e8215,true
0x82e5e41c985d46d2ef61bbe727ed2660e13695880de682c0d8a31217c0858661,true
0x8a6cafdbe595cb16896434abb745bb8eafe1e1f954c04bab40cb8311ec8d7153,true
0x22602bb783f59e51e48457bb62bb8abb6d428cb9816de77a6d1e6636e9221947,false
0x5f6313003f449e651fb764a21503430933deaa66841f702c0dcd3a64e75c9d85,false
0xc48a07824f1cdd4c87cfdabcfb57c23a414f964828b0273940c125dd2d55c505,true
0x42b28cf319e48da57108f840f992610ec33aa144e16fe4fa4126abda699bd4e9,false
0x96e1aa58361d346ac6ef0dfec4cb33c6b27df0b811531f26a1cf5a59a5a2bc6e,false
0x189b49bfaed0a70bcc942de24bae764d3e74644c333d115dafe933158eef4977,true
0x1037d773bdfc480132e2a9242787258ac0448a7e1f4df88818754f75fd2da447,false
0xf86e0a87fd4b6fca3ac360d95ea2ab4624dbb941a49aa6d68f0638394a495eed,false
0xa33563c8818ae873625813aea224428a5473aa76943adb839e15c35e88890bc4,true
0xc9a08f6ad9e3d24e0d89113cbd73488f131cbd68fc3ffc7a46fb010c04adbd70,true
0x29e73273ace5fea7b417e634e024dad8c03be22ef8fe6e32ab827ebfab03dad1,false
0xe9df568509d7f4ebe6bfddd20e334e6435349d580e0c726be6afe812c6c57fb7,false
0xb9d25afb0d161ca257cd130055bed9b2d5a413031107f29aa43c3ffa489f9db8,true
0x65b83df1d7ddb7331a2232203452369a3a0f82d0636b13e3813c9d27c034f924,false
0x0817a10b569e23892d698099373fcbbdd841dd58fe829e290c3d2345f098fcb3,false
0x94ee84b0afcc8277002d037414d5eb0f10412130418a99b1a33e0c933ee89714,false
0x0ee437026dc12ed9efb8af8d66e8c77bafc3383a0e731d0b2384214970aed64c,false
0x2b334bfdcf900e55ed8ad7ad15f1074ebf51695847cc5e1948ff4d21990605f1,false
0x62ee601c9f529aa12f861e718f889f374e85b25230a93d7571f4e2b5acc194df,true
0x92006b42217c278606c2e17409c148bdc8f3baca7e70ddc3ddc56b038f1eace1,false
0xdada93c82b5eae88c7572eeab9fb5deee6be589006ce80f71631c1edefe8c7f4,true
0x12ef54eefc5211a3ecc4c5bda7a2da5901bfda23c911861570ef01518eabb3e2,false
0x4658eb97e1bd3817eaf0b2a30e9699c929890614e8d8c0d65a749e9bb59c2a79,true
0x370ac586f977369115f21c0b209fd5e248e1894d008740f00efd09b2b9f05f42,false
0x1a12a730a5e6b1ccc719da46b1b82f369e1dda916a3d21e0a04ce814b3c2504e,true
0x661745331efa7f41693c2cfed398bb7b2b338f85d0509423cf2ef8bf38d342ac,true
0x264d6a08c3dd4a327c2c4c745012ef05ff9303b8bf4e8a0d43416ad3c136b6f1,false
0x9f5777aed10fda91dafda217fc42cccd3a97660d6801d53ed295a333a57c5707,false
0xd8f76c16a66b66eefffdacf512f6b83405c87a6c6b964d4dd99b4521b015a2fe,false
0xd9c15043dd83b1d2fa35a9c80c163dacf0c9611973c616c36d3e63de2d412e30,true
0x3121dffdb8ac4d9e0538732f706720e84e503d54fd917f2c432f36b6c05813f0,true
0x58c19e3cad7350a0ffd04d1b916b590eb8ec0adc00b17cefa7231f27679db3db,true
0x61b4e4e245382d3449693aeb2f3fe2231d75c217a32ee45b8dd6f6337bbad6a0,false
0x041d03bce0afdb77bbe0f1a65c7a5e3da6c2eb917361b6bfa23446bfc1b6fa8a,true
0x4ebbbbcc11dff520ea2f8ab8b93503ac80d894fa7d0fb2bc8d2f9b6f608bb9b4,false
0x1e3976fbace9c7dce61172ae3e2fe52c26bb01a3a009ab344dcb43d81c8b389f,true
0xaa53ad0d91d098915d70d9159d42864acd02638e5b93d393e0e1b67f579233b2,false
0x4d69b516a5a0c217b50b7668df1706b1b4c5d1dce5626692dc420cd9957a5b7a,false
0x74f58f58aada03caa7286dad180682a08a1d841b363be19438a6605501cc5ee4,true
0x807777c4bdca5e2ac228fcf2c1e1108b69d874f087ef9b19554a8e933cd95958,true
0xbd5596886b24a0383f18ee7563334690d83367bd05daa773aa3926d9f3a00892,true
0xa71b05604326690e4a342bab8dd3c10b48e146fc80183bf1662845f50abdc03f,true
0x2584715edcfb0d1d8a125436c122ac585df0f9c531b30b543afea07846a1cf63,true
0xe7f181e0ed7488849eaab49a9e03c73baa928aa664bf7f2d4097668cb7a5448c,false
0x0d6bfe7c985f9915ab8a36539e52bf72d23f99180bba28eb3cb4fc0647764f02,false
0x5d1b40e3f368c25d8ae60870439e4c08d62f26c831533da755df4e00d81f5b42,false
0xcc0bf916bda48ba03102eee06ba596ea3f5ddd8d72ebb9f5d339ff29f24b1437,true
0x4cd54a8014100117b1a2b5018d955cbcdac741474c4718fc08078b10a74afa46,true
0xcff38a5a744db29cade8a85ed86b71a69c2c841023ee46f3c6c4204d096b2f57,true
0x15a263689dad9b9003b44cb41cef3ad33db665bbb29818af74f2d04045b0ac9a,false
0x34df6e4b3a0fc41f8f4c187498087b29387fca815e2411125e805b3b86257f9b,true
0xf3ee0071244566b500237c8f9dc435cb2db449f8aa3566c982df38cd66eb5d70,false
0xf9599802b766c70cd0fd820bf75d42414b0e1a189e119f7b01608bd880df2952,true
0xe1f0bde447ea1ee91b1ba389a21c4696978db86064334bdf958d9278be402848,true
0xa5497b6c950f7486738fc86c76622d5ad7bfeac658f1295680a68e9891e5e642,true
0xcf29cb0053ec973d5fc3ce425fd5dd1376aedae1a1c1fda027a3ac1a98ee445d,true
0xe1f37f69007f60787be74ec7dad76461be9935babfc2e488dcad7750233269b9,true
0x0783c7cc24fc5663e75e34fe3dd5753b87a81e31f9d33e4368a7a80fc4df7492,false
0x6da98799fd9a035607970b0aa4ebda14774594d2219f07cdee1e9d6c21edce6f,true
0x3de6841e7fd59eea14590821264f998dcb32cdaa8802d8d5d87dae0d98dcd604,true
0x628d0ec11538d291b28a48c0c19c6f6464d6f9785a168c5c8d66031e28061a93,false
0xfce55754679e7323c96f9ec6e9380cc8342f4c07c62b9e15d984b1878c4a4b4f,false
0x5a87b9a2659e5ddfbc672be1754d643791869ac7cdefea2a84c56a6454fc228e,true
0xb85b6ea369249b1f33e63c650d14ed63a67270dc4e0e2821f03a6c6f00d8e5f0,true
0x99d84436c3e9039e6dcaa82ad3967f22c15a0d9f76a32a194492caa2dfbf9221,true
0x3240c615c388c88eac33dcd4f906a0a124f6f1bbb9b890d890891d06610c10e7,true
0xd3230986bb6b6490e979f128e22ffe5c6064f4d47df8a7bdc164994f8c0171cc,false
0x7e6c31ef6e9f2e255c9119c367ab430f28a1d6d8db9977e683abcb070ab74675,true
0x60924d26f4798c18033854527d999c95c3cc4d28b82a3e42214cb17455167b9e,false
0x121380ef9e0019af443e04ef5f040ced7618037b6492e756b310844a429b15aa,false
0x8fa9c7e760a541f0f1e96456719786b3c68d996eb76289b09a47b75348747c57,false
0xd5bb9693418af7e88d0796ed250cb68543488ad5aa8d97a150d0982b9c449bda,true
0xf10a46216b4988dfc1e88ea2b79b1d2eaf13079d707c32bd6c0b19573117f6de,true
0xb4440e06603f897cd2bb1c9fe58fd7c8d99889edf89070e08e4fa5e92ff4aaf8,true
0x4dd9d6ac2f62bb92621e22a48e089545f2991dbb458851f9cd0acb7055e3583b,false
0x4098498e54f619d2457eb44cf258d8636cae8b94594e8b487abd9629c4af9469,true
0x6ed45bc1bc7fcc6016170e5c432a4f86a64284ed528198813d14ca44b431326d,false
0xc292fda0928b975c9bde43ade9c2c294d377d198d562cbf359ebe210adf1acea,true
0x63a42bb1d172490896e4f2772cfdb44a5b254bc1b70cd61d1fb23cdbbc07bbd8,true
0x071df8caf2c03a6295f6dd51463daca6fa49f3b4c50f1771fbe17fd44947a5a2,true
0xe677c547dd67f6c380a2a7f382e583a1a17568108ace776f0a60c3e7111ac29a,true
0xeceb0568ad7c2571bb9411d6309a47f7c42c860d2cd6a8e8e848dc9e77836d0c,false
0x96a3d8a3a6a825f5623c30856d76b945b22873b30067ce8e785e4a522c4d7561,false
0xd80829da16ae20f1fde416c8840b335122aa86228a5a5450ea35d677c77cdb59,false
0x7904b66d532d0a8e5a31d706b14c2ec018a05e0814c39f71e96317f9d4164b6a,true
0xa2b41b74c9441e963aba7f604c31909d677d0616343620ff040d9694f72abdd0,true
0x2d16ddcc85c21f31df1a66acdfbf3ce2f566b39063cf4f18f0b30436b33a3ad1,true
0x3bd8ae15239058eb42373f4c17b9017942cf90492587e6d72bb947b21ff4afdd,true
0xca924362e742da0db81ef2597d9a327952ed9dd26a9ae13ebdde2580943ba50f,true
0x3ea75cf568657040983d06f04b2c534ca20d341c306ed2cf7d042096649ba93b,false
0x7ceefe5289f26880f25300d9f0241720a932e617ebff0e59fdd7730d337602f2,false
0xb0b05567da6cf35fded0728c50bebdc5525855e8dc0e9b8210ecf5bcd30c01bd,false
0xd48dd9afd28c4c885f301311dfb996af723d7c85a7fcb9c636d54dbf71c8fadb,true
0x63a4dc29846534d92e6da5529897a58f0b447b4842d28598d0c2a7f656a0bc74,true
0x57957aff197474cf0fae8891338bd043f0bfab4d4560154571f5d9be2c322f6f,false
0x6f2df1f879583948b07f20142847498dafcd222015ce7157a6cd7743b7f0b419,false
0xc33c1eb2bff0e2b4afc00eddb87183a841cf27a78a469072f5ff5368238ce4bd,false
0x55c27f90639bea734f2abb5a300562e671cc655948a7aac10673a17f4209d8c7,true
0xe2a2c5846a599a983881b4800526e9c46a7723f2fb4db3139244cb0af15bc010,false
0xd80f0b0d36941fd770b2d1e6c7c7ef7836a5e68b3d84ceac8b5d85e7a59d7617,false
0xe467881ba8a47759e681421dc14bc3037940b4ceab54fe8f87a9b5e4dc5f4880,false
0x19faf3b00e2b7356cabf0e3ff59c7720499238235c5bac07aea92339653eb80c,false
0x37f96a38b48d8e261b4322ae1d85aea29c6d21532fb8bdd7f044f75517cba47e,true
0xb73de75f186c702c83af4401362db7198d576faf86cfdc998ae0aa3871e46757,true
0xce2e25b87b0eda445d28fec8537caf521bb4ecf87c3c5862b4a0e09b7a673f6d,false
0x5b6d28a6698b847afa78466dc320efabbae0057c03b8343775301df5095443be,false
0xd960e1c5eb48f13e0670507dc27d5334bdb197ebfcc95cd9b66e20abf5e50f9d,true
0x2b7a784af2ce5e8eac49b5f99a66950345e966966428e42ee767a2fa3aa453a3,true
0xc8d7e2edbae5caa962bc3829c47fdc30151d3e0d58fa33f018cdb0d9db2da4e2,false
0x28e170930cb487cb7a69f37472475551b0ad0bfa7b1dd98a0d5186a41d9ccba3,true
0xc032dde8413761b5cdee242c5f5ae3b9afe2ac559718551f76e506c5c854d507,false
0x9d61d84b63e0a7ed762db693f5638696c72fdb075d7c49b0030f05cc17a2dcb7,false
0x2cb6c626859fa10955bf10fa352f27cb7b2c15686c70176c0da5925e89f45df4,false
0x1912c0cdfe793b1f70abc0bd70198d8e3b7a58a1e1ad12c0ebc242903e7cee2b,false
0x0cb6891e2ae49c2b2eaa41c3793b96facb06f44daa79990be42f63b298aa568a,true
0x10a5357e278535d8ac68e3586d61621afa74395a855a2a9e1564b4474f4ec83b,false
0xcd86cb7b8d1b2f5f562a81c141353ede09d7cf14c1ff804b366b3b8a34427e86,false
0xe0f0bc08d2c8317650d645e502d7de8a0c6b575b50cff0483f3621aab09b4539,false
0xa29be5541f2359af10994ea0705d562b680605347837062d389b90f216ce37a8,false
0x84e0e7ea5ebb9c3e8834208e6c09b24d672326326ca03734409961e8e7395425,false
0x9c974d39277217910ad052f9e75973c74cda49312fe2e3c84f5f55e2ec131fbd,true
0x1ec5b354e80045218f606f867ecb7eee6da32c54f1a5f0a9e7743c677202f071,false
0x47cb118424f8bbeb2bc09154c95161eb30519c05f95f13a1b691c733519ba586,true
0x5f289c96c744131df96aced8e939c2e105ae742e4471c623b5d08ccd20e4239a,false
0x9b2c6ad07269217a195ce5246cd2e4a14c3544829f78f6406cdb3b2d36e3c353,false
0xde45782bcea11dae4139b9c5d7b841c82b3ea9cbf93b28bf508ad218a54016ef,false
0x659e82062c101ba8a0d69645a166df52ccc476dded15f86e72bb7d189c8b267e,false
0x911aafabd4eb4558b0beaec465250863155fadcecf45ccb32f9037f130ed17fd,false
0x4a141078d81572f6d7b540a43c103604ed01c77e045c95f3e58f21718b0b7946,true
0x2ea816a42d5a17e32ab1ebf14f4e709b99d1f545d7291e9b6b2c766a317ea428,false
0x561546961a5fa0581a1420d58a7ba4eaa36b9fcd5a4188fb8025262f2bab122b,false
0x0981351c337fc2316c0eb4ad49f5c392a560852fbcb1fcfbbe74d536921d6a95,true
0xd13007e9b8dbb49be80de4b0de14188a5454b7ae99e6e208e76989a2480b9cee,true
0x837ee31b51865cf2c16d215cafe2f18c4a59295cf8bfb7629b927b5cfc79eeed,false
0x2c30886213d55e5e6633a49371459bc6ec7ff88bdf3087d2317334711c26d8d4,false
0x52b8915ef977558a481b6b7d94ef7813d4dfd4f67e018f9d1c49f45ef1aa36fd,false
0x549d42c4f691ce659a67dc5013c0f2cb64f8076182230b574fb32b71875c0f7d,true
0x8baedffc7b8e7350a667ff0edffb1b9ce2d2a40a3aa62ec89ae6f5853b4f5a98,false
0x799696afab8c53cde1608c0b7c84162ffaa1b9cb1df5cbb4df9bc15bd417d3be,true
0xbf529ce99eff71de95dc007b7f96fac02230ba880b1bdec5695e700c62171384,false
0xfbb6a96104122260fcf535d7d92c436d72172085d5f91930e6b10c1a363e30eb,false
0x2f82f9815af1487966e40b4d72fdc5f3b60fde975798332b11770566e3a0a7d0,false
0x4cd4f00b2ab3b8d6522886bdcecb087ff78973621db4b806f12804c3d96a75ff,false
0x2cf6b55646b2ec65ec92da07cb0acfae899f4ac52af9bfef5c89373673a6ca27,false
0x4b6d5be3efef5cd55638964c609fbf7150782ada701abc2147ac0a7aa4857275,false
0x9ceb7509e6719195428d55712284f5c0ee8dccf000fd8e07b029cfa1c0554710,false
0x96a5e2629f32c506fdf5087dbe3de88e557ceba06bd1bb713fb43b1f6d09ac49,true
0x01c7cd41a133d77e5d5e885c54cf097de0462c0dae05e95c20b42d9e6f3c49b6,true
0x64cab8b99bf75bdc80036104dad1ea8546f2c1cf560483664e69dd4c78886080,false
0x3f71f86dde93bc4ea06942b3c163d9d2515fbff96a63868b7576e2314dc03349,true
0x5432da33c481ad812605b8467b97ee44d8acac72a16eb8cd9d14b77ea82496c0,false
0x00fc3845b9ebbf21d221633d32713dbf55b13d81b496b44367d54c48e911b861,false
0x72d669e97965a50cf915351e5c1be25dd012414b9227b82dcb04e49d7977ee0d,true
0x18ad8278459b373f63acd20811806405bb8d61441e47e8d2ffafd17aa91e920c,true
0xcefba8d8e1646924a9c08ee48ad59174f2d1c5231c915b9f079bedf2fc625d2a,false
0x8266142c607a7a71cf008ed77775a5dcf63261800779289c31366a4abb91a684,false
0xb67cf93fc35d1feb02f5ff241744daa800cea7f1171fa732bd51205f54e009da,true
0xb75664c4caa4bc1f741efa0715a9dcf818a091fb53920837104a4a94d9099b92,false
0xa4500b74f1f2cc75e86255327049b08ff4de6b461d6171afd5e33e561732af17,true
0x6d6d0fc860a6791787beed0ff49aef07a2f33f5265862a8d6ea65fb519d11401,true
0x5b139fe1c510575eed206c921916d52a6c0ff595eb259a92cc54b118f46a7d17,false
0x7583af26fe3c96ae87ffb87c1facbd16536c348ef252df8163bdb87958a5e64c,true
0x2556546ceda93a22726df3b2ba1593da9849ab09240bf6027e5e6987b69d6738,false
0xfcbffc7f060aa6b71c20dae480ea1d8523e2c6c98a2691ca7a82bfa18a2009c6,false
0xc8252ff54f077e7db29c92e1956633e5834f2f9fec0481f382ff7fa84cde6c97,true
0xa0d6bb5f42a6dc08fe1a152ff06bc21b62473211048ac3502303bc2d9abaeec7,false
0x4a2f811313e876d7bab624f196333462be6c9cdf79b59de92258623dadb443f8,true
0x2b545f786c54c0f0b13417c841f8b6c3da8984fc9bfb3b4e9412f551424445a5,true
0x01045b3b91137813f7086b75caaf3f3d19a983e2832ccbfadc9d843e85b92266,false
0xa14facd370586b696f3bd96af30cbcb56279de9d37c5c9cbdfabc1b86a2de9f1,false
0x047ebbf6ad0d64726a5b34ac057a65ab31e9399c151f0aa6b8c6add9e98e3410,false
0x4fd38ecca1ea83c93f3e8f19cc91f8e81fed64698334790163d6526e51dbdb06,false
0x18ffb221aedb0b111ec3ac3601590ce286ea325370a35c0ae4f6da86c5554311,false
0x86e8ab7daecf3efa76c585b5a4468c38347658c4d55f830b12f9f3486331de35,false
0x5590fce96e64d7157739d5e85a937ce4e0b2581f87a2964e83211e20fd352da0,false
0x476845a66accefb597040c83714c356165549fc4a6f1ac9cc9476ca7a919f8b5,false
0x138aee79b13ec3a35a5790e63b57e6a06a037f74415037880d15150c328edd46,false
0x9306b067f29ef1651cc6433408fcd5e097a0748048524bd31c9a57885caf74c4,false
0xb33a15ad66146002fac16169a9e0bbc8f118b2f899cc27a63d3656000d691292,true
0x449c9d85c9370c84bb127906a3f9d36ed06a5eac82e317fffcd3e92441a06f60,true
0x91c99087c66e94852d65c44073fbd4a2190a0cd0eec7f73aa8382d16cc3dd506,true
0xf5b741eb1edf31381d2ce1c1f2e4e6cfce9c1a9f0c98a6ff83037074c887b98a,false
0xdd8b93ef8aeae9ed7941dea42fd84d1939bae34a9c509201055e92dd4528078e,false
0x713500e60ab08c4dbc1102f25a020c0d989627e3d51181fd2c40eaaec4852b94,false
0x48afbd797a2b75424112acc0b6e450b2fbc7bfedc3c87c3e648f755e21d08a22,false
0x00dff98d0a3c36aa1054e021a4628566f9b2b7c60c521ae33f78b62f1945260f,false
0xc34f24c12aa650d64a0952b7b48b04e3bca10dfe3ebd9202de72c81bd3779996,false
0xfcef7abff1cebc8012be3912dab401dc54f0c7b9ade316b3cea6f2b1410f3844,false
0x21effbce8b713694bf74a65a0f7b23f54d50a0dca4fab3fb21d9b3e7dd0e969f,true
0x4afe2acfb463fd2b09c12df927995d66fada4a08ad44f10be85d26b6d2c6036f,true
0x9a3153d3114c50df2021eaf5ba82ba28204256da21ac6e0c75b7f649068ef78f,false
0x05f7598ec7ea420d4004c14aadac10ac344f4e56be132b4e0582d0cef52589c8,true
0xee8d036329ff4f4d75fb91f58a118212a53b3122310e0d7757686d857563209e,false
0xcdfeab17e09e62575e8e1ea50925d6c729394f20430161b0a76f961172a4c734,true
0x557bd9e018451d34f793e5c33600dfba3e92bf9c8db34aa2639e2c2efd886126,true
0x47394427adccac820d6bba76b7853a9b68487769fbb4fd277ed2994cf9f1d402,true
0x24b91ade7496cbdf88e9a1ff298c718308ae15296c105896dbf8f63fd6448036,false
0x6d592495ac88c08ac0a38f5b1b0c7874bf17c827bd6c123ce8b54a9b9732163f,true
0xddfe9e99185815bff13eedb26598607f66a3a2ba70cf4ad2f5178990a518a826,false
0x8928817128832385244920683af517d275d62a8eeab46c12c452e74599bc27ee,false
0x7f3edbbfe2ec0aa7d12614806bfe310354a44f82384838f4a6974646c4dd94c1,false
0xc7ac3f0833620682fe2b7fd27db6a793780a068c004946554fba84941dab1db8,false
0x90045f378959f8c2a3e7d90401543a1cdfff510753e15cdbb175e7abfad6293c,false
0xcdfec58b1b7695973de136b3924860dc7af503779c6c49c36da517fd6faef525,false
0xc4957696cb6886f971b61d83b9cb8672dcf005d3edcf20fdd732faa022f3237a,true
0x0ffdf2aa0f355786f699e6cbe362a1b2a981e51454982133092a09c5cfef526f,false
0x4ac5a515c716ca41bc2e7b4cb6d2b1e49bcc5987db2131cf684898906d5dd52d,true
0x1b891eaa685dc5af199389d8fc01c887c7e94f21a704a3953ab64e7e1e53a29a,true
0x9a8085fbfb2ad7033e76547758e72fa85771079afb9d8c7656d85b2b8c5a9ebd,false
0x5a653e640aa5524cb4351791f1db36b25db05d5ba5a52f3dff6fe98da109836c,true
0xec1fad05e1285ebcd9fe663e9644d2662dd22f707d6be43ab5e08f0d7507a660,false
0x1632d01b68c5842621140eade4bf91d17e0e74e01e5a8aa1bc40fcd27a4d8551,false
0xe71a14bebba36cc53d93c360002115b64746af94e944310cadbcc4e1057b6c9b,false
0x2bd27d7c8d53c02502fba917e99b0083338fa0b116324421a8d93cbf6f72a6ea,false
0x459b81e9354aa8ceb7c8671970f1c917305ec891fef2a219be837971ff9938a7,false
0x68383e678cd6c47cf68996eeae098b2d9146191727e3e6f138725942ed344675,true
0xb2e702c9ce8ea0466aa5a1e8327aeb2456a8e68e6a4d034ca65bbee682e79ad3,true
0x16ee8332ca83c2435c607cdc54a93579e44bcabd11ab603d141375bcb34a0ff2,true
0xe7b177e2154891c01fdd0d0b90a17806effe7122bebf532979d6f1304040f84f,false
0xdd44f73c912c8005af7c857e5d203a8c46d09b5892a9ab35d1ddd7a3280ed736,true
0x149f4444677ce6018eaf215e735674d00800690314c5b1e6fe6493fc157e44b2,true
0x6ba8227d7920a6933c6587d71ae56599255499fdb1c056ae6e355152c91a9e7a,false
0xb4190880d0d93e8489e81e4393b54ce9262fc400d40df7f8b17f7a461eb8ee1a,false
0x996dc88a5bba0f86df8987fbe89850996b1664347493cd9b134d946d83e4995a,false
0xb913a820e54c392d5c30bd21fec8f32f65728b45b974b14ac63b7ca6ce99c882,true
0x98270e4c443d734186fa27f86c3c056e6bf3237931d05a7d297bbabb5b24f378,false
0x609d04671337fd622b20dd458d1821b00e5ebc45ecac35b8d8f27af0265433b8,true
0x0fed894fe35d28dd03088207f2c518fca53bd43c541c4ad9285993ef7e35c172,true
0x724c1bf20e7ca2970b765d876d9427538d6f0a0124aef362e3f1d538be8102a3,true
0x3c18c60e4e9487156d9f4bfd7acc0545044a5fbdc73c5f57edb04c2697bbce22,true
0x3d762c500489567666f0282b4ecae26cb1e6f6ea70d70640d3e092b79b219b81,true
0x23b85e35465078d9f692a6465681a1c3240f5486fde117e5bc763a523f114c89,true
0x569348f7a8996d0df277f4243a110e589773b9a63f368024cb3b604f48720b18,true
0xa86b018292ef34923d943f4aea1b8dd794441b5f94b9eac1da3a3ab919bbfff6,true
0x4ed8fa9f17a5a25f9dbdb8730ca5c6d6bcac3d4be48ff6c3436058c878d7309a,false
0x1defd228fc4c84fd7405ca29ee2e7cb37ad51f19441d59affa3528de704c1cc0,true
0x3d4187d57c1ef9564d522c94c6c8a5d8aa547820a41f132f159a560cee8ad090,true
0xf3c4cd40fda0d9096f5fd9160fd9bdb7ed7a8d98790c16955fe8bb7c31f187b0,false
0xc3e0daf1735e591040a3f3799f2172476c01db276b2d53a2132febca6cb58d31,false
0xa211c49b618813a8f5641cd033ec6d080243eca1f2c517e21ef3e977d5d933b9,false
0x295fc32ad8294a9bd94433e9079b0f88e556db7921102b43b16e6d0cb71b4815,true
0x7df6ebb6b74998ab7e8cfdc125e5c4dc8692533a56cdb6753363defbf7a5a6cf,true
0x980251690f80a66bd76a9b8b0ed3c84fcb188b5f7bb96a45073c198f20f9dd04,true
0x3ac008fb5175b998327141c8b76cdf12d4aa20af1bddec37c0b375cfdd0bf1d7,false
0x9c3ba277022e963684665f789af71404867fcda585e29248cfcdf29a2d6dd71a,false
0x9312fb7eb86c24e63c741be8b7dd9f4393f750f780d9cc59968a469cbb167063,false
0x4e988887f921ae34bf5a61f8ff1ed9fa952b5bc23302b2c699c2c3d67b81ac0d,true
0x59e3178cedfeee8885301fb71fae64fd5e4259ef5f08ac00814c791ebb326312,true
0x9cd02097cef09b463496f36a01bca75e21a64aba39c9fed0e75a150d4a33552d,true
0x554cf4760ace73d33f9f0ae06cbd6becfc6f0f58b90aec7c1a8bc2efdea19da8,true
0x1c7920d63caa262a93bf64a94bad698580d5696f76a8ecd714558b25d167f3ce,false
0x9bfe57f261e08d6a8b335470d59dc0f20c14dfeeafd913ee7e2ad81d77632cc8,true
0xea9b9ca6ebc51f00302e286d16f12b88d80a01b9dc7998b41ff3d18b77020a8a,true
0x56504e219dd6e7c4a8c458bb688237bb7e798ad21355886a494f151a94273b09,false
0x7e1c5835234afa718510623f8b12f262795101afdcbb03b80b7ea1e38982d489,false
0xbc9e591321a6284a13520b20d3b39c88bd25a141f22c8704ef18bf361bec0cdd,true
0xb474207b6e24d1e171869ee34d48f33915432e579acc0f7c39321ff1f83883eb,true
0x56bd18ba1ce33bc996ed4a958abf68a0d0d909e78a71a8ea78fbcf78821140e6,true
0x88fa9cb358f8a4bba81ba9621ec036b074b53fdaded2b28affc2d6a995e286a2,true
0x8092f082e8d1aca2a65c7053aa0acdda852156d89d9260d21471c9a43997b44b,false
0x9ac37335b0677be919ed6eb65fb873ff1144d8443fa4140032e51fb96f2a4e68,false
0x3629ab7ae3b83ab70e2533bc47146fa5d6cd6a0e5fc633b56a87e5e0eba2094c,false
0x40ab868fec832ed9a44bcf3f2ebadce90ba196213867ecced62b63af3779e5c1,false
0xc9b6b5fd63db2761c3741fd29b528c76220cad34f48d700924ee6f7450ef55ae,true
0x2d3ef0d7fdb8c47c7632fd876185bd891789407794e3e2373a513beeb66e54e1,false
0x30d5232d60c2f952fec654545fb12ea6856e7ff0093a09b2f3e7569fc6bee4bb,true
0x6d34b2784101e54b0d8c04d85e39a9306ee93c11a35eb7c8d835955be2170020,true
0xda03a5888444c595e39d025c4c08c5e02024b59165e15bc9c8afa2ea7ef24090,true
0xeb9d2e7ce816e5f19fa87a486bd05bc02f73b642d98a4797f11b913f0e86f950,false
0x50fe5e6ff3eafe696f15f16cc11ae0349ba6a35a8742e8ae5936e14f06c4fe21,false
0x03e54e9b6c92820b91397e6301e67b2d938d235afd7125a8e07a78d298dcb347,true
0x340f470c02a7d2dd3298e15d43bdd0e29e19152735bef6881053b9a25846a75b,true
0xa8c1fa58c890060625d359a6f60e95596d9158b158c9d85154b5abde261cb47a,false
0xace4b5ba658b27a3adcd9c66a01580499d6969cb77225e8bba39888348137c7b,false
0xb1e808c44452eac75c6f9929bd0302dd046e23afba3b0b1d9c5ddb72ae274e53,false
0xf8caf04771c309777705afe6c28916f151344bebe5407d67cd7cceb43776c002,false
0x0b6d89962ab992dc19d9ac5c3b61030e40edf48e5018a30332d77b57e33c6cb4,false
0xfa04af2c84fc6bad62614913fa1208721604c4d77767db01a8114269026030ae,true
0x7ac061203fb42bce30770fe0327c41528c8f9d9d395eaa3cf1a4b23e387f490b,true
0xc50d44f8c66d2ec37a495cb52a8e31c5d0759d47052b2c6f5580f8983ec83d75,true
0xcb1ebabb9f91128bef605eb34a11e9a51a44449221ee4b1fd45a79fd3cf238b5,false
0x0d2a38a875792cc9cabe5f944a81c2a79d2609fd7b404b68a7652299dc430f86,false
0xbbabae71e05f195d56f4de9d989e4aeebbf7ed67b1845a8475fb9d35ccc9bfab,true
0xd8d05a110f65e280dcfc6c0c08418c52eb4025ba854985117283e1800d97e2c6,false
0x490ab82e3a001121cb035cdb3f304aaae0079b1616c091543374f9a77ae6309b,true
0xe1891d9ef0f4664d6de5a24765394cd17522d88876e288a54014d10aae43e03c,false
0xb12865f0c3dc58723090c78c5694399687ffb091bd37b1edaef40fdfd2ea9aa1,true
0x6bc223ea85d49bddfe188cb7c1005be65edb8cbb5149f3116e1ab252cf9b44cb,true
0x4e9dffefc36e4dec9afd0b78b5e25b26e914916fdfdb3347043f30f5c8c83f79,false
0x894f0753048bfd55f2dcc4d505f345a956aa906b06a77ff4c98926634b60ae9b,false
0xd23e163ee512080ed356feb46b00432e4dddfeefd5a095653b01e3f5f7c33565,true
0xcfab0aefadfcccccbf216efa113b736547c3b37f07ca94cb60d07af13dba1897,false
0x3bfc300908a1a35f213e6c2ea9d795cc476871626de430848e4b30f4f87af177,true
0x22a5bdce541169f0157cfd51d1da76a51271677352ad5f37933c76309d1dd05d,false
0xc996aa4c9e15f8d84987289beb05f37f1d3251ab485a35e2a4da8824bf6ab8ec,false
0x2987ce51bf4ff75c858b828b9ed6092827fb1a93100f89ae272c89e980cc707b,true
0xa2584b5093fa304a86719bb4dbf590dbf1ea9717d48e1266d146da0fdf7353de,true
0x505c2686954ba6c1f734f55d21808ca9a66d9ed7a7f0a0e5279d6117d9764767,false
0x6c9de0436f51ec142182e61f2d49016f3a635d760c477f3695f0a25959b22875,true
0x93fbf7f5abf7bf7abf410b8f3db0a2f44d8334c9c3613bcd32ccf6601afbd5df,true
0x396e8b5f6b2ca7be07f8b25b8f592edbea7f05ae3a8b6a7378fc19baf9875c90,false
0xcb768fc67340fa12daab020fdface204662bcf6c46c61e3a23ba633e11a79c67,false
0xff29511b5bb2b03e9c4eb63b42f66bf39ce1eb4e3476752a96ff2dc1a09fe61a,false
0x1453d33700e177f492ae76a0f1e8706785899e49026219daf57e1d72d16d16dc,false
0x7f4da62a63d13e8f7e05b2b4b45b4a5afd75b007d029730ac24fca763e7241dd,false
0x49808b1dc2e52f6952c3d869c5f614b948510b646f73777049555cb8d49b0ddf,true
0xfb55831c58ccfe09973bb121c181dc5344387c685819c40f36eb804bf67dc412,false
0xfc0057a516ca68ba6ea180419875259c7a236ed7cf78c347461888a17eb0d0f6,true
0x5e238e0f2c272d2c24262c2567837372421a61f52c0c4e45377f003cefbe23f0,false
0x2107d6d81e9233c6d5282bede24dff0607b9cf088eae3ab5b3dd072a14e74f5b,true
0x190745c101df25544432c6bdfa4dffb49f90fe7caa43d71db3eb9007b43c0639,true
0x784e15be09eb104db29df93f7d97eda49774e67b5c53bfaee2d792106b0a7463,true
0x2b65bd2664481ddb330dc3bb49f86e41e1b7455687861bd616baa04ba8adc883,true
0xf5d2179b46af934070a44affb515d6893c42bf370959a4dce0b764dbcfad17a7,true
0x40134ec03053fae187554ce2065e8c8ca2cf284f868887747016345fa5791c97,false
0x09f33033bf69a444a4b03499c43d5aac776f76874b93c6abda280cd6486d886f,false
0x072f6995b408f3038f0085b96fc32d3ffd508461de5726ecae8d3f531d1f507a,true
0x8236fa63ac158dae076cff7024c397c9ed0210edd2125900eaee5139e746ddf9,false
0x0d5df29b24a4452547fe3814ec1beff9cdf8eb6519563569746271c4856a0600,false
0x9611e6cac369e8fc4600646f7d210f1a01580f0f5206658beeec6b9a023d033d,false
0xaf0e794409cc4c12e11091a17e55886b9994ac2b471b25d07ee9d9097a5b5b7b,false
0x588dfe01757c58dbbdf5f15fecb68e725906c65c70399036d47a2e39453e7c06,true
0xf79d9f5fab95875ff429fb8440447b689cb409f9805ff4819f99254edb62e879,false
0xfb2b1acd5151ad0e1476e623aa4f9f15be8a4dc4fd89157deab9b8bac313b483,false
0xb7279729480fcedd59362bbe81c28198b6a67d734d7ed322993f80d1ac3a687b,true
0x71914329330d218f2fb2004a69b64477105f428bdfdf3ba02a723f03053c7b08,true
0x003d50cf8dba2de81029b38d798b973222363db9950cbb696285bc975514cbd6,true
0x994bfd9ae8e5aeec2d46b33313458ae2d7c288ff8f8d12a315a839ebe3b28213,false
0x61c57f52d3ea75e8c97e86237f5c3678211a6eb8a5ed4a7ccaf18d8d74f36ded,true
0xaec779727bb21977ff8b75f70c9e936c49c9296b1b3690fb8ece54bc0d059a6f,false
0xe28fc9a00b120341b37c0c1e6f35f85a159d56802af54cc5ca55fcb64797feb9,true
0xe7a152fda658630c5c2d3c8eba8d3760177655f172f0552637a56ceb0317eed7,true
0x14a4a63ae3908c0f2ccda644264ab83c609770dee2c6e89b59b5d60965bb885a,true
0x608c7ec5ec6db2a580859b631033e6f94e50441a68cdcf9a4899f76169655e2d,false
0x4beaf830b0814e0496e6e1560d88540354bc80ba61b3167716c71b5e03489295,false
0x7e3722b34b8644f351d396aec4ea83136a69dfa65186fec390ebbfaf31b03d1c,true
0x2c4c4a136081d046e0f74aa19939bfc8d24dfb4ba8bca4b0c7e2bb6eddf73f32,false
0xfabf2435ebf23912350eef49354ecc6d30ce4a64d7f0a7b5d5d59ed4b7fbf995,true
0xbff6edb7bbb387cfa34307dd3025ac77a07c0c19fba3a2c19c577aede9eb29b2,false
0xa70ef079372408348206b39431aaaf2dfadb91e0d2c4117d71c77bff882dea3f,true
0x6896d1d158e661dff41b16f18419ad27e90c2c8ef8ad93e4c6ab0e00fd6fc2e0,false
0xf6f439acec7389107bbbb21854a484f707ba0c14b51e58fc8309b4bc9bfc1bf4,true
0xc3d53e3303c2def70eefa141c68ab97d8dfb5c563dc59f44223e5b10c5cd310b,true
0x3af1915a6f338ce1069b3bc16921d1c7917b489f874acd794d1f822f3d9f9f53,false
0x54a91547bd13e17c4663a8d4fb62e1a4fd8ff9e162274248768b4e84fce67929,true
0x26a476c8da185da7816c1ce1156018e4e7a27a8761a8c3df51216c4298226303,false
0xc8a114160b9979ea7b9f43d5f6a8a24e06478f432f1e2be8cca03f90bba63706,true
0x953bb05f82b981d2c38a736e13bd488822b5222cef5f1df92280ec47367402d6,true
0x5004c09d9adc61fff6b08f170158d3219623cd002905b2994016094fb4327c90,true
0xa36cab23e82b6201dd02f704fd17a6e2c582f13f9fa780704c557e32206b1fb9,false
0x5ab44ccbe47d49a5f187083c8ace7bea9b2e750cfd3f359350e193c7fcd417f1,true
0x5c75eb338e41bdf1a0324b024c51c3e279208d2078dd00ad48c871e360ec2e30,true
0x25bccfc112df821ca3492af6135fb619d0aa6f95b43dd42be5add87f956dd1ae,true
0x05146b9d5a85ab5146040125c16495d2cc39eacdd848e533e0a60ee91e9550fb,true
0x47e9299d3894046d8439daddbba566af30aff8f7d3f4231dc978973522fc1c5d,true
0x4a136d4b61132e6c765d19881fd6360db283c8752ac6e9d101f0bdc19d4c9660,true
0x42d18ceba13e6f02d87f33b15c1bcbdc2c99bcad3839fb10049e8878f75018f8,true
0x8efd1185c5cabb8f2bc9e6d36262f88f815cc2ac43d25c87803d7e94d87cde31,true
0xb8267f98d3b619d79c34475755d1ece2b38b00da0eb8953dabdc51fa29b8de5d,true
0xab0abe06a897523565fcd666ef5631e6799434e1be1bfaf8728e89e2d524c423,true
0x0743b1ae95f1538a4b16ed2b97dbac5621f7b4e0ab663f62592dd14e01183a48,false
0x0597a3d6c207d58e80135005073449d692b77fca2d5e8f787ffe7714c5f468ee,false
0xee4f21b45dfa1904c6ad35b98191d95785e5bbfc405d6d48e8120cd360e4ad19,true
0xbbfa703c72b0de9097054c3beccbf2cb4367322d820d3feb661447b98037d22c,false
0xe7f09fa3df29d00eaec22234fd148152f181bf7dcf94590482ce399a518752ba,true
0x0887dab21e3c1a6b234d94ce31bf74522ee06ac47d5ed80399e4114062b4e3b5,false
0x7945bd1128925e9a5030407e91cc616e9522c2ebd96a827a9b32fd51ebfb27fb,true
0x935d5ba398b3b887cc330aa63290c3b70d4f912aca7423c5b0473b616b67a612,false
0x7e8764691b8c3a087dabc9160b82f1f112a5053087b1fe4631ba531c58cf5f16,true
0x33e9bd71b5a7a29ec13a811798f5cc64100efbb137779ef3f087e9f95b01149c,false
0x33febfdd3d3e848ff61c2416bc0c5ce6623efc01283d564a5e729f5f67b2e9d8,true
0x98c82547ac6c6d7c394e1c7804e430501060bb2c1db007d39b11791b145c5c5b,true
0xa1b014ed0ff5d4c7e4b861429a0211f9f7ca97a668a151fb788cf9366b4f078c,true
0x41a651714bc046a0e98053ba42dfbe637a5cf8323a72adf304d7c96906f494cf,true
0x4af6b9f36a23d48314d2237e0c015501dad4a3c26930cde2b25665545e2bc086,false
0x423300e8e9f55138783b1ce7b9412e6a99c3a8223962f721d24b211c9e5bcbfd,false
0xc8cee56b7aac32f5f24297d899927b98219bba80c444fb16e00e6aadd04346e7,true
0xf4ba92a9c37d9db0cf26a4cd8da4b75f168dca8266e681b4e394d81a902b10eb,false
0xa00e1cde8eb3b97261bf4f0abfbe39f3b09de76b29ebea193f56a3c7626f36aa,false
0xe46381e5f864ca8fc8fdae8cc43d78c29ca404cfaab9dbd0bc577965a5a2fad2,true
0x59d891ccba27e4f697654a756b6963051a402c1f2cafcb672a7beaf8d9134d2f,true
0xb0923b5e27f822637b8fd1d12bbef5cc706586f74a9405645fa450c59b90778c,false
0xd1abf3cc693ca6a7c060f00148ebc8551813b68d8afa576deb6f990a9c77f368,true
0x99907416cdea737f4b866e4d37a6c224b93a1d223b50a4bd79bb2e82e95d124f,false
0x5b1ea5f5b6e5db0e55c3f5aab641f87cf920085365ada7dee6ce2663badd7142,true
0xf569b87a7f2466edaab54992b6b4c67f50b209ff35d5cbf2894e6d35e4715f2f,false
0x25d87a7a88c394f471449babd150d0a10b240ed7249cff4470b58fd008a95278,true
0x29f4434a1d87c4fb84a0a2167ffed3dc558a5badb5773a99336f624c18dfa929,true
0x824e73a4f8724085d124c956125cc76049933ffec9445f2482a10378a46c5463,true
0xfa46e13658ba99270d21f66fb1169175ac0e86160b26369678d624cbefc25fc8,false
0x68be1864123b8c668de3543e3298786538177ce3374d15fae43da8681211a7ea,false
0x3d663228a56b64863ca5924fcc80395c4d08c41913c9c50c100cf10e4ed7d7e2,true
0x35364593346728434985e5a0e2df8342db1236acccb96fafb8ef9eabce47188d,true
0x5fa19a859dc75ab15fba0779aeab37f18b4e79e0da5089e89b05c1cd1daa6df0,true
0x0bcccc12e4d81830e75ac5c1368d0db2817d796804b460617211c916484ed53b,true
0x9202042890c63e8c75ae25bce965da5236e80886446b63be1d97b488780c4a5a,true
0xf4405920d226dc072fed829976cc1896d1ccf76c70d043bf328d670fb7367123,false
0x09fc39f0d5b2f187291424c04d5c75aaca2bd7027225e31e43f7e6f6b5c05084,false
0xb8192e85b9bde40f0f1bcc541d7fbe1bc7541c33f32d133562e8def2c1b529b1,true
0xa9c20bab3da95d3a5aa512b7711aece178c8c63ecec30856e3a3083dd2a9c56c,true
0xe777342f5f3df4e259e0872e39e4c54f1f3399cd29b08e7f2f48d99ad1111850,true
0xefbd68c98429addfb8efb77b7d6d45888d30f9bc7c2a900c2f06571414e02b2e,false
0x7ef7b508e8392f22e38425c4451c8b38e5dd14d3b7bf8cd51dbba774164a08d2,true
0xfe7f9404f8d40e8880a600a7ea77ef28777d8f380be9319e4700e80b04138425,false
0x7bbc02cdd26d4953dafdf4cc49e307336a448cf6b105d39c02a3f3680fbb9387,false
0xd917f39a22182cc5afe0b3f4dc3913a2f812f5ecb2c67284566305736f238fc8,false
0x007e7ae4801bbd68cbf3bcee81cce17e159b5ea01db7c9e58d8701598ef95ff8,true
0x5e3a07acda3af935b862d9df90d5c0326355148c311252bc8db5741df455f494,false
0xbe3bf4dd7f3ee8f142d6d2593be6e53d0f338645d48e6c944f99a417470af7d9,false
0x47f281b4c7f48771821e571704acdfa7522f8084221c3c680ede30c89d54a522,true
0x16c0ff808f73c520e8eac26bec7613da58ba67b567470ac94d3e30cb46770ca2,false
0xeaf852bd771849ea50b92b5991f0ad99dd57d25878266692fd7f01f13168cee3,false
0x2992f44f9646c78e66bce0a125e3ca9070da05ddf2ac3d29bf6cbc4e90995593,true
0x41e827367045e92b7e8a93f70f793a2e449a3eab4e11a08df3a547c6d71316d6,false
0x978d23cc8a44c25d9ade54154c8211eccc5daa3d890d6ce487d4a6f5845cbdd3,true
0x9f3720ff118692c0e147a277cca5bead1dbbc22daf1e24cde34e6666a5326bb6,true
0x37e88fccd5d061ec0a13157223294970178f86ff8a3b4b7ad9a22aa8cf82f149,false
0xe6ecf9174b0c26ee674e5db608e809358bfa81e0e44c5e5db0e6747031529523,false
0x25ba6b1835830d9906bfa8961b3784f9a70f91c30150240dad7335f742ec3cc1,false
0xea1555859ddc7c994901189bfdc9f61a0a6ecffb25aa3a09c38a723a07aa33bd,true
0xf71042e98ae8ed599ea125cb9e7a8f3676fd06649fd79eb837a535d164e048e4,true
0x288e90dee906e7b4a769e95942c4bcaa43ba9f4424771fc68f297dfe0ae3c7c5,false
0x3e6e3dbb87b6aac67f9312b365a2d378dc5165e3589c481be694c254ebae9845,true
0xfb9ee0db31f642ca90e00509914c48ea0ac92a6898ba8a9ef9a121cd95cc1fa0,true
0x3c8006f6b7d7b89077723b63c826b55f88ccf4616001f44e5a4c988ccde8199e,true
0xb227c094b9816af2c5a31e843ee0d89a9577fc73c63323f344af237bd56dd4fb,false
0x576b5bdfc0026f35208ad907017502ef699118353ed82ca9120da77e36fa8371,false
0x98263c467759182fc949b41be4c2028c2beb5706e0597428ee5cd441934c7091,true
0x1262e3c1f1146e4b27d2859758f164b8be778d16cb7e51cf8aeb069b217745d9,true
0xff104bbeea3771ea683e1c49fc503ce808d9a49c6eb68a72efb1a44d419f30a3,false
0x3a131b1f084ca799e59241ebfd051c1f9789074aeef021301997415761235956,true
0x095a8d367b7891274638e9128548f89be1a8a2cb3ad3360d7c8c4288f2027cab,true
0xf569c66eed5dbeb6e63fda88c6f9c6fafed73730b449e2bd292925caefbce250,false
0xf2b9139a3b6a6bba42bc645b2157c0db7742e7fe149f982e4d1d6421e838aeb2,true
0x770b00f7747e8f0de0f094bbd8e5e7976e1e37120a9697d0ea2a34e0c833392b,false
0x8a12e29772077a7863b78f5b064e78a95f59b2aa26865682eb2810bb2d2e143d,false
0xdd94bcca40edf9cbd076dae2c70e212b25889b09d6a90ccffd81dee39ed150ad,false
0x160b1478d5e9940040a0a3f98519067ab5b2ddd9c7306fdc7892ffc0f39d331c,false
0x8e339fa8cee172348546d535104c294864fadd4b5bafe2629d5b81bbacdc7390,true
0x5edf38e55e3edef2974be402463e4627c013766268900fe25dd1f0f392934321,true
0xe5d71da100f5ded272ac97ade8b9baa608132949bd3e0334ee186a5677dbe6c4,false
0x1992b00c04ad573b5c949009482bab4d6f8d83c26ab507e6de692b42f4a243a2,false
0x35f20a803ca8b779a17207a774af4bb712eb567d9d4294d46b40f78580b4379f,false
0x5fad8e0148f687222bd57d511311b3f0286264ecc394e87f2b78c06d1f1711ef,false
0x69ed5946113953e9c0b322c899885658408a263bddb64f1c8532eac4643c9c5d,false
0xbccfe2758beb71fe58c7d5998984fb3e22b1e6759aa4fe68046ae50d8fcfbc07,true
0x1ac1269dd1dfde0909fd9312f578764abaeb68ea93d10f3a7a734fcc75b21022,false
0x2d59c4d8bb273373e1a38f4d7287d0e5ea484039503831b37c528f7d52f1617f,false
0xa6596db1f9a05ba8077c8da0221d7175ec9e4402f06d819fc9f92c672b5dea18,false
0x9f2c0eb5a2cabcb0dfc896aade615844dad5f8b2ecaebf2b7a5be4007ed5607e,true
0xd4f84e43dd57b1b5c40faa3c6eb408401853b5ed8b0fe4f85174f0f9be6055a2,true
0x031f151edcd5a7c3faf91500e16d5f78bd05909be752080395018c6a1b6cb1f3,false
0xa8857deac486baf35934b8c1a0d000f473f45ab875ca231e5cc031bd3f148d14,true
0xfc0800ace79c1ae4300dab1b2b417f48902e16676490378362be87c0ac21ca0b,false
0x8c754867d66bac2a670533ba8bc13338379a18ed2684653d59a99eb8f58cd016,true
0xe8bfda886de01df8bef7b46a065fd76b5e9b0e3861080dbb9693dd2d747254fb,false
0x06b7a1385d8880576eecb9dc2577c0507ddfb5ecd6035e292b59c333cff243ef,false
0xb4204184464775896b35e3de0d22e7f196a2f2d8136e1cb1ee0122b251585daf,false
0x1128ad8f9c21955b8649f2fd56a3e597350054f99c59d9ca8f2a1d8cef96d96e,false
0x80f81b5b8f13db1ef3fd71f7f62e94e84c38354c1299ae316d4815ffcc41b882,false
0x5d324d36ed0373bc1ec66ab685cef9e37c5c4daecb2a23ccb7274d8ef7018ae6,false
0xba7c5a1f77c568462ced04410dbe027a2ea130ca93abd5a8ae6f7bd1d413e695,false
0xf0d7f705ba2fd60aea64bd637b98c30a2eba6ac89214b8b502c81e5ca0fbe02c,true
0xd80e900023d68bccd673d264f357cd086420b3287bba1e96b92ab7c665a7cba2,true
0xe2119e7cb08c5779a3e800586b6888c78cf64098ad2598486ce6a14152d23e2f,true
0xdfbc58c66216b1b15eb48f9624008e416d37fd5883a5e8cf532ecef7c5fa0bd6,true
0xabc94070f0f8c9cd05e6588a1aa9d95db1a96bb1e00d7151b2a203c1eb2f8453,true
0x390f0907a4d90b891994e82f40ba2cd742c17fba7d3f8a20a9ad1e4c12314be1,true
0x5766300731c6a06351d472aa8cb2bc3b7ce3658d84e03db45c50493d65da76b2,true
0xc10903188663fec9ca9ec84bb0e981ba6700aec05d5be34c6d80f55bdfc2cead,true
0xdbf900514652ece814ab7de00618722097d2768f0777a457e9fb8822629960c1,false
0xb425fc87ab08a47fe32edce2b91eab257d6a8e2c8dc71377c681fbed20a1a3ff,true
0xe37f66c6c8f2db163b2bf059b77c6d9dbbfb0b7ae8c8bf5c1954f389b68f5e32,false
0xcb3e34924f714f73c88189f31ac5f91e0a42f8123383a9a75f3f77d2a732a93c,true
0xfdee336d08ffba282c8ff12cfde729511e492edafbd215e2bdc97f668400d574,true
0x93d321dd31dfa7ba3d73ebf36a9cc305c0bea1746f523e371bc5ed059bab6d4a,false
0x1c24cf5cc57a77cd0bad1efb61734fa8c336e2b738e504b126a3bb17a49e8c3d,true
0xefc60097bbfde86d10566d5b649e43bcee199c55bfa6d738af34f63ee702b962,false
0x12ca84e88d97bfda5fcc6a156ba00d86ddf7a3bcacf064cde20738bd65b7dc38,true
0xa16c85a963e597f27c910f9295bd03c1779e4306993142816248b019db6fbdd2,false
0x4a24d4146dbd61e59132ab8b5f77283f0b516ec32db8f1e7907b4f2d904c2167,true
0x09519b7224a17ca4824d693cb5dd2d5300a2b39e57bdb739d4666789876dcc44,true
0xf4be8d988d8c327ee142236d026ff373a7ec0ad8008c3fca476603ce1b7de249,true
0x8c594eef98bfe65561cd552c4edee575657eb9e6624896c7f74c02781da03131,true
0x7292fa0b9d7f68b12558d42e47ed4a6ef11d3f76e9db15b61e53305fbf18461b,false
0x51d32c3a30fdc53c8be2776a106e97a3a847ed3c331a17e161bb27245d3f86ee,true
0x1e5fe9eabc1bc943b539ff967bbf195c65444d78facd869444ae98047e8d6de7,false
0x2b4e5d4f6786f299a868263bf4c728e037b201000bad196e44a5191f358667eb,true
0xcbc8a590c205ad15567b7b4ced03ed6e31820331df25b4eb4181f2569725ba7e,false
0xe0fa62e7d23b9d9e64a1f3a3c268247fa71ef3a8a0847c087a875366378e91ec,false
0xfaaaa5229275e4337b2f304a9024df44f6f167f692e3c52d74fd2c4d1dc56038,true
0x6305caf79bb9c142c1f853e5c37c27121fe6dd9b973fd5aa5aa264f759c68667,true
0xc45a3f3716a15c90b4fa9e5df6a8c1f671a286bcbabb8cc072b70eefb4a11d7c,true
0x4a331b249a5e8f4d5eaa0d1bbc1cb26b9bfce1e2f72ef447341a5d28556a19ef,true
0xcf3c3085209111462cda94e939059f1d7f5c77aa362ce7f5fdaf91ffea5bf50b,true
0xb0c21427dfa57d00fae1286560c8006d7c01cad3d72aed615384871c4e1cf4ec,false
0x1a1c4e124cd3ad4e8db3768c5724a3d4fec082a2e8ba9383c527c5448e75e41e,false
0xeb50b346790fac2234de6160b5873b454452094c52f996e5414d9567c17953f1,true
0x069c3eee4988185bcf80a9360f92bbd0fff5ab2b5743a211fc9b2382027dff05,false
0xe3a9dbc29c3875aca786f5aa0f0a0f81a1ab774841432c962c2139088b4460b4,true
0x2125b94d928c6b8992cc36b60a5bd3a34c2b57bcae0e422e1fad3363c2aedfae,false
0xf37ecb164b467898b0e5aaf8f22d4683b1bdd07c5f6eb097619a30bf9e0591a3,false
0xa293f4f2df5710c5b670c8101f99934fad143a9c44b9f1235290c076a1dc8e1e,true
0xc6eb925b9b9c8cc3720b15f6ea3c1a5025d7015ad954b72ef32986a186990cb1,true
0xcdf08e6968e5be73c6b0a188641fb3302d5fe3c2241c7276e2c8f0bc3f9e3f98,false
0x0411a264371d016976c30d498d0ffd33a9c710e95523614a586d48e9c3cb75eb,false
0xea7b6406f18812e877f3f24ceb5447b243d4385366d26c726cf4300c653121c8,false
0x821f1e028b9f3f1bb29c722389274c3c5000be03dc006a1cf3e665a0b16e00aa,true
0x1e25b6e6d2a366a957ac61c2a0d57c7c2699af36403b5a7519039daafc13013c,true
0x329d3e46a8309cd614cfed1bb5b833a9c3da3d4ff21631e5895927639d0e471b,false
0x4a09247c372a73cc1c3288b710fe51d1f26776d6529c95c880f045de65e99648,true
0xe2406e5fd2b58a54dfa392e9707feb6b11d3f26bcfece541b3a12d11427fb3ca,true
0xb0cb3d9719639bfcb7564f2b9e3a4a65ac0eb09fc520bfcf383cab8fc8fd38d2,true
0x6508804248672a815f982bab0ebf44d935825562d53a034e4d63dd12b5262dc5,false
0x7a85db164624d7a57b5e32fff7238866f201e95927c8219c175b54e8ae80d84d,true
0x82d7e94c9295eda8e0b716d5083fb1a2c37ae9db65049307251f595abee25b74,false
0x8ee5771620fa6b3cac5085343e87f7323386e9dda0d17e1844cbc9811db8ec2d,true
0xfcb63b52ac6c778e6f22ee05c85badbd463720949ddefb5a61fa3aef99f724c4,true
0x7ae3b72924fc4fb8d398e3b46e884d89698dc2f422df3fbbc388769d4d66daf3,false
0x6e922d05b5b18a056196704879d59a86a12e2dedd07d252a974b8e993f4ec95a,true
0x1e2c2b579a839bde33fc553e2d97f660d78b6ea87e2a4171aa5d0b21ed2d421a,false
0x03b81bf7e56ddaa3f7bae6012dcadb667483cf48cc290d206e5343065a0a03ff,true
0x33b7666bf80c9089627b10794bb36d75b53d9b7289745fd245c66c72c88d20fc,true
0x7deb9be5b927d668196d6e297d47bca881b392b75828b7144529ae20e21265d8,false
0xdda3d15512c6a50544106969434e39936d9ce13a5ac1445383dffbf9df82cdac,false
0xfea24b150e63f51a79a9aa13cd3dd3b3524b6f922e9969304fb6564ad1e7b2b6,true
0xf89ed034dc0c69643e64a3182cc09b1bfc8a08f4cd758446ee66724654e086a3,true
0xd322e369e8e26a440d0aff9a62510e61a98684fbbfe33e9848b7e9ef2786d9a1,true
0x5f321f9b167db68a1c788f1c131630c306299b9b6f5f1094d71e3353e172cae5,false
0x73383240f1d89bebbcd58884aa89002d5c20744535985cabe221584fce4c44d1,true
0xe3a2bf15b8aae8d23ed9a46f73dbe31949e1ed2579df03456aa814c7d1d5f9c4,false
0x4510d8c8b93b5224768e02d71bf02cfb48692848e0c0388bbbeb964c4507db89,true
0x03c79890f5a719d451804f4ba7f2f1059f62f1c2648a3e0f269f8d6e78346a7c,true
0xd8fffb73fef8209dec69e112316c71ec493addc49a9e9c6dc285f420b9c0bded,true
0x784fbe675ca61b2ca640fda814e0a6c7f40460bb977bd0e4005949d0f4511d69,true
0xce5c50ade15c4b8e034c0b9dc2feb24b454056898d5d54f725ffebaa4e4cf984,true
0x18d7bd9b5ac902fadb72a5008882f9dd3c6d2ca6608d2314a93bd532b8b6948f,true
0x25fc0ac67ea8664188ef5600e54b493c25706a161faca50fb53dadbd8757ce66,true
0x83df6037d1711b1de4d52595348f195a445604d0c8f685d3676c83ce336e543b,true
0x7a20e1a204e0b5c4b62d43897a4620536d5ec00b9543887ed956023e15b3d119,false
0x36424a4774220ad0d5d4267b2eb9e58577b4e9774549eef8def8596e2efe2396,false
0xd8ea6fc331cbe02bec1ae896f01be1b703014f689b822bd58760cea6e80168df,false
0x3cd058de42cf83e351d5f889e3d20d27d04ed73898876fa62d680b9091a391c1,false
0x7543ae45483b1e95434c1453f9e54027e0e3d289f4085ee8f66436558cddecbb,true
0x8184e2f170cc90957213ece4fa48da4e6332d70c9d5689b822a669d28eaa2902,true
0x73c6e1ca6d1dea06f423cd002619f7c9930670f8e7ab182486546883e0910254,false
0x452a24efb161ce2c97c66ab7c9520c1f5429f1281fef1cdb36d18eea02ca82d4,true
0xa2ab6456669edfd8cc8d71def746142c4f7b9a9da22eb7fb815dc914621df7d1,true
0x5d647274499c7eff091a55ee6b48f4c2fd86275ba868bbc20bf242f579369f79,false
0x1df42b1882899930ec034c69c576245e980a5cf801cd5f202248556a1f3f9d9f,false
0x0b824c610464d9ad66a99d7f0ee431ba053e45cda636189ebc06b1980d9db937,false
0x0ecb9c917d976e48ee4cb1a558e91c5431da7ec08482aea333526e291ba0aeb7,true
0x8bf9d0e6e519e93c802d1d44bbc61a040b56a212cc104e928dae74e8cbc2045f,false
0x1d657b2c6a7234a5f28c889ac734504e4d066b0ff3dfbfccd57680d79f072b9e,false
0xd2ab88443891270226019abdd2f54622e74564445d84f50c4b1d6f3a21bf6329,false
0xcddfb50ff33cf04d911ead022cc851a66652dfcd679e9bd7df78f289e71c17e0,true
0x4991f80a26d02a485cb0c3c132afb07988d48a6e399fec06de580b08e397ee00,false
0xfe2ada99eb9d4a495d4941e6b4b9ee5696d818bd479fecd9130cd79397097297,false
0x684a2bfd7157cc619e4302bbd330e3b42ae9a4b0fd563b53f0577d422711bc3e,false
0xfd62c3275a5e2bba10722112f1bb1153808937aabd9b81a44d654249018b7368,true
0xfda2be59472e897680e99d866cf9801fc5525eabc0b89e1d649fb69881c9b78c,true
0xb6b20b883c49ebce3b3f37d2f73443ae826b3c607a4d95c3acac232262dd38a6,true
0x1df55db93d089310b99e25b0d2222f01a233842be9a902ca7ef26081696384ab,false
0xab8587d05198386ecde7338658e5b70b546427f45a022ad7a64bef6e18214e1b,true
0x0badd8ade56ebcc9a46dbc62f6c40b344c025403420540c510d6a90b03133098,true
0xbe052de0c28a2b6c6d25bb4cbc7689df79839af829af4dae90cc3f7bec37d18c,true
0x7280b0423a74e2052aecf25007ad5cedc1b0a36aefd83df1d368261c2747dcd1,false
0x2c50312325069eb771e0402978d949cdf4719333bfc2fa41f9ff75011f2daa92,false
0xd87b751b21aaccde8fcd5172bd5534957eef051c13d1bc0a938a8446e7ee789b,false
0xdeea720a328968c067cec2f9196019b3afc7adee9926c85c683fc29f8c0eee34,true
0xed60559db2fd50bb9d32f3f759439ffd3e57b7b7d4dd6cb10562959f65725170,true
0xc1823d3919f846eb4583789be96b8db35698b5faa92604bc138370482ae96826,true
0x10b6f1818d2c81d714c4515754555407143c8877e4e8455e87cc9c2a520c7e15,false
0x2e4ad166e1d4c4fef82971bf711888b982170e9ebc9aac012454329f13e849f9,true
0xe64d1edacd1ed1a07572aa48cee96b6adf3d9900b8dc158ab822e9782e48f4c9,true
0x529e92196ba49e0dcbf38efd4fae1f6f8fef985a6f7052d13339ecc93f7f038a,false
0x089265f4367e6563685858f7e9a172d6b086a53864dbdd7640a756456bea3e21,false
0x1bcd8bc3eeb07e2d9d832c6c932969134b200e931d4348a762726559ded74fbf,false
0xeb451937bd88141896403af78b7c0adcee5ea062dba0161ac7d142d084c07d1a,true
0x80f0c5150478754c32c9db536eb452616608f6d4391072390d249a0c13e124ab,true
0xd1ed6e1cbea003da2c7cd7f7ca9a6c819c72967c2b371a6d9520f68182600e33,false
0x01952c77284f6d2cf7b712531322ee2f6ddf7b7c6675d27c2aaeaa8dc930c25e,false
0x484e31179178ad82420c65e39ff8afcb19a4773ac889e5d04a34a58809cc1cd7,true
0x7391ab1b3bce40b38d20b83801eee53414e2fb67d052b3651d721f312dc61eba,false
0x9f9c5252d57ac6b7fa1957739ccabd64158a42c661e6c3cc5f7f9e4281a2c89c,false
0xa19bb02d1ac9710eb25508fe888c0969de6c0dfd6e203106d3cc586b20d3def0,true
0x98ac776802d4401c420c8183b573374676d99b06ed00e2aebfe92ff418e7ea6d,true
0x5cfbc3446cf4d0273e823cf0f5f001ad4dfdd02169920613668f90e625a9e558,false
0xb0e7d8f893e37a20fa06f58cebb1f8e8dc5fed57d1849452fd926df06b9230d0,false
0xa8b9950555dd1d64c13b421c32049255df5dd73f55c41c5b51ebd137613e5ac8,false
0xcdd8da8e3949a6504cdd43af318968e759825848a439ca06b7a383278a0e3cff,true
0x32898fa3721ac28e108d1e0312e14028a665404f829a9b144bdb9ffee614da2b,true
0x46ebf143a50f6f2bed55b8fc94a824a70fd581262f1dbbdedb8115d3e679629b,true
0xc21b50bf1b65ec0bf11200ead9e740b42658609f002ac9d0485494dabfeacfef,false
0x4f83ff917112042c5dbf6bc445e4aa7975ba8b4760214558f6c9ed414c7042d6,true
0xda6932ac25337d7e232a09348e1d31ad7769bc2a7480afee2a53cced1c5de4ab,false
0xbfc7158f1b772ae1b94498f426dfdb55d3db443b6f59096ed4b6eddf7586662f,true
0x004ce544dcb426a0c12e24419ed1301255555742d5454c8a827f3fa04883d0d1,false
0x3b0124d3882aa0a1a3d8fd55b1e5323339f8ea657174384210baabdb785d21fa,true
0x2bdc3d515447e86fe7b974d59597e4b91814affa9a1c2227f32b6cf00f96c2f9,false
0x4568f17d5f02e57b46995cb5ba55642f51603af54e6dee8ee645ac537353f727,true
0x674fde9731eaf6a51cae68551ad741e9cec862ef5c5768a27de002c384b8e209,false
0xa9d53506b6408178db68c5fe7f5fd243b8bacfc6fa71eb72c9cf93f2832c15c0,true
0x5dad3b14cd1cbd9a9a2f3fdc8ba23fb6b82d366aca176b3b56b12be9fb5b7bd0,true
0x11fbd0d4f76a5d906ff470fbfcda7f3f3ac19417a1477efc8834689446e9d18d,true
0xd8054d040d921016e73447ed49aeb2594afadd69b861ec733dbe823df6e8bf64,true
0xdd65aa636c3b285e9e2200b0b7b8d1446b4ea41b820248a62d77668186e5ecc6,false
0xb826624627cc296e8c0b19f460353391a482f1df05e12390801ce8b6ee9f2e53,false
0xdeeae3040fb88fd4853502f267d20a1b7bb95d5b76fcb9ac1dfe59f101cbae64,false
0x9779ccdfff8dd83d6bf1368a53e61b872dc592f026eeaefeaedc55df2fb7725c,true
0x5c7b1379f526ed639141ffc7835a990fd82b1d4348d524e17e7842ead6da3691,false
0xebead38c612b79f274f9bdabf107c376a0eadd004444f66e4b9bac8bd9fcc577,false
0x4fa3e0a6187e083fe1664bcb5757eb242296386c3e26c2dce90e90ed2450d7b7,true
0xbc8ba4ddeb3331966e176e2932288b9146da4eb39efbafbe886ff9396002f13e,false
0x4028c62cb416f8362a8b977c246235549d543affce2d160270cc306ff8387f0f,true
0xe9c0c9bdcbd88a7a1aaf4cbf787de5cf63b0534db1b2a9cc83b03d9c47b1877b,true
0x0399e3af67b57004ae38706fa31a769122b2a58db7f26eea0d811d14b1bd58e6,true
0x1ccd777fbd0c30178324b76942c674ad32bff7d68fc86ff47ec9a928bf95c719,false
0x6e515702ce61b33a8c5385ef7b66001ab0e790319e62fb983ab090284b1e081c,false
0x3bc8156002b3d37b7b2af20cb69b894dc24767b5b942d086e0046ae9f7891fa0,false
0x4d3c35d8bbd020ab7abd6efa6ea2fd438d032c18db7ccb6bc4bf70baf3d2eb91,true
0x2edfa5bb08cfb0e359db7ffc2f946cffefa3f6008da0f22efe14bc8d4cdf7038,true
0xe154f8afb864fe83add734610398c2db5ad1e4227735caf292971951f7f62f57,false
0xcb903b9cdbe755db6b77a9e581a8a98f37818814224f3e6084922521a45a7a86,true
0xf2bca3f6cb3fc4ec1e8c6b25a2590b2ff90144cdb69976635cfe60ef6becfabd,true
0xe87e663d9a4668ead97cbed52722cc2e8981e3a6d226d8037afa332ba8efc51f,true
0x0f2d0fab9a04a222316fbeedd0b4cc9bff1d1e05ce06ffa79a3ce6f8dd918171,false
0x7af0d097adbc7dfd35afaecbe68945742e89b1aa66356a4cfeac4029448f70c4,false
0xd15ec940795f73e063a1ef42a3b7197c814c9cc41aac411ae1047ae1dc60655b,false
0x568783109a3e06b512e008e7425632f60474feaebd175b61457cbb8aa593d70d,true
0xf281e93351cfd070a3f0a0a33f5c90a939fefd16de5108318ebe912838a1c386,false
0x3600c2db37934d8b17cb24aada62ba6d6bf0df7c239956f10fea1ae3d6b742cc,false
0xa8339a54f1aeccc59db90dbdc6950e9a01bcd13aae57d1d95851702c58b0dcc5,false
0xbea686c0af349fd0877f4f6a9755352b8d355d79527f5d42bf618838f7b82652,true
0xea6df77450603e385cd8cfa294c2aa933cee2bb0223187b33371a58215b5ccc1,true
0x9e5bf96169aa4f66120dfffcf0d7b85175486010cb65230ce2d3f14865245cbe,true
0xfc6b0926b12d3b64f5697381daa1cb4e7d029da47e6a0e521f0e0e5727e2252c,false
0xc2cd3cdd38e76bde66e436627a95283196586f5fc37cb498d1c9dd58523cea51,false
0xcbd171277fb80badb839f8b19b2c836f9cde1326a76cd26b7f25deb6caf7a2ea,false
0xfb3f08758a86173e20691570d480664258877f5d4e81dd77fb0c23e44858eca0,false
0xb2b00ef0a93fb526d15f2815b44a670cf0e49c6adae5c94020e8a0b20c4181f1,false
0x3fd82121a0796cca2acfc4a2d04708ae707a32e8796107cbc537f0dea0d544da,true
0x654003a0fd81b09843646228c3862874f21ccb6728718703ed0cd2833cfc6b43,true
0xed72b3824c789759cbf936b87e9136c5284470e77b09c9a344e8d16f6cfbe5fa,false
0xc77bf48ee196c7e7ed0f3d94b543a09667c28a8a8f6845aaef0c87e2e006c19a,true
0x2a0e8cb3122887a8a941fe4a262f9ecefeb5dd8169e3e4e0508a6eb0c9c01ea0,false
0x3c7cacdf7f3d48404362b9fe448557b226738c2b7a8277065a6e940f29dfcb54,false
0xb5002e6257b8976633323764c22c39753e39ecd18369ac35b34a30fefd75caa0,false
0x5f2c056c52d66aba999254397ebb842a163a9b118edb78e8ece47e1bff9ddbc1,true
0x1f11ae382ba511bcee10b5bce7493bba65a90965a6030c4d6c620af274fac9b5,true
0x5a09a0e7fefd39d05d190ce0a959dcd6754189836b4a9d2b7c4c2cbb05dfa372,true
0x036e4aee38f41efeaff6bb5154f309bc0c573ac15c0b9c8ef7ac79aab6308b82,true
0xc2c982ebc18e8e4428bace044e51141d90bd1ed0d0efcdf12052c5bbfb5c42b1,true
0x338f652fd13dcb7665c37435518188bfc362a31fe73a4060b5f831568f876bd6,true
0xccd72cb9b6a7c62ed30f88100eda987f6b37d1e52dc18bd8bb9052d951573603,false
0xd51963cddaf798d8d36a0277cec4acea3e42ebb48eac233dd1f166360746ca1a,false
0x05cff53a7e5ed8c30099af0756ef5b8ded07bf89714c3594ff1e6e0cb83a7c0b,true
0xcdf06933cad7d1760d21596c9ea82e0f0aeecf979d95b0cd57fe9ab3bdcec20a,false
0x0f12f649bb8fe295e796658325ec71c1c18c717b893b6d1d851e21c988d6f0b9,false
0x6d5b80a3b3f63d05926d0f1811ca5a15af375764aeb3b0edb92b6fdf362e4b6e,true
0x4bfc32187fe8b89ecb165d8be68452c068355df8f0465d18b990fbd65ed4d58c,true
0x4b461d29e8bf47b75304300eaaca060ecb5b492506d763b089ebfae4d8344d57,false
0x62a226075f4f78c9e9d6e928802180d67eb30cc34424e2366f6697775ffc8bce,true
0xa09749d9a681834506c78ef2777ab9fc79d6ad3a678347f132ea617d5166948d,true
0x004ab4e2746d00b1b41cdfe5aa0906fbd6c9cc5fd1017783aef4fad4786317fa,true
0x668cb4cfc4057e302cdf7101e3be39d52a028b69a2a03f0abaa69a409a2c053c,true
0x913b867599b592e1e6e138d7ad93336ce506082e91f26f2ec6757bf2e85e6548,false
0x4445ea0b430f6b125fddd0fb005c2c964c22958f98cb6424df1dbf2d80138303,true
0xc26ad72deab5ded65ec1d4c224b50118c8832e58cdfe1b6cf65e0b27dcec4aa9,true
0xa3188aa0f8c1f688488d1d4d60b2dcf66dbb06feb97617ef87aacecc9c165d4d,false
0x4dcb26b9ef255f55fac9fbe9fbcf8324c4a3fd38cc0ee5b027a1f01aa7e3298e,true
0xa69ae2cfefa6d44fbbea2e6febf1e1c5a3589ddf6406e9d72ef77d3703ff528c,false
0x8ef4269c4a016255976a0772cef7e388c1f961fdd4bbc0f266c59df1e83dd6e8,false
0xfc98dbf2c13bb6a46f6080d1a245a7876e0668a18dc53904d4b6b20b0636e2cf,false
0x51ec4809094ef288f0fdffeee29fab1a1fbdef22e51ca0163741d34a5a340f9c,false
0xfa9b13150e0d83a15bbf56aeea9cc5248a27372bf76c0bcd5af2bb7b14a6f2be,true
0xb50d28e06dafdbb96da7e968d35ac87877baadf6d54ecb81d66a50b05a67366e,true
0xa1b5956a43af294585d2905014a7c3c74504668ab5dba43fed2be7eb876f7dae,false
0xdb130d266f4b3cd913b9e3e21b12409687115986e045d616740af9b5e36e1dcc,false
0x39b79eb8e0114ac869d7458901695c823347f6e6c7869d72e61778f35f2e287b,false
0x60e35e9d1b034a19072f84af842fcc9415cf64b0f2e8864e4a47da2bf44f0dce,false
0x28aceb0fc4a32e36c67d7548fb31d51a6fa0abff6fe3bf9fd8609986ff0f8dc8,true
0x8dee869f7d3dbe61a2f694d0d5582fcc73356ca6fa589f5e966345886448d48f,true
0xa3d08db40f15de589c652190d9b6606e7dd1a806cd1c44dff1f88453185f58b8,false
0xa4dad792d05ea4349cd137d85462bd007e7e0ea2d65fc87315f7a75cfd63c3d3,true
0x956ef7c0e8dc4b4d44ca7a3ccbd1e279e1003fefb003f5f5a20ce0dfc525ca65,false
0x9f5c04064c7bf835228827cb9dbdd43ba100b984729c02258458a491833a27cb,true
0x06e8f1575e6118ffe848d425f4aca0394285c1d96f393be51d42cdf432bcb770,false
0x64d21a2f15980ed805d812d2fcc8fa0bde903a13992643afa141efb3c1180723,true
0x29a5e9ed5f55d81323bbd09656d3d720344234a0461889deaf9f601a435eab64,false
0x310dbd76f4422292d832195a47af17a7c2c7fe16150e8642e93edf2542eb5e66,true
0xc71c61a7e8f2eec17dcb039fa6de3b8521e7da32a17f8f74a515f21ca6eb359b,false
0x980afea52d20c456904ee9c9f93e03d5e5b8e1e6d16f8d8b26e97b9a4a454997,false
0x814e0656e1eba0ec556d1842e44e7d645c075ec339df8092bea09a45472b520e,true
0x9931ed304a1dcd572c6602f542982ee58a8010d0d52de3579774e5eb09ebdabb,false
0x8012ef54b952b3f668c3aa3af4b7e1e603a6da5b62a6333cebd936ebb835b684,false
0x143f1ba06b559f5dc1101cf0266ae46f6602318097ad0b849c65ef2b72a5770b,false
0x44edecbc78d0b7789823338746b04b514524b89ed017c49f4bca07c51e712d09,false
0x5344edd6b3f821019e5103e46b8c58dd9643551d52713268bc81af47a38778ad,false
0xb0bd8faff92f109fae74f2adf204c6310b1bc64e8c7b4959215922dd0e67437f,true
0x020f32ad00ea5c0c150015fbd2aaa1e4af1c0a32a216f8185dfebeddf36a0d5a,false
0x93a2148c7cf692e8d00a2da9e96f4080f093dbef861e178ac600988f86f4f849,false
0xe80babc93ac0e0e491981d4ada83beadb1099f7f90cdd38ef3ebb36c2ca1cdea,false
0x99fef51fbb703a348e0a8f594ae600d942807b15a23cbb930224c8a8f98f7de4,true
0x54a1a3afe3e4a7435557ff0c1c20f95bd1f3bcfff77db9ccc5b4454a5d8bf871,false
0x6699728a8ca2cd7db6f24b3758c274603b5f4eb71d1e5de64831b27c144eeda6,false
0x53a28dfe26d580afcb155e67812d98e7bce779378f373fa1cbf3e0c5f1f824d6,true
0x79f0427242cc720851408d3bee702d9f5cb55996658a7b3e09de6c84e52f9635,true
0x6536fad8bfe39b69bd3f0e4883a5f43c36fba3f55476883d9e6273ad1acda4bc,false
0x07c80f595ae60b766b42d6dc22a3ed565ca41809cddf198da09b816fe963c16a,true
0x3e8c1522d80b35652d8f456c4bf716995be5629d944c9a9c4710754c81b7d235,true
0x2cb384bb0f4c549db85a79faf642cfcc1c4690b4b0a53363e9f5dbf4811c9c0c,true
0x90b614035ec51dd3f1970c5229d82094be24dd582f14c70e34c38fb0eb409eff,true
0x3fdaf63a17e27dbe2228765998854eda0c4a25dee753b0e5db096aa3b5a0db8a,false
0x16d440fd073d79ca79a34c388928d4f14fd051be48ad83a5c943a10c7be3e06e,true
0x4fc7913c0494a491beaaca8ee25ccb185002cf5c9e02c44d7df63a75cd337989,false
0x58d7bb4c0b2e0a903eee19d0b79299f26574b427b92cb8b88ad4bd8468ecfedb,false
0x8ce013fc1afd311f56379c0c3ca5c1224f6addd27a2671379836fbbfa65a3ef9,false
0xc8cf76cba679f94d46291d03de44c0f37fc1dbf9de1ed65c59ee7edcf2a9154a,false
0xb9f64732523b897f7a913ff4bf96b737cad7865b144199a014b37c70fe57120c,false
0x8eeadbabc98383f812b9a9af25ef15ee0070468d663d074cd6d3ee30b90f5d06,true
0x83dfaec74929fa7b0857cbdffa70c4f5546079936338f93fd1f6c81a9e8017e9,true
0xc2cacdf0e5c2235c0dbc87b8c22fdbe42eb8e444ea25f65948e98fd6c9dd9ae4,false
0xf8f304f14cfc9dbc3387fed228a4ea9f207cb307cf695dadcae007441edb07b3,true
0x21bc2bfc9bea0503e1ff7ba805aedf5852371dc25ed6ff16a4ed6560fae736be,false
0x1f00e20cc27b88b7fd508851faace2531591075d2b2290ebe81e5a5f5ab26d71,false
0xbd28caf08714936e8244191395231f913089d2aaef5aade46ba0ea334b772899,true
0x11aa83a81ae27ee6ab6f345aade97e2c5c2146d74339cb066fcde1d6da00ef31,false
0xb220a4179ecd5ce00fe99e3b7bac40026479819816ed06f7414ad73232262961,true
0xbc142dd0f940530cb58226e626ce281ff1ca3d9a5d73c194c7537ecccc7f1d5d,true
0xa84793690e163fe5aa70f650c7e4b48b3ea615b0f2d5cd20fc2d99406d2eebe8,true
0xc600753d9e502e83a1a6aa997ca648437a8fa0bff96617d70c5d3be2d5237535,false
0x30e6d1ffd977240f59f25ba51534a4251d1f97783fa42f5b0befb6377477f644,false
0xe5899bdbf9edcae60a735401cccb72d570881254e7b31819e3aa03bad7b4ed8e,true
0xa0448c0b68ce52cc3482ea20dcbc9292cf59065a3980e0947da2d28e8d41f956,false
0x5d778274ae18239144ffc8370f5ed381790f78c4812600f292c14ad865e1e1aa,true
0x110cb578d7918c429b1a6acb6620fac7d48836bed085b2140d0023f7572e1ba8,true
0x0ffee441b92fb48ab17676a66e090630d3270521fedb3dd05d4f7c3e135df868,true
0xe90266c70af78ae50e15af0b678c26116d6cca708b565ac6e74e8d4ad8b5fa45,true
0xe832651da4ce0897d2f8bf3b160b1062928605bc10d0f7127a69c31a1d8967e0,true
0x11ccfaff61a0f91d34b0a60ed5e30f45f7c67c0a8700b9e784ca656aef681269,false
0xdc876be089461546dfee55d092fc041a5f33af056b57aff9310cc34c1a05f59b,true
0xfb999a61e74df175aa8c344679b659faabb8b6a9d0f8b858231320f8bbd4586b,false
0x7eaa2b96353bd64cc30d69bf0d838280ec9eec8b70cb57b5b70a4e3f0b7bed62,false
0x1d4cc055433cf1a22a4456db32485a48faafdcafa3eb3aa7911a465f06a77fdb,false
0xf51d6999ec445cfda3c7ef84bd478c78b4718e75d442d33b70ef9f25decb322a,false
0x076e05a59d12a2a268b5a2e10a95074ff37312cf51751839fe4ae74e56206270,false
0xefe514bc5b04c1e57e9b3811736250361c70ecaf55e81c1108eb67a423590e41,true
0x537417d77edad8b095fec43b87512215a46e5700c0a9c624786c46dd01ab06e1,false
0xad29f0246183ab02f19a10ead9298098fd8a0d652301e877b49d6a495f2638ea,true
0x4d25af0a1e3fc8f3459f16180a7cd49a0afa3d0b42e49f334f30acb4a7f6661c,false
0x491ca8abcd7d04cc4f59b5944c3ee4245217acfa3a3f4df0a8c77d44d63aecd0,false
0x024ac0b69680d17fd1eed4e25bff47711c076d5fbc176c8c811a901bc69ec4b4,false
0x2f2fedf26a2e31bd5263a63110bdcdfccd2ec3bd654fa10c7d5c21d7567c455a,false
0xcca7c50282d16afb872ebbc5efe7bcb630a21c0e90083f8997676a4f02491c6d,true
0x749a7ab88775602df609ea963ee97457804099febc98189fa55c41d50624a731,true
0x1f7c80d2e429866f31473056907af3e0ebdf95e46431cd0278484d72f3376e99,true
0xed09bba3b2f78f3cb1f92f292e25425b700b150e54ac170cc6d350549483d3ae,true
0x7b7862ee145ffc819099d2b53b4fb4311d5f7688bc6bd28f1a1a7527945154e4,true
0x9400bad5e7647f60bb4b5cf51eba5d1829a4bf767e316d1eccbc2a1dea17308a,false
0xf67afcf27a673706e04d5cf9c657540cb5631ab14215f7d34696e2346d1f1eb5,true
0x96f7c36f3b5ace36bd619ace69c9714c64a9ab4886519ee72ca5552433451ecd,false
0xa8ed738f67fe3c1830cc7445f4f5d71074d6c5b71d342457284d9b8763a54ff9,true
0x2248fbdefb09b171a4bbf372c92a5bb5ead443f6d16bd990e67a89bf32510182,false
0x729358206b7089d0b483d954b5e0fb9d5d1b12a4a3d8801548be36da49542a5b,true
0xb930458e12c57f0a265610a2fd7cf30fd3c51dba0c14a3da136d8862241e4d28,false
0xda525704ede6ed71f3cb51c512e0900ed3ce7e195a15d9e76bbf978ce4307ef1,false
0x9cd73c03da68efa986d6692eca7c7e923245e6b077efc83ecc523ce5064e2e07,false
0x427279d805fb01f25a1c00a47e5fd6741a9fdcff8ea48a5a5f87ee1d0e77bb28,false
0xff2f6a01968767f5c9e0a60d81d038f8743e4edbbd32f3e64b722ea6b0451159,true
0x100ca4da952bd867f91932260eea6550839c71eb493ed71994a6c10d10b7263e,true
0x995916b4af13067ed7b2e43f7d3de0c37e7e1eb0ff692a1359ab9c921926a256,false
0x182e6840c884d920d2f6f8d0dfaf8e6735153c88c36c5d76d2cdec3f7f806abd,false
0xe84ed1d0c8a8922172ecf7cb2a4c0d6af6d3e4a3c3bb5baf20b79f4b2b725822,true
0xb620a16a72326b44bfb4db67b95fd831812acaba600d530af419aec6a441fbc9,false
0xe9ffbed17cdd7131f802e00ed912d43c098de28cb7a87fc526fd33105a4a6dde,false
0xeda670b6d2ecb9676735ed1523af6b766047d04a3674daf3385ea26dd136dbbc,false
0xec06a245e33499701a557884d68cf40c56d5f4a78710709c4d7893bfe0664edf,false
0x24860909d25d64e5eb2fffd6669b7b3f8105d6c4f7e47d3eff8562fd3d1cec6b,false
0x596cad99993b71b721be5e193d535aad63b51ba22f94b8f99d469f9a49791271,true
0x5d325cac73a8cb1f714119ba1a9390e9e47297f6f6c864a29d73da5aa9ad6aaa,true
0x871a062ba701a689b747e17ae8d60fa67e0709ef8f8f79c333cb3ff6874ceb74,true
0xddfdfaafe50f6328b3e2c2be87f8948d0d55e83c72bd8d8fd667f9d41e6e2111,true
0x9c6d807242399009b9252dc51bbc6d359ec8e7d7cf061b77aa8aaa1977afd949,true
0xff6f7c6812655d070393dfdf1b672cad2bf217fa4263f7e286fd14ea091484bb,true
0x8e681953777ba0df47c7a307c596a4b082e5fa952728883450eef7e9fa00a2ee,true
0xa34ee346f605d0441abb95d7484e36b4a1a83c8e4952e47a9ec9ce741823b308,false
0x250d28a3c268ab63628a2d3a66d311fea5d2db572a7ecd78bad9fe0776b5a291,false
0xf3f7b0bbca1bf416321150094ca8ab61ecf52b86a40a9609a064938452d926fa,true
0x853438c34605467e3e5d0a482e4ee53bf7a675a49b477f6a68e8ee0ea41d94cc,false
0x91e337820da15cdf3a1faf1fbce8b26db2b4f315382004d31b1e88e5c7532dbb,false
0x55350f432d867449ebeb3bc021d4d27fb2214d088b9c336a3f9054bc731f8fcd,true
0xc1d5e01ef29529721625a44c612323133ff7a4c28ae358ff6d9bf4557bea59c6,false
0x91c8d2c5dd7d39de7288d2adb3b15bb66249834f3251f950a1dd578c78dba61f,false
0x8bcde4fdacde1ebbc24a51b1889cd84f9d05b5903cf31a05fc183433dbba6716,true
0x6a90870c291c1a9d579c05d7d12153799376bcfb98966eca3d688a58848b53a5,true
0x51b2a47b97e0e0fd84d478fb54372fa43cf6d8f1d3b04e64e3f3f13c3ce55187,false
0x349c1ae7590a20e55b4326339b4b73afd6f3a5bbe4c7653d911f5d835f3758eb,true
0x707bd4856cbf4955fc8639e7ad4201e81b20166d98a584bbd5e31426afcb0826,true
0x510092f56f2285d10fc2544b4e6a266110ee4530655a8ce356678f264da98945,false
0x68878cb406e85a4f98472dd6f4344463b16094c6087d0f88635b187477165487,false
0x6a0bf133f9e7082ba754b47379f42be489bb6a7e02506e3df2d392e1b225c01e,false
0xe6c512fff611be11cbf24de5eadc50d8ce7cbd2f76df6fc64b9f52f713bee0a3,true
0x8183a1795090619278c72e334161aba55b98a9e2961389449f7a2e375cbb1e19,false
0xa4366c5bc911dfffeb109e0170e9f60c536f0488ea191f6f0baec7b86d3cc123,false
0x781d93f78be23e51489dc9ef82b3a0843cbe1ff1ab564cfb318cea921206a07d,true
0x5550a4d9885910d7c715214a651e379b38e0adfe7146b233627645300dba9e19,true
0x33b0d4b51ff973e0355915d1f2766af76ead37a21d3e3d7d586d966cc5eeb663,true
0x0b1ef4d4e510594e99e066d99c4eb2327f085cb14a403aca6235213e3f014fee,true
0x91e32f7b4574da0b288a63c8504d8dcdac01be67f3c05bcdd450860acaefc3ce,false
0xba7fe9e1bb68c22108f4a6473260760683721aadf5a900d933afff7129335848,false
0xf129a58d680c000dbe13af7d80d7171a255d2d4cea380ba6e49e2fc0fa3ef7de,false
0x0b742b8d458dea24674d5d52e74b732c67a0529fddae629ac7751614edfaaadf,false
0xde25d757929a2bac0d83a5aa3861525ac5ba79c08d3641579094868366667054,true
0x55bc81d949f6bfd8c216a59dfafb84427367291e09c9bac882e684fcbbd04393,false
0xf4425311f6778a6cb4a1b946a9f426174eb198c261c455ec83eff9266e3d94c8,true
0xfd1cba80b308f94b395f8b87ba6022458c971a9c208cf6a5c6f31b05532af3b3,false
0x56587133c23b678a4c83045e3b087a3de782527925f2fd545d0784b471a35e49,true
0xbc7988a8d0490d38e7c072375e7f28c77f8238dc9895999abaaa3c1a650b637f,true
0x5583709df57723c9feda8d2b061aa1dc2c2abcb28413388daf5be19fbdffaed5,true
0x3d6b500b277ef93b67745904f84e2558d518117fccf6d751febe144650a7d4c3,true
0xac29321f4d49ee6ec4c081be97eb489f82cd0d06d55f7964333d91f73672c8b3,false
0xcc76f98ec53abb2457f56f440629d3bc1f25282ceeda073d9457325ec0d5f0f4,false
0x0d3157d9ddbffba056d5ba10ffb74e932ba426c4ee2ca55f8d22ccf9bc5a8f25,true
0xc87b2f3ccefb450fb6f5353b871ed66b1fff54491e00cb311f7d5e1f12dcdd58,false
0x7d89dd81d9295477e5f3da110c075de0ba83dad8e4bff69b162cc570779c42b8,false
0xd965cac41f59719943458dc89e263203677d0267a4d9eb01edd224a6462bf9aa,true
0x85cdf7e22745900300bc95d9205a3646a4844f6abb89e4bd4615156a743eba6d,false
0xe28d6a986d41440aec23d54fd12036613e8dfbd5c995fa438cc7a073614f4319,false
0xb041fa11398e7c4a75a21ceaf69111fadb0426fb63828b38958aa084ab3dd359,false
0x3081708c99c5df8fa41a5e923e6923b2597ceacc7d3b4d8f43edbc3fed92a4db,true
0xcf3c9764981be543a8f88a68c85df30f61c5ef4c5885711c4d95ccea5c75205b,false
0x2883f6896337b5f97f89de0d398bc263e647b66b22dd5bbf427aca62e87ee5cd,false
0x53a44f3d294397bdf12ea3d056d097a9728961cae384d99a9abfdfce3d9c8fbc,false
0xe894febdfd43da1b908014ba10bb3138569dde328a3e720e2efed2f6b72d8c80,false
0x7453ef1f24ab2e8d93889edaa2741794c745af376c8a4b57b3a9d776e83305e8,false
0xa00b99520d3c0aaed1185685a7b42161e6dbb5910d32a77f06ca39d0ea27c71b,false
0xae4ccfd0982ae950da6cc53da1be6f3fe90ec9fb786ee840f744a342a4543669,true
0x2ae9f8cfd0e2384a7cd01f389158b111e5486cde73659ae418d6c7de35217997,false
0xd5a2ef2ed8a38df044c8aa8b906294b961196124099d806a95ec28bb00704ed1,true
0x17514cd896d834e7b0250e9f160047d29a0e51025902f2bdf9b9dbb76db7204d,false
0x584cf0829937b93a17fa1ddb41f29544e8f094273441758b25ae63d0be0bf39c,true
0xd2526c3a4d7fab605525b99fdf1034fe15507fedd9a08a0063f4b226781c3b02,false
0x5fe74f46a1deec7a59b64e5ad489d120e67649b1514e72f5e428010d377cc024,false
0x3ea135b6f566cfd2d0d8a0cd3ddda0df5f507ed1da1baba6962d671f1ae54969,false
0xed0a5efd11ec5aa9e2007d601b0c1b661323a1e10f41b79b48f811f536371ebe,false
0x1179014a90f8117621d1cd0a94f858e5fe029d83e45334bf1ba8de215fe50f84,false
0xab03644b9e518d5c39aefaa7dcc2e2c7e6f7910b9da21c61a98d4639c94dccee,true
0x51d52d5a36c3f7a2ee6431d0bb001ce86227aeaa1856bfe17aa7a3ec3f7e6695,true
0xd66dbf6f0134401cd1b4441b25ad693732be90c38b782207447731b688ee5920,false
0x198afce186072774dc259586fe63e57f5ea1f91bcb0f1a91af28bed7cfb09210,true
0x8c30780e9129f5a1cd44309114235abff2b308be72c3bfc98897e92447310b6d,true
0x9fee39f4a9dba7c408cdf02da6cd6c13c2fd04f745c3b79fb340ee3e63537e0c,true
0x6838d4e408811ee208d127825565b062c677f355e04e0a941d2f8cf93c17efe7,true
0xd8c25e9099481a7b6294276e2b5b7fc18b6aa055721202539246b8989ccc7ddc,false
0x223511248d10a4dc8dead52bd89e3351157b56ad4624ae0fb571aadf4310d150,false
0x448447cafbc4ed23e218a09b6321f1c6a8c9c9421ec473aab8aa39ad7d2870f0,false
0x2e7ce62412673ff3c9d1eccf877fcbcf221e2db024bfea56ed1c38f0c68bb2ea,true
0x9f603dcd2886707c7b10ebc33cf2b72f2c43d51816aabd316c0216a607d757b1,true
0xebefb5636eeb6f4cc4c5afdba3d5548e32331ab9cab000c75597e26e14b07a46,false
0x361dd91533ee8ba855ac5978246f57e866cd9bd86fb2abc2942528b9869ecdcc,true
0xc456e3c465ccf1348608c99006108bb8ce43190df9338f7af68a78a52f852f67,false
0x4bdab5a3202c5aeb8999ac566cdf76ef8c9a97060422b39b1e9764f81a19387e,false
0x48c9f16700419740e99d4307336931cc50b174e5aaba838e2d428d7096438501,false
0x8423a786e8359c663692f1eec33f870af78400bd10ce55b415c77f9069b9ab2b,false
0x31a4ff325b3cbc25f143e7623bb0203b8493bc5687d3d1abe455beccffe75a96,false
0xf68c35bacfd37383115f56c1293d7d123aeed33455c677e0aeb9c08acc1948d3,true
0xddf89d2863d4420e1d2782dfbb3de295aa01150da5c202a5fbb26c9d7b5081e2,false
0x74dc4c0423421c528bd79b6b9c9944a6bda06c467413ac8335cbc0cde11f2a7c,true
0x06d2c3547dbf592e92369c4d23e8626057c1899e3cd91698e111c9e4f4d8b8e6,false
0xd09bfe155904d05c792ec8c30570ac53a6a574872f094cdc34384bc75eb835ae,true
0xad5d40d5ca367d6fc065cc8d6960df634d388a5595dadef3efc295c08665ff4d,true
0xed2229b09e3d20b385d762e9052002308b6bf83993b1e1bd18aac62442eb028a,true
0x7206a46a33cf650103bceccaac616bc31b836ca647656b4b369026a7bf77a3db,false
0x14f2c42246791bf3ee66b3e75f91d33f418b4296f26966c59f67ce922be7581e,true
0xd92b0d50e5ba1f536c893e1ce3596f8bce4bc6728bf9e95916bc5df433187c34,false
0xf82b03d9ea893cce8656a853dd43e3db9ae64661d135e836bb1525851b89b7c8,true
0x7060650398f1197572aa44afc80cff2cd08aae167f9e201ad9bec2185300ce72,true
0x25e620183aa4775262898428448191e31352489df76da65c55132bc0bfeab498,true
0x5d1c084b3debdb723bd25367ee31497da693ed7a0ad13347d84a6e02fe2f4dca,false
0xb9759a596203158a996f191be9889f5ee6c8eb4493de733e19875481f8d13c04,true
0xf8b0aa43773b58a37d95e79ef1d445fb62ff9e9d059ac4209cbc6a1910659eee,true
0x6f3dbc973803c3b31eb7d5e1eb39b1c0de19d1c68ceaeafa8640ffeb76e57ac1,true
0x9ab972e326fcc1e1a1793b7f54e7b7a5787695ad1ac9bd2b321b2671eb6ede1e,false
0x9e75f7ff7419f8ad8476d7f2b62a93073e6dfa74c0e4d90fb61429973f6da025,true
0x10b04111505c22747b91154e16d3c2611ba981fad1869f024a10eece33fcf4a5,true
0xb9d89545df61873bda7c0d4e8af3c0e42a1000bcd5f7e35885215e1e93136bb8,true
0x78abad166fd5abffe6a74c881028e30df125d808260a360891547cfa550c0f77,true
0x983cffea486c1f014564ed9ee8bdc265a0a279f239c68867a2b3d68aac3c1dd7,true
0xcafca68f7dfa6b80632ed935c7b3b2a7e33d7efa610d4e823e5e69c9420cd6e4,true
0x72ffe539e7ceae54c7dae4326f0fb0ebc1a4b392160796adf52c47ffca52f5eb,false
0xb635cb40bede7102731a1ac9c2491d4def8f0eac14f403c2c069c429ffac3248,true
0xe818eba2ba3a629392cbe8c11e5f09c499e68c03e0a594be532ab140ae8d24df,true
0xef34256199547dc4f1fad381d80cd57f38acf41f01eaa01e9ecba21d92924591,true
0xe66f2c1d4c9a3022256be67f0270565c1c20605cdfdc502cbc24645a62e6826a,true
0xb12b9510181fded62a3772029a310436d8234b91b780a40c7c83f0f6230349f4,false
0x0964ad64d2bab5f78b224e21e569ced5ead7fbe0001c89a8ec179f5e47aa762d,false
0xbd841bbfd28f971e0e1d6278570a42b8ec568062b2dc7332274f32bc3ebf8006,true
0xdca48b5b21bf467f73376ed03933c75d6609db28dcabc9f8618024551e33a32d,false
0xc101f0875c487b8883553f409efb7677bb1563b63626a3220adaa8a7477510fe,true
0xb803fb58d22471c2afc3159ad751455a0e965fa878d72d1d63fa152d77377509,true
0x6ec956b1fe4511eac0eb258ee98dc6f3e11a8baaed7318ab7a6df2fcf437cf5f,false
0x71a3a3e630d54e6079d906fea8108aeeb309500121f9d4de96f3afff7308e329,true
0x6cf537600e5ddcc60d1e8a7a657509dc54cd06426970df8e0414720340dd97f3,true
0xd3c59370db5b873725ec9673bde9181e9f16674e593a754951b8abee736776cb,true
0xabc4324af070b22ea9564dc819aa2c524c2332fd50706371da32dc652c0a6ec6,false
0x647240916100b590d8bbf18975d75203ac6d6ec8d000e4435770d18105c1fb18,false
0x11e62d0e35133b13bf0440dd137ec191f5e709bba62c5c36cab32e8fef8689e1,true
0x60836c3ddf67803c53a384808a31221842c028f607a4c27295457b1f548e9a3c,false
0xc9f6e60ff773d576da8566d40063bb2d81dbfa0db73d010d5e72e84ac7a184a4,false
0xdf32495b2b2ad0644b450fde0e27b1e953014219f34c9521448d221095261beb,false
0x203a9b5c6831eb1ccec224fa9ab11084cee89ff6c9dfe461fcaffd2d5fec8e63,false
0xb44d306472da74a59c72dc9d3e14cf3b34431248f464b072f41c17c57c504e22,true
0x68c32d00fbe757c8216959c1d9e90915a6ac5b3a3c0bd0cdf9cb0d80cd158ee5,false
0xcf0e6a314f541ced4d61d840b884cd0e3698949b342139a9883fe76a6ae35aec,true
0x5d30cf79aca07d96b2ca26afac3a8efdd8dd74dc6cb34d526812e924a99fa3b4,true
0x9627f4d890576aad749d77b74091378b62322aba7640a340c9c5a3bcf60a012b,true
0xc519b811efb3889538f57eff550df7d6a5949b1562f26612c1ebcd0e927986d3,false
0x34f6df5ca7995c160659f98223be410c3532afae74029c42fc6b204f0140cdaa,true
0x57533a1e401e8ec4c65c39a744d1881cb21bf7960cd3ee924add85eab2d22f0b,false
0xa416ef31d813657b878b7662f65708f04fffd659fc2e1bac962f72c6ce2cf3d7,true
0xe9d7a4a72f64bbd13df817e18ec2e6cdad711ad85189775a5f48ba38fc766542,true
0x1235234583574cb1870f02da0b1ffcab970bb534a2e6e1d18139aada47c0269d,false
0x525d8b1fe5220efe5e2679f924ae1f7216d8634e8c94af2f2b4100f92e906c17,true
0x0e76559a4c8cd84db1ddb156d16d0c4ec42c1e4da17964aaa908857b12781f82,true
0xab246b3d0b5ce9994acc3ced925166705246a2a8ab7b73aaa057fd87eef23569,false
0xc4ac110435029bb5f536914c0d8aa03f11ed7a06c415f2658a869f4b5153011a,false
0x1aaf9022c681cb9041ac1ea347641d93ae55e2084673d420fee32803c7b1ba18,false
0x6c0b9f0635858cae3bb1082b95fd5a53dc4b7916cf93a499165328b34eaf5e25,true
0x436e8eeaf0d96edc320affe17d1b1ff21f2425d4eae8c788a81d7e51a1d5f09d,true
0x9a61b1ad289fe293e526dcd25ef0f5f4d4510e46567dfd999978456deefb0407,false
0xba6f46571fbdb6505ddd82bce366f6cc20b04e9d913ad3eaa5d358d01b603b1b,true
0x3f8b2da77f0c8a1da71cfb68d65e325cab64b3a1906679300522bd5eb45acf69,false
0xa83c85e84bf9265b0a442f836905a77e36181b286ff1f3595191dae2b2801787,false
0xaeb0c127d54b25e16fed0bb82bb3f4ad4958bdf97efe72a7808e503f269d46c1,true
0xc14e1ee843e62c409230767d07619e06480b0302d11dff3aceeb3376ec767185,false
0x1554e36f1efeee9f274d1f52fca0df834d29b38c2210ab405063839f92afa3a5,true
0x26aa25b7f78ed261a452663e7e566229bae7cc2c40ac766bb29fdade6c086fd0,true
0x04a5bf97addbbc69c72ba1659472bfff58c3a3c1520e6ff4bc5ffece8151d90f,false
0xdc0275d6e1f232fbf278369c836ad6987552b4d118fc74d6831dbd77df050a1f,true
0xb144a4676e13ed8b11da84b7eff390f60cdd9faa84d46629a53a8052be21c8c2,false
0xd5afdd51f4a618fbdeb4fd44f8f64432c2b1cb51f94f550a5eab4951fb7381cf,true
0xeae2b692e65901848337126631c15be666cf49323588209e7a55bb714895853a,true
0x07221f0928d3b97b9361ea4e15a825dc8b287c87f8a7bd9473146d06636f409d,true
0x865347d05adb759cef9d3468acea7312a070bcc1f4dd0ff3d16a54bb320b9ed9,true
0x1966ed150fa317d0541af8fb706fde95bb5d99551084337a9181f7d9837dc0c6,false
0x1d3867c07479e4e017490ae07c5a1c96133771b443cff0bb6540749427a8a2b0,true
0xe68a8f10ed569cf7ad2e3f153f597cd4e3f9d07c09e2795a28aa81372332f78c,true
0x2dcfdfbef7aa59474520696a0fb0814acc68bd73973add74d92e6827f27fc246,true
0x0ff3e23265cce9a2aa24caddbf52f1a741d33d8f9853ae989e59684a4b54ddac,false
0x6a15572a000bd605425adcb3fe03e73b8680bbe5747aef1c5d4ea67075e9b40e,false
0xbd3dd22d5969badbb1a04bd7864f8d82fd6fc14d3af2ce7faa36e1454f213387,true
0x83a60ef298625863f494e89260275c01e2bbb941882c4aeb7c3442ae10fdf185,true
0x6d26d3be4f8b9120c0423fc6e2361a45fee8f2c5410562a9366c3b41e8400428,false
0x4f20f1ef7fc7d548c669e3a03cbe0d7d4c1156dcc0687eda2a9f1c8512a3e025,true
0xb691d43d8d7b34e64beec74924ca11553d298cdf4457606f1668ddd8530cbc6f,false
0x472e9fd83936bf80783fafc400d4ff91b658eeae1359d9423089e4336421f640,false
0x1ff584eb83b8b96310d92379e5a956e0be9223d963a19652daeede2dd6dac1d1,true
0x5355c316951478544ac706af2d0599d2c9c7fe6e8d539f2e62962764fdda1c04,true
0xbb87b880173c344e99bed6285d37d26d30de98f28615b252f2c43531fa8a96af,true
0x657a47bf9e054b29760deed2fd61f8fc3d6fe8045c76e55eae301aef280cc3a0,true
0x83e5f1bd301f59c830c85a7d92ea410c66b980d4960db11f6b5fc54075d304e5,false
0xe8e094986625dc747ce6e6df3e1c1f42a3228f4868eee86fd04f97138fb13ac7,true
0x7f8b4762d4ef7a8d3a6e20a4c65f4a47e1a0655d8a1d132ad27f317c1f968da3,true
0xbe60e6753a9f47fafeb2af9a1a3f4dd9b7058547c758cae53b59eb8c898073cc,false
0x8bd74305d79e6248183487ef117bf5367857ed94b31fff7bc189b529abcd4dcf,false
0xbf44881541344d21628fdd62c7b2de7ca6a728021b6acead511f927cc5876318,false
0x3131c7b56c6a248f48a6ee82d19c4822ebbdc422147aa20f52761b1292673860,false
0x8a782bc1ff9a5f5001eed8780a70d1acd30765a75c4d0f300087c24b7c7f8921,true
0x737d38cf28543400db2f28909734707b810788d65e9c64f588a182359037ab9b,true
0x937097cfc1fbefb8abda5bb0c69f1438b6e5814ab3da905de71fcdd8feb8a8fb,false
0x6380c1f225677aac30d8777bd7adb505ebd1cac7a2189220b8f385fab1740d36,false
0xb12022bb76cc76d077b0778a25ed6440d87fd74a08e60a53112f4fbb77da08cc,true
0x0880ee87a3926887819bb63da117770f90fa497ed65886586c51078bcf26d944,false
0xb4bc687b3de8d5a1104bc7c12a79436104df566f263e88e9f5fcc6b41ca1d4b6,true
0x337b5c07cd97ee4bcd0122ac5d7c7205f1b1db591254ebb33803f00a868e55fe,false
0xf6b7f4baf4f9eb11f47f927e9efbb2cc46e3a99b91a32981a2519328f7273e73,true
0x0311969c5ccbf7db49d64b7da2213d7fc7993a754cfb5a5d3bdaaaff7df5b4bf,true
0xb189fafa827c760303c7ab9acfcf6bb692035f2ca47c8a6762c4c6dab3d69975,true
0xa27739b6971968e06483f57e8296bba6f18e22015c71a6eef1a1c31ccf70b017,false
0x2610045e93d4b04d4112e00b04d108ae00759ac636851899d737a4b50b486603,true
0x7ac417dd279d8a50a3beaa26ec19fc366f88a35111d251cde2811af95b00d4e4,true
0xbd13a1ef6d0c8e9e546392a70c8bbfbf5bdef9ece5204d60d7ec57062b4084d1,true
0xd7cca9f32a9f41a6b404d87fc75dceb674abda110715467a26b6fa5e742c6547,true
0x08c165934338329c8aac2985b8e4d765fd062090b49440e653b39fb6a3e93098,false
0x67e39c4d2d5c3ca82f2a7375ef3dd1b377cd1e141d006eab37bc6983debd329e,true
0x92390af162c148f35503ca494924a43a7aade84f823c8e0e6887175ace7fd9f8,false
0xdbb189fedcc9bfdc10728698e63282d16ec26c7bdcf8d2f072a04f25991354fe,false
0xca45002c9a6334658a9c9ba7d2a1695c0d2edcb9689aa396451814f59eef7d57,false
0xa8a2206223f0541075199379072f61f73511ce3beaa034bb871825038623df88,false
0xa603fecd903650020e02d9763b588de351b8f12baa069dedff0885e305b68cc4,false
0x63d84c2dba2311e8936e0262f5c3077b2cb0164577b3f45c907f64aad827bc51,false
0x7ac57797a8e37030b90a09b7d35c5a2420525c94292c9d2c3e4ec8e9780f0427,false
0xfeb663f2f3c4ee7086d7f13f2e04440a3905db65ca09c44cd0626b24f276daf4,true
0xba0d2ef589fd5c236c0ac4a0e169715a06a89643f7a11a4bf1ddba8bdb56f199,true
0x81b8bfeba9d029221d0e940fcc5eb369b8c0e7de11d035e4c38c003bafd434bf,false
0x55f642eda7ea1ff54547dcd4bae355324b9268f267aaad59923158ae3ff84f20,false
0xfabb67c3df8a50c255964fde3c3e000518775ce3f43683be7cfc2c381d62e94e,false
0x19ad8a9544abba9dbfaadfaa1c85ce29c74f2021d5d31ac9c3d250897b4a0ee9,true
0x2161c3ae2c4d77abe760454dbae77fff41b58111263c7583a6178df0c7ca4a88,true
0x7356c16013c590d66942fd18be4c42da2b6638bb11126d063d4212f491c68711,false
0xb4f90388e2c6a10449f46a445bef9690c731dde5331afe512c58a529b9bca226,false
0x87705eac33c9ba51c669f4078ada64e9815abf6eaf58bc575c7386ce3256f9bb,false
0x15adfa256abe26868471767879c65c6b89b7e486092ec680a2978c8abea36d37,false
0x65af74b0f0d495bf6fa021a9d26344308fadcc0f47d3cf4846be7773d66b490f,true
0xea4cbea59e6e783973b2a3681979e766f3656283e2fb19520dc7b54ba8071089,false
0x71525d15d3b4dd38415cb39df60f561b0d3eed04f303df89aabd6b665e9397e9,true
0x4067d598f49786fadbc66802ddf2021eb368fdfc828af6aecaf6516dd5879c4e,true
0x22dc50aeaafaba1be83081898ed1b9b520b8b3fe6b0491eb76ee7194ae9b9b00,false
0x8172f7100046a817d239d21ba2600a10d93d6ae1ec02f1146192501442ebe2b6,true
0xd60e6d4544729ae1811839f28435f62b674962ce46f773684f0fae47fea54ea1,false
0xa40c7548d6c9ded49ed94bd89e3fa01336a624309610d456b4ea3513d4bd3d6e,false
0x223d1c8fb1c184dfc51ab21b82009353cb50424da0c503ded46a29e5cdeef752,false
0x63e3fa2fcd7ac0088e60d77c3ba403d757cee122f1605b9feac5cfd837bf0153,false
0x16bc1a3bc6b5ccbc199fa4752ad4aa11c2d1e50fc1d0f7197672865370f06773,true
0xe48815d46837d5586c4bf28031a8dfcb6e5708536a6b83ddeda5d71da82ac465,true
0x6da54dda0e0e4dcf8e6e277841ccf1b9196a9bcd47dbc7f3d4581ea0d7ed04a2,false
0x23bbae27f9a03f5aa97cb486b1b4ce738acdc2e741fbb1006185e5292b2b1f83,false
0xbbc6333a866e0f6b9edf11060aaed75e28cef3c2789adcb821494135b2155d7c,false
0x5560c8df240be33b7daacff04916f2753defa3e63019b983d070907f0ed8e06a,false
0xc5a623f1a6b95e7aeee6c9bb395ba78d3ad12d7efecd45e6add0fd78b26da245,true
0xe89416bd97a647db882f1cdfe7d5d91f786ed0001a38e896a512d60d123ab951,true
0xa75f201ef7339cbae0013b43f1005ad59bcdcb8c46a16a24a942f460204fdf5f,true
0x9c95ec7cec0c9b1bb245abf204843871b99f24beae9d3aca042b77c8a058b54e,false
0x877ee8a6cd57cba2d1a42ba429cd5d31826909f47a3e32e4766786a0899e82ce,true
0x1eed2a1795410059be26fc3980e1f94a69d2186e0015e87a3200365f5ecc704d,false
0x6820d26e2a190d80270ac514b0594614a1e004124fe51289af184f2e812a3eaf,false
0x1117ba26b347b7768154a32ec8807cf9266d025f5a354e24111866feeac80b3f,true
0xc5e209e960b23e50122424d5f6d9bc120f44496e86b19ad33562e221d79c044c,false
0x9ea98f90fa2b547b1bc3d662f8792904658e6e60983bdb76026ffd4c4aea700b,true
0x87a896f6cdec69e3a5e3e0852f7903b70564493f3f641297a2cb45215bdbca06,true
0x58569f665f88445aacd9b5c2930dbcc41f8693025432d206a2d4551ae676aca3,false
0x1af90145339d2ccca3b1238ab8fd276acf5d24090a5fce8ab4f78f201efbeafc,false
0x1e93061a8217cef75587ef73cff01b0cf0c79030bbcbe00fdc9bdcae60b1f3bb,true
0x091c23b323141ac50bb851bac7207c0e7bdf8e9a69679696ea6318e1281f7bf7,true
0x380c2dff6f763fbb2a8428a087cc21bd577107e498f3756ec0d86a4952b3aedb,false
0x240a663a8866c4523e566303706a4975ac450bfdb6f09faabad2258f248af79b,true
0xc5761548dac52364dd4a27dd1bb50118bc0796cb758fe3d9e164f3587959ea3b,false
0x4eb092d6f0e85e2b451d89b79f4334457b11a7a5cda233a0a640c99f1afe4bb8,true
0x2e6fcec24ed40916c464ce3ea18118bc03b3ae0c1f8d0cacfb501c355c64a181,true
0xe8a694146af9446f7f9e0b12104b0d5335a2b04bb0c43a754d32a3baa99cd6f6,true
0xb2b36054f553e02264a9deae93ae413b4e7a8f96f0b707dbcc6a05480dbf2239,false
0x9a3fcac985fcc123c94d6761d50174f41110dfeb079912bc1b134316474eea3a,false
0x071e301fc544c933e3f4990051190d69a2e3ac3350044c8a9c3c232133033240,true
0x521d1971c16f54b677c71af9bb5da0486166f3c39e97728eaff08203f8e5f666,false
0x1c7e38d14128c3f125963bab3997f7ed4f43b2d8c620544b0fd8742277c2ba33,false
0xf1133968b8bb24385f4389ab415ae2992769db3a8d689c72e4aa3677ebdc18c0,false
0xa5c71d657dc471ee8dcf6da9a827bb0596b9bd25a0e52424d314bdc1c08b524d,false
0xde8fdd405f878465db887ac9db887a6a901de84b33b1865ff2fb372be9ff39f3,true
0xf8ea09fc1ede85889b68823a8a03c309d5ca52f7312888ca1f60fab19b7f1280,false
0xa055acf24f978ef71385cecef648bef48b4279dbd2854ecd4308c1ba68578029,true
0x8d3280f2e944702c5480940dbba54cc0fd12d96974592249a3b465e3b0b3027e,false
0x4779d77343e40b93d2fa3a7f92726e5af3a39cc04c1e6fd3c53ae56ae228e0f1,true
0xcbb9123788d2b1d71706e562462387376444a8021a955e30d900c503709c290d,false
0x13482fa5c2f4511869900759664e567d6cd671bcca82e66113e56cd68c60cc46,false
0x48fd325257d0d0f7654f0b25a2754da52f005ab7af2abd2cccb25ae6092ab1ca,true
0xaba4410d914bb4a7500dede09a1270aa3a00a697b4cce249a64c5ef1082f3517,true
0x9b70dd52d5d3d77eaed0f54f2b3dbc0ebf6d5cabe9e3502f88c4bf32f603b6cf,false
0x1f31376015bfeabeea38546d65ccfd6c3e376a673df9b08530450e7711bfb0f9,false
0xde3889c03177f79aae6c39e493e72bae274383c5fb7222fa06a17465d4b020d5,true
0x2eda0bce65fbd7e0b4977a4d4ccbbf26139497bb601058cf8364926f4eacc968,false
0xfb482634287984b8b27ff6738ed7ff827abac19b4d8b7e23b702f5166185eb27,false
0xef5d14278875842eec4df3be3c8c91f85061dc0288974d37805e1ac3699d487b,false
0x09aa59b3bfd67e0f21650c1b572fa1838eac8ad605c29f881ae5977476da9dfa,false
0xbbe11421a8c26e20c574d473906c109583f637a5af3617949c44f23992d8c397,true
0xaf9ed474efc55ae2a15eebc84cae14f9a042312e00396fb4028218c639467273,true
0x80e7a09568a7413c2f9f232ee42fb2c33fb80ae6467cc6b1da0d2f5e96f0b037,true
0xfd13973bc908ec2ef10fb23828e169f6199c67d086d62c4a7950f36b85e0ae38,true
0xbe47aec4a8c428173ab1157a942c9d823d3d00ef2c9805eb8b47094101dda73b,true
0xc233bb39652dc85228598b92fdc3e045251cc033ef185267e7bfe846c33f4234,false
0x95403e93275394d80ee4eab227d5a5a6f36159cee0d7086cea8c574760dd43e4,true
0xb5948ae5e11944fcd1ce2d80398337bd59749aeaa449cc61d10eaeb45640362a,false
0x02ed672cb0db6967adde5b53912573d2bdec5ec302691202300e194d23d8e9f3,false
0x61f65c11800de27b89dcbecc302b8bcd249f760842fa093bc15631ce69293b8b,true
0x178e163efbdb5d5e2c4b94fade70ebd6325e222c686a1c1fce48e7bd67a32de2,false
0x33b664c8579efe7164af67e3c7b595a590a9c15fdd5ec9098f892b7151654bef,true
0x1ab8ad6b766b1c82490f0c29bf49e10a77b8061b6c1ae22917b08c073c911ddb,false
0x96ea185875c9adcd2b7c1dc8220710aad397a8c0ceb78d6738165a05c1602777,false
0x85710c0065c75b6a3c6f8b5c9f36fa26aeae2c5bf15362f3c278af8a90144b89,false
0x6b7aed061be05362a055430470eaea28b9f7f512d226b80f575e63dcc6da0616,true
0x6c96b498712ee15b0a5f2bd3105cd306278362c38704408538b47d80ce1ce2b4,false
0xf9d5aea6348d3ab5d8bf5b76d8e3edcbb547ac5501610d28a718804db50da1b3,false
0x39e0ef9d0d9e89ae706a67458fd35a6fbcfb71843a8d8660a1226fb61855d0b2,true
0xcd8479ab9e4e06291b45adb9477eeb506733977e1bfa8b829f61904c2ae29a64,false
0x6d88ac9da84095969ca8b4d42fd1903057d493cbca6818a45cdc8c33ab84f6f7,true
0xf13d8c6f53232aa7162fb0b4f2f62aa613d8a49e6361dc1980033dd01c938d11,true
0x46aa075496cc44706b1ec57228d3370be80363eafd952960e91751bfe74725d9,false
0xeda0342a5cbc3640eeb38baae8b840fec1deb927b005e90e5d6db3f2c0c17c3b,true
0xe09488acbc578457aa7320283ca5fb6279336970ac0b4a345905a200ecf0d7ab,false
0xe5f50f375a5ebb622be1d63148f7076cd4fa40e0dd652bdc8aa1bd1919a2b86c,false
0xc8097428e3a99394a85698135d04477532646bd91ccdd8f84c22b1713060accc,false
0xb78620d3f033c3ea4a0b333761aa11d460e9d58300f43cc2666498b1afc6dd6b,false
0x26d9b0d3a2826f37b73db74f2ca8017a5d9d4ff46c2aa20b1c28aa6ca3738361,true
0xb5731492da6efa5991bc77b1e33e6772de3a3ef37b1a49e3af274d490e0b4985,true
0xe9798e15e594560e0396807a822856d6f9e18f8f826db13c99ec0f35b2764766,false
0x8efbb56fe54fd94a26d571a5605afd88c6151dd8059586f583a28944a559588f,true
0x8bfab88a9c6bb51b2abee9de394e1777163df560f610a0bdb3cebaf8ac7c85a8,false
0xec6651ad04f32f625386beb02ccf43bb9a59291fe7f425ae482a4bb2098ba62f,false
0xd734b6d65d52b951c2397395449e74f07a6fed8ba3eeb84eac61e62fdafaf27c,false
0x200502e27db347dd72cb6b77b88f72ec7e0992d4b17c11c1d9fbadaaadc450b8,true
0x9cd201d1e10c99ab23f3b085735d07b939ccd680e35e9d4e57cacd6b94a4c110,false
0x922f6ffe89d8115546041ef7b0946dba142b5aee2233adfbff11a5017c652826,true
0x10c53a3a702b25c47c745f3d85787592712bf24a64f0bdee81d8485704d5cf73,false
0x52d6d2fbd860d237a6027c1775103c01742ab91481a1c7a44d223bc2b2f89907,false
0x156cc16915aaab210d6f92fe8f392463ef20d57cbbd3f0c08a1be64b94276054,true
0xdb84dae59c07c3ba3a072c0d357a37334ab2de1c4fa651783f799673d6c50734,false
0x675de88de6e1b23a5b3bc8531e9b772086028fa85fd296d88beac38bd43146a6,true
0x36adcd5e47f5dac79fcc4e5f5c25c43cfcbfd8e21524e1e1324673c468286c6f,true
0x05fea6a5d842690c6ca43fd8037bc80cfbd0c698188c42404ec7faee75dbb6d0,true
0x0b2509d8821be437968fe79706b535f0c96991eb6b33a71a97c1b6d2f92bdb31,true
0x99a15957824de8956dd729f8958bd1a7c8820bb3c933c4b80b43bb5ffbf5c7e0,true
0xc41410ddcbac5ebbceadc091c45a178c2ff4b801ee6fde7a7ca88acd66c238d1,false
0xe0c0ce9dd2f9886c9ee0d5e4b04fcc5b83cc35473e130e367d73b16b6d05de4d,true
0xa70aeac3c643ad3ebe56388d191f32a4cd41c34e8f806e072484855a1fd09cac,false
0xc48417ff77c5536b2b4c38afedf0089f32d85b2ccfee51535cc4a2601453def3,false
0x3762e7bfacbaac92d7adef43d42771ccf5080294dbc413d00ef48d1b658e1e44,true
0xe9232f118a3e88c689abd9da32fdeb557ec8fc9d091a3764de71459ed39b279b,true
0xa67dac5c4783210598c6595a3f826d6e2a23c56addc035c1d7a271cae8aaafd6,true
0x262e232485a9f202329e91a576c910e81ad1c4844c34e358d90349ab65abfed4,true
0xf23ebfd0fb91aba70321b2840ff427213fc2b670745b65471c0b1342cf14413e,true
0xc5545c47c60e6b9d0c3e08d5ae96885065a6b51b0c9c18f7a01d7fe7b5ce5ad3,true
0x112d487f29440f389e72b4454f4db80ac5bc8361f26d73f42d22ec2dd52f7233,false
0x069c9a1284bbd8d20bedb5f0602e741aa6b0566ce1892e6d9dec3d961b8aa467,true
0x76b92f144b9dea6a267ffa9356d42f32870916eadcfa2f288062d68ab2cc3458,false
0xdb1d3185f324ad0e2339ab9fd0ad0ba7ec672e15e18792ee4acbdba956e7841a,false
0xd2c1bfaeb03c020354e18347472fb813a051862f57df2005323eb0820b626854,false
0x33062b8a6f2dae733599ed800c66ef9701b4d3093c9c240d15d56bd1f7ee3c44,true
0xab6ab66bf5c02687de88cde4d4409a1e923ce28987fa9469ca7a4e348c205ff8,true
0x115f833d7a8e54930c7aca93f29fb0391fd2a2f830c210bb80ab11eb8775dacb,true
0x2b0bd6215b51c912e192a40b74b928fa85f73f5a3e48a061ca60fe94570f572c,false
0x9e5cedd4c44ede238e49101c8bfa5c4b49b8cafd4c12dd91ee6a6e42b92535aa,false
0xad82035960ff8182b9ab010e7f423494621170cc371b8e0322c156899c9e69bb,true
0xcb0610ec2411efa2707a3877acb815c4ce7857802a7d4584c2be4269605133b9,true
0x9e00d1ffae1fdc7d5b9b5a4941a48c8584bb21f0ab0c5e2d0f3f93f6f6e268b8,false
0x5e701b402a39b1d758cbf4a300fe087fcd0a82c47cc5535c3dc6af5d7335218e,false
0xce75b25ef96d212923ddd98087f81a5f65b9daac4ce00cab295013409c8df42c,true
0xd5f7a4710c9aef14f86ed7b52d60e9e0389b7ea3d0691e4332c2dacdba22a677,false
0x761cba0e98e3552a3a0ed87cd269e5ead5f762fd0623d93e28c70784e61bfe56,false
0x7234d431efd0f28d4e2257f2788a5ac9a6afcfed755bd75d8f5bb49ea1db86c6,true
0x16e4449ca45e5044e68f977cf1efcd554194b9cb4fbfe7f8aa21501eb0e42f58,true
0xcf02498766d743c3daaad935b0c7e7708d14574416d0b3890e44dd4e8166cd31,true
0xaeacbfe7985e8f8e13bb50255e293034d3ebc1bf76cf4e9bd0febf624f91bf48,false
0x56df76cb24c80661fbd6c84c52de54b2851b9dc4b96bb3c13bf5865b462aeab6,true
0x203906ad8b17c8a02b6ad7dd707d23f588215d190856dd599e7d8791dd7f5858,false
0xee47880b6409565ad104ae23d6f3f46507a8d0e949753afca4d028df8955d02c,true
0xf1d1693f3d0aff49aa800116c7afbd0bef474eb34ea7a8f6f1565a65a291ce4a,false
0x5bb0da28e4f673cee0bae1e8484827d7480c8c9804c978e0810de0f7d2b27ddb,false
0x4abc0b933547144c02c3c1fc278c484dfca28da8b16bbc1d190c694e52e3166b,true
0xb464d5adaac1f385799fa961ab03147514c7ecaa331035bd8cbc066b78e30e7b,false
0xe639bb6950d2944de541d629dd6533ef3ecc7d751dc3ed0204f720a830844fa7,false
0x256d1c606fcf6fcdf94025d863fa2f1d4417deaf9bf46241f6655d67c042b09d,false
0x1095d9f357ba8df4ba317ecc79f2421d19df8c442ef0abe1e58fb5c6b26e942e,false
0xcef72dbf4f51b4c10f70fe013c5d6186917cbd8e42ba3724e4b70de572b51912,false
0xcbd56af839691e61c620e6a50ca8b91e92aa0d78703a56f24febb0cd31c64326,false
0xb52caa9fdc668edea3a5503c2413a7e727f142e9a4d3644ad100f8160f84723e,true
0x09a8624135c208900fae4d3a4e648ae925729a898c73251683dd259da32d9ba2,true
0x79b100f4f733bade47b7d9f3bd9c8ffca20322ffa35774817436a704e32be733,true
0x90c451aad76d9cdc3d202935147ac78041439abb99e5bd26b59c635b87154e0a,false
0xd97ba22a26af3dc6b6461805591260ca9f678965b9822f3b9231088d6714d86f,true
0xf4d5ed6765fc777316281ebe0f255b74b50b8139d367be174989b266fae5d3e8,false
0xc66b0ce563b8298fb6e3e9c64f01afc2d02577291ac5f34b790d9a6ab0ae3846,false
0x24aaec29a132b8886df6ff2db81027e235ac06c79966ec703b6561a0fef6b7c5,true
0xc69b6ee03dca6c0437e16da95e5abf99eb8bf9cbe6348a43e82a1a1ec742eefe,true
0xabbcf1071c4fdcee7ba12303daeb94760ec014b03d4fb23c4c350135425b354f,true
0x43628a6bcc388bdd5857a97d951989934b42eb5391c691b230d6cb0315358d46,false
0x273a81cf831919f456f7dab231724aeedec78ee63a64d56c3cae82ebbb931f22,true
0x92dc39555747ea2ffb5dd065d9d134c5d02f9d5653db38c6d124a7a04fec9619,true
0xcf558d2e905b699f6946254e230919884a54c05598796f61d42e7c07bfee65f8,true
0x06d519220a40c4ee56a7de3fa2c31d4d89f3767f364caf650cdbbc80a8536f70,true
0x26779c5d3f20fa4625f7f8c1d65eacf8ffa8819555c921f9166555db1056cc30,true
0x810cf7d02daa712d8f6d78efdd7e5f2f26793c160025bd60cf908b65c2ad0703,true
0xfbc3d8212a210cd174da07ab75025e0c96ea82bb4cf272217a49bf74bd366ffb,false
0xda29dba151f11e106ea401e62a37607eafe2e80f2929763f942b8941a49a25cc,false
0x4f5f5ecbc3e0d64c73fd7974be8e647be562b2d1e417f2a538ff4a3d6b43a790,true
0xcd4995caed116abc085a5e4a3ea6f054611eb543d646b7e89ba174b32557af1a,false
0x2d8af3e04f4ace4bf269639caeaf2a05ad92cf7ef005f0b4f4db312fa83a2976,true
0x59687f49582d57328603b4de7a7a24512ee886a35c8d22298ee0ab3af10b84a0,false
0xd73500dc8f457888cdb958431162f402cffbfa0f8798cbc292899cc62ee342e8,true
0xed1ab11ecb75d6706ec484416027024cdf7e2f0a802ab1c10ec5c68050c68b44,false
0x82169f812b793a74e1e6401ce5df8583854a780b39b36cd6ff2401d34ccc4656,false
0x9af2522e32823eb76330f0da996badd1560e843ff01511535cadd888804536eb,true
0x1997fd06ab39e6b343ecb92ead51391a56e9a088f716328dc5d23a9ff51c0282,false
0x6db3f21fe9a7996404083ca825fbead9c4fe7ada53725a6d5fd65f860c591ec1,false
0xd5b8ccdb63c6964ecd7e21ce6b06ab1cefcf8539b3d550e6eda17b394ba55403,true
0xb4ba6e60982fecbb98c2cbe1b73ac0c7a6ac2dc5dae405769f7c3ce60e509cee,true
0x0a27d61027dd9d42609451a176bcf5dab53fa12208eb74258e92771452f9d138,true
0xd6d0661d009d2758c6caff99e4f5b0fc3802b2efd1c535fdef06dd92226cf47f,false
0xa4f948e5c3dbf1cb99869486b793ef5017768b773e2fe0efa047d7cb3919700c,false
0x3947a8d5e4c54e914a63294599c27e7c94d53310e06117dc529ab2c767d1059d,true
0xbeee84e3d9a0282b486cd2faf8fefa8122cc0efb720507c148a8b12696db33e4,false
0x49f9130da00c7ec6e59b9ef9a69fbd65b031d9e93a773cdab074ca5c4e8cbe39,false
0x543f4513338345b91c0b1073ee4803a5d977924cdaaac16828c38a3840381f68,false
0x7c0e8b8ad8297267fd1e1264e5a85ef9767d2b4f3ae5577d288fec1b4e66ecf0,true
0x56f069445befdf8c713bc9a2a00b3f37f906b1b6ab911f8017585c3c5228d63f,true
0xfbce50fc24397d98c41b47df0087d71dc531fa99a73050bd8605a9294439a149,true
0xffcee452c647c3ca455ea6aafa4fb0122ba397d9d84e32b479fc2da1cab9cfc7,false
0x5e3eb077f9f51c26dcba67534cb383ace04e909d84ad15ab563587afa0e761db,false
0x64027b2ccd6e75093d3567648181a0f2ad50eabfa952157ebf6de7116f54f068,true
0xd879660e60dd6883c2768017425d795ecb06041e0c58b10e3bcf5ab055f6ce59,true
0x4e00031e1bf2e8dbb7b7cdaf8a82656ce22b80b10c4b9e4d3da0ceadda14811d,true
0xfde18b6f47c294adcd79ba4365f225022a2b0ef4787dc472cfe8371b00018136,true
0x45f14a67af0ec84974c3a183d4fd46617e6a698ca681f25bd1f2b7c98b9d16f0,true
0xb137af5c4c48d05d03ab0bca13be096d5e2046004205e82fa3fa507ef3b7986e,true
0x34e375e012d5792cc9ec52dfe9e95cea7ec7f3e9ff64c57529abd4162c57b711,true
0x2e734151d68033a04adf43a7f1a7cf33338891dd29435e3fe16a67f1290a4713,false
0x347ec52f07024272c210d9d057c11b908f04459dcb302e5f6746a01d606c45d3,true
0xafee48e348a18e93280cfacf456e3558dcc45a46aa72555315f17b3f29a5e6f8,false
0xd58661532a542d5c6d195e8a403e19704a2a7624d391e47e4dea60cd450d8260,true
0x648a0deb919d350266e3e0ea8d2c76b9454f47498c180d6d57bb86b1c296d1a0,false
0x8e68d89f762eaf7c2671fd823a8ac48e9e08e88e5d5e53a2b3cf8960900bcbee,true
0xcbe63441f02705b80f850695757b228f5d8d39e1871bb14c855bff65145a3be9,false
0x83610518191c6cae7dda2843be8d7817ff10829793054586b082100fdf2d6b4a,false
0x6e6f68ab31b6bf0b66a6f86cd5aed5d2be8863aa7ff997a401c68abc27a1baeb,false
0xa66b0a2a8b18fa56ea870850658db31c0332930146041aaf4324e3cdd01f2308,false
0xc0fb7264315b66fd4c4de7e8166386a84673c6098da03ec8eefed99abd38a1ca,false
0x34d9e4bbfb6579ebb6899d01052a2f2d09cd45e2f6a4f88d6dfee52f1ba9f49d,false
0xa5510782901e547b3cab7c07d6a891e6c2bfb3fe6bb3b82421d5e39fd5897d18,true
0xa7b6111908766c4a894cb3f477ba2a05f7c0f5c4856d952bcaad45d066a5a871,true
0x41aba38ea1e916cf8184833d016822069b3cfaa7083fcfffb6ff8a679f72c7e7,false
0xb6f1d616560baa907f94d2d955a8ec8b1115fdd5ce7e919949fbd4cdd3c38b76,false
0x9ec14f3c733ce09f7c66d857ce64562118087aa5ba40d9e868ec01f9dcb96e38,false
0x409e09fd1d7f6e807bcb9d8ea82c67fde607308068f8dd455a0b979f1e1a2490,false
0xc1a6bf6642a40e9d894239e6edf6f951130260ef09963c5265456edef3e59e5b,true
0x3e649021765208708e7c01e93b39aa4581291a0a121fde79fb6d961c329d1316,false
0xdecfa3557e6c3ad122920b5a3dd2f61d54a6ba18e70673bfd8959c45b6b25a85,true
0x2f773ee1241d4e3e54d715dcf989c0cdf93e4cb35db2f19319124db12738af14,false
0x86b29e06cce3515e2ff866596e9e4d6a191252be41c38dc964913caf40f4b4e7,false
0x3dc370d0eb46b13d441a5a515f7e7e62f1c1afaa1ec76a9bf9da8e1db00c143c,true
0x7f77f3d561097da195fb1a1a1103a2002c9910480c53202e69b9cd2483fc22e0,false
0x39970a640f0da12ba5a2c2274acaca297caa5b517fe97d44d2f641f7e2fbfb9b,true
0x45b603bae018ec23da898188451c00f39e86ba9f7c11c38896dc8413476464c1,false
0xaffd5fa0c4faeb50f55cac1d45957c53f0d4878ae02b5e222438c6678c090dcf,true
0x605c390553bc501daaad659e3903bb2e56ded8573f693de4e4ed631a121db08f,false
0x157d43b79f76b4cb32ad03d95db1bbfe008aba43be7ab156dd16cf3184c7277e,true
0x46722b1b3be93099ac0a08814172c4855e7b5e2c91b2c53b52e617562f97bd2f,true
0x9e211b5eeb4e83385bc21b187389b8a42044ee4e00427b54ef7ac49643a5ac48,true
0x144541048e9ba2835ab87e7751626873e1162e438ff3c45bd8d49db00cf6ef7b,false
0x237305e2f377a75d62713e09939a2e0483d359f7ce980b2e07fe5a0211e427be,false
0x78f7ca6c2020f03f41981290b1e9e137775256555b198dddca2f62dfaed0c36c,true
0xa111b5732b353486eb03eff4fdc8306d66d2eaefad731ce2ddb8f18d9c498a28,false
0xd212f1c9abc313ce907f4afc5a0b9486f96369e504a1f8fd3d507d84c7645b24,true
0x21f1b9e17fc373674115d4db637063b2331f96e9169508b5bb7e6972fb29b682,false
0x5513a5a15aa4ee298feadf869fd69b0c02e6dadc71ccb9393f33b82f7518ac9a,false
0x7f0aaa2ae3c413c7cfd07196a075240932e452e02963b43680cb9bf1d11aac7b,false
0x51eb58565f73d6d41e15ed21232ecc25c13e706c492cec3b8f93d75a5fb06652,false
0x24036b50598809a955b0c096cbac8de1169dc1afe27bcf5ae7e2513a56dbad43,false
0xcc0d7674bef2ddf9ba121e0140ce4e6aa47c97905dc0a6afd56dba5b2cf8c167,true
0x2ade947c9895381f0733fb750fe2a96fee2b5c93958da065779d211ee279e529,true
0x51a11e2a2b0faa93ec5732c8fe0370791bfc8ae9c7a53779dcba88d24f3d0450,false
0x2dfb03f032bba7b2ba0ecfb4343f418d823647e5b80e46d0555409b238ed01a8,true
0x059954a02a7a1e83223901955ad0aefb6032ad180b010bb109035270802c014b,false
0xf25e247da28ad5ca271ab84da7a1ca3fd24b1ec716cec17743e7b2f3a141d042,true
0x2814ef3965a86a0bb60de6e07a182722e8144f19ffa3df9c74092f19c5431850,false
0x14ba2d8728e4458623fdd610347ef003ac5dc8c157b4d02750c2d2e291668aa4,true
0x564a48a58dc8973247b55f5180fb69f0f323627e0ffa25422d7bcadf55f75141,true
0x5fc0295e0bcaf2edbc6e9c448d4e0605f43050cda8e76d6584c71b9c426a8cf8,false
0xf69b08630999dc3b7643142ff9c1fd333a76822c3b94d03c727b55ec04edb228,false
0xc441685ef38c278fed82749b7c19d80b87c6bf178a76c15b07734e785d9cc8bf,true
0xf5a6290466a3d0d2506a3824842be899372e439d97315816f688033d57343a8b,false
0x07a58408b0678c8746b3c1f206f5e78ca7df773c162fe88137884ae9d89cb2f2,false
0x89bc0e20762c7185974507c3881fed495954ddeae36e5ece1f27522dae465c1f,true
0x356fcc610e5c985990eae24f7433a78508d4247296c81e369d067c0f714358c2,false
0x68a4babaad09651c3113828d46d902b8cb2a334c7856ba054a770590648ca28c,false
0x68e02f9b2112dd6366a8af5bc3aece4e503188883f89ebb18c3d40c7908ba671,false
0x9e02ef61f7c363fae3cadf5b57db1f10fefa8c5101e8d712bac3c8cc70a5d054,false
0x62b42c61e22035704d1fe7e14de475049e04e94a06b84326a6b6818b87780046,true
0xb72a1c0c2d234008425bf3a7dbae311d623ab1bd2c2e45b3f590026f33fbc16b,true
0x473b9f66ad378c696199f8cd3c8d0258f353369ae996bf6813c1e8ccdf6969f8,true
0x3f2e2b987dac16c63f70dc5fbb29e05364fb5c6c2eb2a0be29dcae81f53dd356,false
0x3144a89c96b44ed2fcbf9b5e6f816f54df6a53b89ee43bafe5327263889037c9,true
0x00b9a0c24ac73af84f31a81200c1e4a4ff0de71a19888cc49267589c71e96cac,false
0x1821823118295562fbbddba2ce82fd2a35472788260bf93ca05485579e77da73,true
0x02b046aafc1cf2c384cae2d2b82a8fda0f69a0f8798209daf42ab66c23ee8c6c,true
0x4f9c103786a09cb777f4a4d1d86e7ac21746c66286fff744f830a6a178ae84ce,false
0xf32e849b336910c9de6e04e095409fd005b68c539dae2bee09387d3b4349fbfd,false
0x857e22e376a30416f0e9dacc535848706fd30785bf819b10cabdf608f1ac4764,true
0xd5f2b96edc023d0793f46bb4d532568882440a7a10ab7d81451b765b4b2872ce,false
0xdf6807c8a41fe1b31a78da68bd28ecbadfc430939fd5655310fbd47571bacbd1,true
0xf86e49f9076c5a1f282f2fec78a5fccabb999c0cf7a7f90f6b73bfc0adcc7bde,false
0x21789361ac70ed515d1c2106127b0b151c1c4592d92a946fb6614b585750a366,true
0xde9d1024c616e090a8a347f3ddf00d8e981086ed5676a7f6f5de5f990fd1440f,false
0xf192eef3f4fe8f9b1c73637997517fa2df384ed6d9c42542126df46c4816401e,false
0x7e554d26737432d8d24aadc281382694a93e8d5c732e2ee4f043f5861b036f1b,true
0x4f160b27f0f0816a79aa194670a51c8233d41fb320e8bf2b1e8c8644738ac081,true
0x99e09c5a99402e44b9172d4332c56aebe813d44042d10d31f197bc41bd8dc5d2,true
0x5f4b2631109c922db878be818d0e696c9be071c44c22cd723719dbf02363a3bd,false
0xc5b6fbf44c025076bb55aafbcb2c3ac62c1dde4497a9afb88eadd79bef26bd2a,false
0xeb32a45f950be7e9fa15f4d44407d282195d3377cabff4cd7837ef1d72bc4f4f,false
0xc578c9655adf6d5b34942d92e0851e7b63583a875678fd1e1a776c0bf4402bbf,false
0xaf1f253df18f3751fe2c3a88a15200a06fd475f11adec70a889b83341d782386,false
0xb451b726d7698f8e166a40ac6ab837596fa4ca347ec12117a80f75109ee64e53,false
0x81d55d1114e022896908f5dd571259bafb1ee9b212e4417434e0fddb83d3d414,true
0xb808f2707e846e1459bf1f45122360ef91393e069e7928939025e11ef918f4b7,true
0x26a2de33f5ac20ef0db35a2cf69b72f5673afcf08fe0dcfba6ecaaad4ae25d04,true
0x471cec696ccac64954fdac4e7a5121ecd09bd7679520ef8c43b6c0eb2751dfc3,false
0xd317bcd7823f13f3155dcec74727e09e637ce09894696e60884bda8f1c28f60f,false
0x98341f4980d265c6b37e49a471ab4aa87aa5ded222a2e00da4a24d2dac0b19cb,false
0xd456a2d6c2c1e6fb0985df067aebe958bdd49e93969abafd31930a38a1e4c603,false
0xc190b78e9992d07d0a7837159689032b90406573d8608520f30f736f803cffe2,true
0x845337cb0713b6b9c918ce290d231a8699a72b4d94ff32f989ebb273eea1ecf6,false
0x6d8473934a138da357dcdcda212a1e01b3d682639656ad487c8fb277628efbdf,true
0x79372cdb8fd73c52fa724bab1612b67a2244fbb0fee559b1bc65ed7afee50344,true
0x6904df052e9bf3444b9866352cedffff6edd22aff5cb2985c45185723471cd74,false
0xecf9f3c66e754c70715c6c00c5b79a7bd22ae07213e09537d6ca297e11b8b1f3,false
0xf46d4962119b0a349b991e1f164d96693dab02fcdb31ca5ea14b563913d68ac1,true
0x8674420ba19a1264813287cd33adbe200467498f2aa62f603112a0c7cc6e9922,true
0xeec46faf33b93da696198092716acdeab021e3a40cae4500e431128d8f511207,false
0xd0da6ffd3a78e0877685928f2a475610c045c85c82b54e823f13fcbc4bfb278d,true
0x324c6a9e02382070663888f96620855eb943c1004e7e44c49a7a9d995635568a,false
0xb4ebd54c63fa903f3435cdde5e2a21090693f041ca67e0f490d51dae895ceb2c,true
0x308cbe38daad0c7bc5fc1215addf39166156f50350230623dad62a3707abf6db,true
0x9948a42f50dbe9581bd2e67c6cd9f0d13fdb2b53b52ce413b5638da374cecff9,false
0x07c96490c0c647431c27d21091353332e8c2086581ae901b533a6120dbae2ef8,true
0x59fdaea90b85f5efe9a353f0d116c7055e9a06832c2f2306056fd21f4cab333a,false
0xa143da71d4ce9aabc54a715d17c55ca0d1060becc8824cc0036694cfe66cbb68,true
0x1501f173849d1b47a808201b1d21c8df124c26678cff88c24c2a425b895c4665,false
0x5d3d3b99f8023471e992f69c78015b7e43e82caddbf3b8268b5fe99753c6e519,true
0x35122a8427c85de0c95e1c4270e068013662659074edc537cbc754d04fd8449b,true
0x9b3e48dd3d199083685cf347531c2b43a82d23434255138e2456c1fb2ca1ec90,false
0xa5f32597e55174e8cffd5dc3b2fdcfec2351ea9748d52cc7c95f209cf0b1c911,true
0xa0600da89a1081e8315ca9bded716377e6d15d7f4d03547ed1320022657dd08b,true
0x3bea97922a3a1f2c7a7431dda04af45f4d0a3a11cc89f04e20f9749084b8fbda,false
0xb14f3fefb8a4be6f41a4654010daa75bb8ef3c1449adcdd02614b5bfb999409a,true
0x07710fda73f4508ef7250de4ff8d5e84b67e3b9ac057dbdfc05cb143295c4e16,false
0x76b9e326d22e07a027bdd19eb7ad7723463ac58d1c89f11226f1aef04ab6c3ec,false
0x12dfae983d77949d1cec3edb981ad49571ff2895002ca578bfcb094cd1bad53d,true
0x8be38002a693f15429b73c55b5e597b47070a78e659fb2a61cfb92b1fdddbad5,true
0xd7afa179e5bb1259d1d0f83fd52a735857ffd9ce2862e3188157b938d8971a2d,false
0x5883d955dd0530619624d16f9197d5327fee94ad42fcf18c034d61c376ca7af1,false
0xfd72cb287084f57e19c91328bb5e77a6f88a0786d2cc0ae5c5b2858b61516b0c,false
0x73ca29935647c605643f955931b60af164ff1db4f564c8790e2e74bbc4f602fd,true
0xa4be801a362d8b34db4521087235f4d4660d74eaee4c3b4d660ac9c9b9a720e4,true
0x16a44fdcdc7f91c48973a522b8c990bef35359b33bcebd79455cbc39b06cbad2,false
0x3d3cb5ae90d615a4815236e1c68533536b000c63106f03e5bb738688b02dbd26,true
0xe4a8833691a6067257cb181971dc9d35c7c2687b9d834e9dfb8097dc975ace37,false
0x3b66944c37b08dc66f5d0799df8a5fa0ac0b44db1a8e36638be8c9c64cb705c8,false
0x040fb16ae30c62d21c08cd9da304f1233321a71c0ac7bc40c5b36cf31e674a95,true
0x33416ee74bb55aa01e7c06ce1bbf293a0a03820e5f8e25d89565c1c8ab11c5e5,false
0xf52619fb2da10d911be171099f54067931ca5f3274700b41c9b985ddba612c77,true
0x3e0605cdd4f34740660d3a53f46524381ff935401038880c08d1c71b88d2a29d,false
0x60607383c960a28d928f57d05be6b06314ff6554be26e11623dc4ce3b28a2410,false
0x6255b618fd3badc0207c38e058affce5f1cee2a13c4f6a6aa35bd04c685c9ce5,true
0xed0e34d0ccbcb4606952754635e209dd5409dc33de2c09023000d56fb394081c,false
0x29264cea627ab8264c7489f6ba19380f3977443f63d5f2e52fb9b24c46d7081c,false
0xe7bc7f4740bd5be9051c4a88d404bfb5294c4bfc8c42db57435d51dfd0495b60,true
0x1ee4bbaaa26aec3414e772247185648d1f1e72fc1f430c11f4221329308d18cc,false
0x6d129dd037e3544bb8aaba9656f91af5983be8c4b0cd2c314eb74f970cd267ff,false
0x153e997efc7e88789f956884c42c9b755fba147bd4a9682d20973630af55a720,false
0x54825a20b3d382779e8a9643f93dd0fbe2e36908545014398d2348c7c463775a,false
0xc66121c34f8e318f5c353531eb02cf0d7500f5bcea3992fd8b3e86b6673553e0,true
0x6739d8a92c1e8d9a64f27d8373664270f1ac4f6378b9c8ad537ce08b47f55100,true
0xb18fbc2efd954445726f4692bd799245c800bd725d4533c5036b5c352809a2f4,false
0x18e1d7df4063498baeb3705afa35e5f38470ac334518e76f70f39a65441110c2,false
0x2d85c63bb7810392acad569101d23646d44f5f0a1aabef1a88d732aa4b9a162b,true
0xabc9bf16f739397b1c04ef17235a59493acd5d9b5051e56a8713bb1dc917f395,false
0xb0d0123068cd7c3341261ea700b09e17d70c82535e0e88d8a683a92b70860564,false
0xedc9b702ca21327059f447fb623c6fbc6a255f61b281ab8a3e5d1f72f3dfc491,true
0x2abd9089aa82afb3dfa4ebe42082e6a6eee2b6aa89d00bc49862e06cd3da6807,true
0xbfedcf2cb284910ce1e1c90063923cf080151c703229e777a8fae0c97b8e1f30,true
0x1a1a0c602ff43ff19116dd5bac749ea026a8bbee5d545ea0219c244152f08eac,true
0x4bacf5ba29963f3b8c0dda8903a5ac1de0516fe904bd9de8024fa06e5c28bd2e,false
0xb0cccf270dbb830101f2b4c65425c7f8a214024e0c40fe22c044518a9cca72a1,false
0xc99d8959bc4352373863a8d87f8cde8d4dca64bc73f250e4169a6e338d285619,false
0xef36332af3af5dd4a018b3a3c39aa1bcd2f7823d1c7caa425113ea9ff069e6b4,false
0x11b41f7ed1a6e4fbb21473b281f8b1159e04d932bc6c743b8448ce4c004da363,true
0xad4cde6a3ee17d34db81776051232608cce2bbfa7655f5e94df3e3dbe2144cce,true
0x698aef6ac9cb226a0e6e89219b33a06741d1c744c10ce97150b8fdd33d249fdf,true
0x8429056cf692c3abd645cbd1f6cfb752d80e9d6b5ec74578abe5af7eb9c57c7b,true
0x1fb5e04d3b30955807fc01b0e479070b1f07cc343d5865b97c059db578c3f22a,false
0x396d7b18bb05f30f81d66dd4d06adb8729dbdcc8b2d07e1676e6c8c69e23242d,true
0x02b2f97abff51c660f4fd36d110c2a48b62dbfe32f6126ff8069f527f8dd69ee,false
0x81753cbece116285e89b41c37632edb400a117ba6d889be31c822db2d974d983,false
0x8e1ffb707dd96a265a0f2100811453c38844c51ce16f077076839d7b245be28c,false
0xe8b877b87a4bdc8047335ca4594a95c42b01dc6dcbc94106727e26c935aa2172,false
0xb4265d4172340fd40474a6d44611e48d26d4016b2cfe73e48f1af1363e1d15ab,true
0x3ffc9d86f06e5c5ffa2ce270ca97d0a3f50ec6d1ea739e1b2938702f4c75d457,false
0xc64cbcb1288bbfd620cf8dedaed6f2b556d7e0f528fd2c560f0787c98c490767,true
0x5cf219ecb2affd5591566b6d39d4ef3fef6f8c160df5da9233db9c656d3542bb,true
0x4765d425603d202d831cc3be59c3312709839caca7aac9958eaec909df9e2a05,true
0x3d07a65951a4a9728173fa1ec109559197e1a89d759871a5950456ec33cc1c1e,false
0x0fc2f2942b8b70bb1a5bb687d62702d419ccb98c2bae4e4ce5db70fe1aa0842a,true
0xbd12855c547a4358836e37023e3513ca908b6ac8dba80fd928d20a6b930a7398,true
0x778a8c30b6cdb5e1f28d5469531f707daede369b3ea466b42108ac74bdd1aec8,true
0xa12a5c05bb0e49538b009038383149842037ea5d31e73675d0418252522abc0c,true
0x3ee2aa46a3529046ee719c6b1f898642fdd7addfe2f54d2d17580ab47fa8611b,true
0x5b6cfac9a28d91d1c313dbc8b0a9cd69589d0c73f12b2a7c961a8260c544c8de,false
0x104876596b63edadc3ef183de4ce5d5d671fd7fc8a3646b335168bca68e434d2,true
0xe33d6984ab71513806811a685ca241a03a09bbb6a14af9713d71bea1fb0cdda9,false
0xab4a9feab9da2cd715a8342e23f6dcdb2f6161dbc3b1cbca89d05f54f08e4cc3,false
0xdc7ddd854ce8d44c4c11d39f4120897d5c9c6fc793749ff705ab39986eda358b,false
0x566a47cbeaa585246373aa5c227688bc677c2178d0e3346b87c7d8ca969e603a,true
0xd111a07f266e21547e6e62825a564565495f29001600161830c5712201619286,true
0xc0be870247e1f969a7e359222b2d5d8853747a44ff33c3ee0d435c027f4b70a6,false
0x17338e8d264ca3c1341916cb217ea876bff3460fe53518ac39b11192dc241229,false
0xf9f48bd23bef01d027ac72d497594e7ab4f1eb3fda151d3ca138b2a14ac40b12,false
0x1a17abc5a34e20d5b6f9dd48ab7e3b419c008881e0357fd9b258bf74208f8d31,false
0x30fd6bc4952ecc8ab454fa84eec5b0144bfa39a6062522630e3a3a382a80304c,false
0xbf28c82d3233c2ff8705a5a4285f93e5450b701bc323e23649cc428cd401e290,false
0xb39c845724b8a350ca26a8e1badcaed9930a390f41be240d21dbda83d227e4ca,true
0x2bac2d972f010897cc96b73d16de7aab38dddd153968eca6fdf68966e554750e,true
0xc110cba53b02709a3cf86332ced15d08a5b413cc9b8de0ab260c6addde1c09c8,false
0x9cc9a1d62f49331e50cabe5331b1d249bbac3e66cdee0a4b04aa06f44fc8849d,false
0xa940d2c04c2ae5a13a2b8f05d2688b60bbc1b7ab9ef54beaeada91a51a04ea60,true
0xc2203245d9a060217325e8df1c6f13dfb06cc9c6adbb7a1052dc828c29f3f1ff,false
0x4084e3d10649eab33d6e4afd723ec0a6b8e0bebcd09a93e569fc0b4703cd8704,false
0xed882f83c6c4d4d584b044693f31d53eaa279c6ea03cc8ea9935f28092e63866,true
0x7e032952404fa173a1dd1ab2baa53f8969414af45b0e879855fbb22ccdaf64a3,true
0x78780299126ff6b938361e0a3b60f10d1cb29332133edf39717904fbe08e0b6c,false
0x3929a990119e30a848967b5a95b91a179c82f3e6d8a9f2483ad79d474c788bb1,false
0x36f4593ad9e1342c67c332b45923690e88560ebdef17c409aa75a00e65aa2561,false
0x1e4d0dc1e5df5b1a0706363886a39df0ed4da575ddd9f56f8e55ae250e1bd8d5,true
0x93ba2cf8f0b17c15f484251eda49d4b7d8a2fe5cf811eedb2e88cb0dd34efb74,false
0x281f10999420d4b54f4b5041794621c5ecda989ee4dfef93f7b12e5ed9b161cf,false
0xa564d1e630d0b82754222aa19b62ece051c03480da0659852d6c769bef70701f,false
0x63626513b883160be2a0453d1dac6fbec6f5ecaedad52cad7afb05bcff03c507,true
0xfd43e0055691ca09829aafd760ebb5fcf88e8c194b89e9fea2bb38a7e3978716,true
0x07b0e01a4a5edb1363a63adff083c8fdd599aad7b49021227aa9bca6e33679d4,true
0xee5e8281015af407dafc9cc99ee1b3aa2dd3e9a9561fbd710da34171df693bd6,false
0xba9f9bdb93fca30afd1fba8779c5741e7d9503eb3d1fc7ccf9a9f8542ac8d57f,false
0xa24dd19410f753127d582ec4aaded3ad0320889ff2e3e92f7d2b57554a22926f,true
0x523e0f353d2b46934a65dc8542809ed144cb91dcbc29141ab5bec1ab955af17b,true
0x1c74d649e8d0657b2759b83166ed2f170a47939725d146aea1c4d4b87f072f53,false
0x26cd25e9870c4684373f61735f32411bfd7d43d1c6ed8926dcfc37ed29b2341f,false
0xd06f16ec513c26933ddfd062e5cabf4b810ef0a8444d97db497ad65aba9b6f0c,true
0xb23ae0118e51bee26ac16e01a87de95806d8d196184d05fde3cd6261ecd37e3d,false
0x69097f5748d0443168685f2c16b6ce7e51546566c7d0f01056f67b6c87d62ee7,false
0x649929e906ca2282bf22f140db5a413a1752be8b71f51bd1643feb2f17441e54,true
0xfec05b9a173a665aed49018c5c7ad9f042ce58f5463c0028b1671dab8fbddacb,true
0x8d3588363f1f7de1250560aae2d3e41dd9f6ecc626aad754a059fd61400c7db4,true
0x620073124fb79d3e0cf336f1d7fe10b830f4e6d8659ca07df2ca763527801b3a,true
0xe166b7e103df33e811b0ba54d5c7f627ce707bd4442d7f30d432d0a76c12a44a,true
0xd03ecb5229c89d699ca9063dbe108738004155adfcff085f4ff85844e2afec29,true
0x6cdd916fde54d21865fe2cf24ad26e9f96353658a51682a694dd782d8d81e6a5,true
0x40efde40773b9964791e1d2d1849d72eff58c70592f1be88ff90976ed0f1f969,false
0xa69f40f90ab52c88aa8f62115b128fc6609086eaa988f1e0dcab44da2e59df15,false
0xbd2414ba986e0cc23cd96af33dd35319ce6a078c0642baafe4ed96259f78eb3e,true
0xf936bab28dba3c0cff214f5052191d6f6199105093f62649176d8f4708725342,true
0x047ca0cdb0cf7ce11bd60c2495304c369157864845fff5ec41d7a88cba064097,false
0xe1a7757847b8b33aa4c67c728e0d92fe1f05221555950388366f6e4dc022ad0c,true
0x7af50026518ec2ebfd06cbf20326987e5d8e1eff61f1a4cfb1aa50b88fca7bc3,false
0xd3b1a18cd4e4530737ff0c7d38c2947a22287a7c1c40bc40e630fbb3df6a6bc2,false
0x50aaa11fc3db3f50fa684186e86ccf6ce3b44ce4645700a1b5125f418915c99d,true
0xfe173fa3cd32d4af7087b3fb10f66ebe636a9712f6ded06b55a322de710fd72a,true
0x6557fcb9d13f48b1f4195f1c2494417e831840cd881ae196f26db2ff098af00e,false
0xe404b2b121df4e816eaf20a98f8e3bcdf6dc8a71d54b9a13a83b38fdec24ab19,false
0x5b7381c02c03c73a92a98cadf7101ac39036318609f3890e277b6c445602cffb,false
0xcebaf21a7470cfe8dbc24b9d0b8371f7281bc47254603d714327f3e98012001a,false
0xfde7c5d8420e3327da2cfd9a9c4888bea15c6324106513f0f764bc31bf3d5e25,false
0xa1adaab05feffea40d442d3eed53d34ee0c8494a6be468f47896bd76bdbadb45,true
0xb72ee2a02d712846a9262f97e9ea94c417669de01ae2e0a2349f3c8bdfb71814,false
0xa1288efbf95895a3b3b0e018f59503395083b0f343b639d7a4eda610c734c4dc,true
0xb36da575add40cd32b13193804e56d459ec8d3825fa9c90b1162ce52856f3d6e,false
0x88a1203cad0f5c8ef4571d31b7e1c9bd99b329d63c0510faffebd10f559be315,true
0x092de8724e2d5b7cae6f5a9207de48c1573a6f6ec74d3f90b744418881cddf7e,false
0x96e0484401c7963b784e30d09427ff55b00954320e54dfa01c36da585f295960,true
0x5a2beeb0abbacd5837ca06412b894fb400f7bd7283db6c1f424c8d9822e84c8b,true
0xc6907dc9ba174bdb69d71e4495b282874b32248513386d2852c10816536574b5,false
0x85d8feb14a988017504ac4bc11693cb6eeca0ea6e118eae4b07bfb4beb9a5120,true
0xad7663dd85614a48dec2aebb229854dd375d8391fafd8837fe1942eb326812fa,true
0xc270ad2aa68d638b0c6c84ee1bbbc857c26f84d809ba7baede81ed02d8ae9301,true
0x0c456493819aeb86a4c01187023676fc93b3f7fcfc00fa7256c96cf343a32be0,true
0x822960aefe57c0062d6bf62e64115cd64958ff7a7d9abd377e757fdeb57d4403,true
0xe581e50ae02c886386197166063cf70a880492f1533112810bea148ae374ed6e,true
0x00bdcb02a3e173625ffcba9d78e7667e3606eb772787111f2f4f27cab26182e6,true
0x9387f9df92e64116545b64d3e49025f9bf0d3e18007920a30c5a40ae0df4cb72,true
0x5fc91802a380ff464c4ee5686ff754e6cd01668e2c3a650e368e0a12831540d9,false
0x38b5df6a2a225f8f7e5a8ba382dd30ab71d50e0563134857f9cf800f16f0385e,true
0xf385d8c3aca9c35d828f47e052ff782b4eb5c44a0e2683b36639ea2c1aa0b87a,false
0xd0b3c58236b17d902836d2a059b12bbc700d395e7ec973ea26f676fbee1aa43c,false
0x1c085d179ac5ead14df3ab4d85aa598d2942b159dc3fa54a9160e5cfc68fddc1,false
0xdb90998cfc123112644c7dd3f3cf2d4be80a8190e0f738d21e75a223e8915d57,true
0x279bfd073a4e65d095ee3bc6d50bf41344655c56b59caebd05c8658b4b72f32c,false
0x6141d7d0c23896b7608da4b2cedf28775907e87f76feded50c02079c732488d7,true
0x4f79fec90451b8801a78a6d5bebf3e95be9c160f3c0f0ef827a21bf569f6e121,true
0x7ca952dccf7516066ae24bd1db7528844d679e947550226148bcd45c1e589e7e,true
0x0a62fd571a7ab98acf2cf8e1e79223096d244192bd8dc55d66daa09e76a19008,true
0x9edd6df3a8db6eaa0751743cd2c42519a914ac8e28a9abe52f16a7b21f7a11c6,false
0x9d31ab454a747ba26d42b3418a866267b3b0bd92293336b35b1bca8c3d1bc204,true
0xc169e6be609cfb6722fc9b3ce001e132247cd2333fd3ac1a0b0511500141cafc,true
0x6e6b9be90bad4240b6bea825c9f38e4698adb6a704ac3292ecc956dca97ae743,true
0x22733f5bd0acb9f2926217c6488b4fb5113bdc4ed5d87c21c13eb6fe9e873aa4,false
0xd021d9daec70b1a3b478e88125cad48ebfa897c6e8cf87f8cae0915247781e98,false
0x98a6c8414b98e048da81fe15ba4acf053f666823f0302b8d218426a9d8dc3a3d,false
0x28694a78561bb03540f32af55e30e55d621cb28eca588edbf3df80450e2571a7,false
0xbe9cbb8d6548c1a38d185d2ef5ab0ea3de20980b34886e20ecc7809c5fd9a7dd,false
0x2097f1b76947a22831511d02070171694058cb6f50abfc742f76d61799acf65a,true
0xe760a2d5998a9b8d1f289669eaf6e3e6d690125bed4c509a061f36526ffd6392,true
0xee9013ce606c6a60d0611e8be2e1ab89d342721934d506e6c0df95c567cdaca7,true
0x93fea86e8e4dd2dcb17092be0828e962a61bd1015ca89a53d05d78f353585090,false
0x07192f78f196d664af8352b56261993e5a20a53da54285747b730dc3a1b2fed2,false
0x9cfe11c9261cab283c681881e727c45072aebdb33e4dd9fdaf360c5ec02a3964,true
0x735f2c0d474e7a24a268ef0fa893a85a66f0ee61552b2414a1463daf8d9055b0,true
0x9ccc5c2dae4be3ec23cb8fec9811153d15219fe8745685b2d35e4821e2fe6160,false
0xbe21deded0fa48aa93e4c8659489a23f4ff2627062b67cc8004c939592cabc82,true
0x62398f45ae4a3e3d5582c1d87456d83f56db78ce4bbd98b04977679b8101377c,false
0xe4b70dc9c365cf99d2ac1cc50480cc62351ac63e7fef68b82360078e25f82a7b,true
0xe09382acafd6def15d061fae17990510df5584eac922cad23471e036d480f426,true
0xb011a89e8b39ac2beea98474ad3585e9af0d8a7caa12bfdf9622ff9f4c4847bf,true
0x801a7a3434271983742b57ea498392af5572eb516bb89e74203073e88cf6d41d,true
0x6d45b04fe064cd00d607862289d6e62431c92d8956ed555f5706025eec32c2d9,false
0xf0f0c1e9ec1f14c5a9af32b860bf465e20a51ef83c74a9384f1411091f841139,true
0x6d2217822e0cc79457679f6afcfc220137102af12b0aee44951ec9efa501807f,true
0x1bed314927315e68902aabb1279d7b2597c817d396e762e556f5568398ff73f9,true
0x92ddfe08f79bd696d9bb6c75bf973ba096bde284337bf44786498f61cc3cddbe,true
0xc999c259bb2bef943bf8870eacfbca1782c757c26c582e463b31453499ebccba,true
0x9a0848cbc3f1a7d2c5809da16f2a8f3ac389ac72d524d5807212637a787eee4b,false
0xe3a3559801286ddb7bfdd51ac55364f9911a2d60fa4b8f72aaaa2a69bdcd3ff2,false
0xbba2178fccb2c504959f3ac3ba61a950e3f58f5c4ec1b7ccbcc1dac69464e3ac,true
0x5a3d39df463e136a9c81daa6aef568ae345e5500f2360cda6b5b61066bdd7157,false
0x8707b464415b7d8b7ad2d92a85756edd6cd51ec0db709c128b0b65a61e7da7c5,false
0x8e2f523bcf364eebe96339bead09c2165eea767af18f0234e7c10b1cd66a78c9,true
0xcc2f6b9fe5160f321ef1877d4c6e22ea78995647a1fa66c1bd47a4d420791829,false
0xb324c4d00c94adb1ff5ddc82ee06de01183470994dc844017efbdb1b22405e81,true
0xecfe0f8dd80a3de971f5dcafeeccc8a5a0cb42e46a2c2c9d7fc2906dbfd8a512,true
0xf68dea11b1e22ce4d7ec26dd7f8bbca67bd6a461633a2994e883be1e4ae3c466,true
0x2a69da6f756eeed08b689b7fd6ea6449252578b5a7020ccde24600e648a7d857,true
0x824aa89e533a243784885de56bde4027f8dc045127f03005f9a6ea2ca94993bf,true
0xf910dd355a5d07aa1b7828bb768eed2e370749abb1cf5acb2e323fc16d1cff9d,false
0x59538a428cf873da792abe071a568ffafdafef4c3bc60e7c1ed4fc6b3ac997fa,false
0x2e5d324582976b2e6810bb8cc6386c27af8cb10899dc67d065a92ff31f281065,false
0x8027bd2c4cd7b2ed976d45346985368771317ac97f87eb5fa1a0e5eac2a8c5e3,true
0x080f391be80260e336a067b33840cfbf44b32ec57a331efd171d0e4b89e6f615,false
0x696a415ada08700141599716dd05a92a64af5813f492da6094badaafb65441a5,true
0x024b43bbcfb21c1189805e1408c0ead4494f335bbe8da6d2cfc8dc63113b2f1d,false
0xfe70d988eab7ee9c02f8f6d47d611ef0ea891af56962115d594f2ba2709f6fa7,true
0xc5de3db87efef72edc5a7c1a6b4e7ed961f0f9af8343e10fb313bc7d48c168e5,false
0xc12249f8e5a072da1feb3574175c9bc4d7404419de4137dc3bc328b01b88caea,false
0xc4ef599b36e1bf6bcd48ac052c6e01e40cad72fb308292420dae2bf8b58355de,true
0x6075e256afe1536cf39ce27be0f50399499f6958074c5e1687eca7a9233586ad,false
0xa3d7ef7945ff56691b2195843a4e4f37d8b8687612f8acffcd1d510bcb5cb090,true
0x59fd1f96eb583bb1e90865280c09ff0e2bc8ba36bf5311611519409a48789f7d,false
0xffc14527650d99f20c5c63deabe57f0b036f1d8c8ae9a52128ed463a01c448a0,false
0xa6af2f160ab0b879eed773f70ebf976e47352ae63c47dabc3321cb28b4cbe2c8,true
0x8b9ea1059f6dd8e0d1cf912d196c14e1ac1a53117909bcf340da07e58e6479e6,true
0x09572f3232edabe62dfb7d36f354f25113f1715df54f220a76dfed5c3b464485,true
0xe058474d864dd96173abcb283838d2593566a594af5a1269412ebb06f0dd183c,true
0x02acd9006827d4befdc8597d1438cb74c61290921fb24a6c3b3071645df3d65c,true
0x593ef0a3addf8bcba030477c79c6753b68aac3fa1479a3b01685f12832f480d0,true
0x73e624baab48a268e822cec3a551ea24bd5d03c99e7af303debbbb120c2d0c7f,true
0x75c7873aa0bc25bed08803a1a9dac9701b77ad145f66d6810ef217990196abde,false
0xe10b95038cc41319e233281ccf289fbeef2820bb49ff70e41b3660a0f7d39038,false
0x34fa2817ff7a10deddb7823e7d88e582cb3e06f3f345608af2fe15d86dbf1e6f,false
0xa317983f19ed9bf3a5c4bd3c4018d29e59c86be084d82bcc0054ca7353ffd9ef,true
0x8171c60a3865aee3ca801eb8895d0cbf497a9b466473ffe0e869da5e24dd68ef,false
0x237d07f9a100a950bfbfeffa11adbd72ea76f068156cc45b70f40585a4039624,true
0xf4ffa69a3a559473c786e24ec445bb3a830c0e90077f363cb8e239f0f6abb59b,false
0x33baca219722e0ffbcd8e1feebaa4b59d1b552e1e235e4351cd919aad64afd1b,false
0x960ce8f52ce852a38216c8433d46be4ce52fe32a04e3968ec402e098b73b36d4,false
0xeb1e84bf03475024508e2f3d95415c2264febf26d5377ed81d7357da6ce66ba8,true
0xe1a91a1198d8aab3b128ed1464020a4a646a1438e3ee1e08376a559e69a8c638,false
0xcb848ccaa1ef3b4b4e8709c097a420b8a3707129f0ee055d4d5eda17efcc56bf,true
0xe10696bca2cdbcd2038142fc8e3bb6766cd3b7c5ecc65f1adf7adde383abbd7b,false
0x92ece6b9668af59182f04b500cb9bfa3429d633035411dbdf55c1a62cd539059,true
0x0ed5ac6c8922cfa27931bf2ef4f1ece96a0ca5c38a92be31bf3d9a4aa10c442b,false
0x4c4bee82c0b3a98cc49b94a2ceb86d9cdeb2e8a94a5feb149391a60751d068a0,true
0xba852172fa07ed707b4f3768f7aad3fc6a6dec910e94858d8e59af44228526bb,true
0xfe814c39df2316f6fc3d313005a30dace95413e22fe63a271a694e55c82beda5,true
0x0d6b60cbb26626b56c89791f04a122e1d0fbcdf720d93e60091b3e5454cd46a8,false
0x8ebc3c1082615eec2cd7052bde7324880618343cee8793b891a696f1ab349b55,false
0xb0b35d2bf51179c37a6ff56467a7d23b531a0ef372277872f269ea6c2fe89582,false
0x5e161539036815e0d361627b5b4643e8bafff15e348ba18f3974db1b32b471e1,true
0x9e6767823b646221999b838473ae3d63d56c1ac4fd7ff005a16b865abf37fc4e,true
0x320c02cd7ac44ffdcd62e7e20f66ffd354c2aae7b8e2864fde50eb271e59ee80,true
0x4792f37781424932fa2c932b7ac1806e733e31710aa4b096ab4fccf92f996414,false
0x47a7896ee5fff5abc9f92410e4efb9bc28c1a4a5ce5a2b6d599f713a4d058f55,false
0xb7530163803d78d75d746423295b67e345a7ba8f64be89dcc8f140b481f9d812,false
0x50f00f0615c3a00dc9f31f609d1718b1dbc0f5da383ec2814d9cf98911bbfd39,true
0x31254a6b1f76c36eff4d5e12929c776e1baf30993ee449b2d5548662909e26e9,true
0x6c9dda0ea5d85f42dc003e3ba1802d8ffb16009a3a43b8fa9409fe718e323acb,true
0x6dd99af54de179fc9981434dc8f3570da973ee3e7bb78620e9bef49b6c7dfc4a,true
0x4d3b86b3871e76decdbf1145afdc8c0f0b64a38c51c40d9513528ed653c69748,false
0xc6e03882bbc5f1ef9e0bb3ecb3270a4a2ff34c85118f42734916792e1518e93f,false
0xd1ce0849954f202daed0a32568e6e7a9757516d2ac6499bb48539183b9eb114a,true
0x55562ae349b2e0f96f77117cc4907cf285c5277b2ed658cff8f62d5b175b7155,false
0x59be6e55b547d920b15ad9114696100939e529953a2575222d44817dbc3bb584,false
0x0ee53cc87e70edca51766ae862193c28bc73124a3ac32d974e09269515bdd14e,true
0x8668bdd4c18e496dfea5d8b6cba9dd7e67cb8a4da98c0c9b020348ce2cc78029,true
0x80ec45875b8c425b92fa34823b11e4a3dc0f678bd2cb281e02de2c5d5b496456,true
0xafe69d229af5d73eb118393d58f1f600403309956a3a5cb1008f45d5aa641529,false
0xf77986333f126d8d2f21daf92c24b905cd7aae1cfd8e699b3f73941a0069e87c,false
0x459e6052f2aa8abe01c3cad1d17a73890d31d9651aa79a5afc63d2a44d82d0db,false
0xf623d7d0919ae120192a63f6bac6fa1421a1d3bdc5dff26bde4654d88bb98d60,false
0x98096d9b7621966aaddabf0220bbb3c1bd8e89b6827abb8cfbb4c9c0a58c0ffe,false
0x10a098a02788b058db45606247a0a644d160935ae6e98e501f3c1d6d20a4795b,false
0x8ef44684059c657a66a0659f345637ff626f7245f06ba5e9d122fbe4f203a0f4,false
0xaef1eff611b5736e5f01d5e9f70ed6a1ce00718ebb964df94bbbf7b5dc0345ca,true
0xf5e7bffdecf11a37106df43c6307f1039dcffc8b1f53f5e550446582c16d8520,true
0x46ca04e691053ca6777365492b945ed7919d1d7ab21c5bf56b79f2bb7615f6cf,true
0x543d5800fd3492d410c7618bc042c50cac6b6c99ee65f4c491b737c9a30e659b,true
0x01fead24ffc41c880030310fbbc47d97a6b147b614c39e1ee149c9e785e9ec6b,true
0xf77e2b29b9a44041363849cb810b75fd30fe3183ca532f1384e4b7fece7fb481,false
0xb673377379ce66f205028578e737041349119bcc3d29d7999d68c9eb73c8742d,true
0x1433a2445c22e5d87a9c7dc4d95c5ab3bde0d92fef725ea17c43a731e475024d,true
0xfe9c43035d72bf0cd78111bc3bb927e1f1ddd9dc47e54c343b920ada06e8f457,false
0x307277d934995f55a79af584277e27d2fbe33898484bd26f119def10e091e442,true
0x96c7e9dc7f89fdbe1b253fc71c4dc9e0dcc9bd5064bc827e5b7f2cae823dede0,true
0xdbedf03a23bc362907bb1efbbe1e892388bfbd04c16b07c2375dbb58fa3f2995,true
0xe70a21af77cf2d0f88baa2f7a5654905bb707befac936ae21ae88c236c6fbf5a,false
0xd17d62895b0d2c93b0e090573737602afa2e9650c25754fa2e1e06e003bd4dde,true
0xd2fe22ba91bdd231acbf5bdda142ca8d622b97b9491332caaeb02b019084257e,false
0x633dbe3ee76b9d3ca6219fa3b001c59de419c14ee6f7de911c63f8e500f07865,true
0x1d2f13bf22738bdd064084b7a5a43e547d9fc9b5dc8ad494d2f74d1e5d21912a,true
0x2b19058f1da26db5fc26d2e2e26dcedff5a24faa5dd83c3a0c757a71e131a32f,false
0x1ef4fe1270eb2c6320eae4d52d42d08e3aa98acd8fbe6776c8a9d74e72987b96,false
0x89d76443c9a11aa194f457d522a42b59865558191b4b96e646cf9704caf05e25,true
0xc09f842cdb2a5a9350ef3f07526b80df38f53faa57336fce0d1201cef7cd7c97,true
0x9cb9d8583577eb19453cdb5bd39fff0926ffc47b499c4e539ca56575cdeb8748,false
0x2938611a4cf9864da1045340ae8d279c6778fa589cf525330882d721b75f7cd1,false
0x47e02222831be91e25c6cc6c8bfd395a28870d4b88657eaff0261e1795143d8e,true
0x5b194585fc47b33e3893fd7d63b85f1b36b6ade3123ffcd61759b828b5952e61,true
0x7c6d2ad73f34b4c0e9065d925bacc16ed12a4607c9b01ca02d92efe35c9a8e48,true
0xeadbf1a0ebaf5a5ecf910e15e614fca444223bd1510c54a959f1a863086cdc2c,true
0xcc859f632e71339fddf04e2afdbcca975806fdf5072d9793e66e1ea5a6f3809c,true
0x3e9376363a63a555454ce2f90ae23ce8ad02ccf3ec03585b550164e7efb00430,false
0x746fe79126439ba2fae71d4b5880b0f50d3c2806351531ab946948ce66c5fc04,false
0x1d24bacb5936e756b74504bd06214493e78a3a8697b87400ded7f593224460b5,false
0xd5018dd346f295248a9794f65f00337366f123817ccddb47c603511ecbe64835,true
0x571c5b60bb1bb97953a37c93b180ce1c73b1b505e077fd9fb436c1c657e7970b,true
0xe5c6eae0527e16acf25c3e6c5656d24c0faec72c5eee48a61a48bb87ea92e671,true
0x40a62cc1fb094080e947bc85694719315c9749a678d3dedd026a45735969f354,false
0xa7fe424b9b7844d27461ce58a859589cc475546df9339bfcc57552dfc342742f,false
0x6b5e2f86b962284d5dd842e166093df41eb9b73ed4ebb62171f72d4be23a4f40,false
0xf35fd446a7f65fa409502b76336cfe059d9fb9c25ee2c24ce1a807b2307dee11,false
0x7a4ba445e27dd5180224ac6463a4bb73c2779fe567b8d82f0d9d12f888065a15,true
0x3844d15b419b8fe271edb3c08f955a884161b1e6eb55e54d27c399acf5bb2ffe,true
0xf930132e7d75c04276ed27a7e49120266720e0e3548a7890b5cba0b48b2454cf,false
0x00090c4d113540d43193dad352c97ca816231cb122ff4000a2dafad03e93093a,true
0x419ea570778007ebfcd042a08873c3b7ac4a22f3073b2189e7b6e0f382f71cb6,true
0x6fe8491c3f9e95ceebb701d300a5be9a1c49ead1627cad3969cfc253e73a28ba,true
0x40d7f7e5865689f31c6fd6b8e608036af5be16ef513caf21ae7c392c2018fb73,true
0x96b73d2ec52a577f0dd6b02d02c0302ef976c358ad5ba0137129fe5b443e9c99,false
0x7bcd410b8f0ca4106b657e8c20ef0233cfa2a21ba2c49a6b0ffb32b71e6890c9,true
0x53760c343c9f09fb92a40dce7b0b1c41733c92cda2850572eee9294234e8c809,true
0xb77b22065030864a8d98b983b76375beaeca3bc2fada28c182f8afb9813f443b,true
0xa211902958b63a3c2567f784bcec1404405e409613ee490695c5ea7cc3738a5a,true
0x36d39dc693e026e8c8e71f3138a88ac8e6f5998d41e901b4f4fc28531430e566,true
0xace39154c108c9364f609571235417649db066d536bd946f58b0a5aaad52490d,false
0x7a5f82ac372d0709c2e785bfb3b6524a63c85c3e6ccb7fccf307f4ebfb0ee6c2,false
0x1176b137a3b6c4dea3dc3038ece087cf18c340dea8e939fc2d7ec8daa7527069,false
0x2eb981b45638beb075142381e84edb8c3a94fefd38fa1bdb0876e50576fb1481,false
0x7be782740272c2462cfabe1552be72387584b0613fa743891dbe997ae9784fda,true
0xf5c6545dd90d293567bbc786c4c1a82e10a978a1281f4fe0c3388bfa030b5f7d,false
0x8009488122e1c00853ce10c6ad3b26e500535aeb7defed0dd40a1fddf8770607,false
0x6065e059b2531dac52f820e53a5091eedc6d75797f685ee055fe3ffaa10b0ff1,true
0xa722951f8d391eb96e54ee64db5b280ed17ca5ce0f0f2b4221794974435d1246,false
0x1ff086be9e88ab98924a0669aa92dc251aeb840720e2e32f3d541741c926b537,true
0x52f4182dcb8ae45a0cdd74a67c3471cd9afddb70c43d4d2cd190eca0dff90460,false
0xc6728c4bc972d380d816f48fe22a6e85020b4b23820b9227591d38b33b0e428b,true
0xde4e318a827cfaa90a1752b1d838967508b296bf4833eefe1f0d3aceea2535ff,false
0x70ceb1fbe35128af75030c2f8ffb7b31f75783049df7c57c97963b14c0295900,false
0xd91cd4e43e8f7ea249f34cffe6e4d0bc0a10c5c17df322753785eade39636553,false
0xc460c0d58580e532b9e51f70b4f5a00c5d38073ee3909b6d0e38edf09119203e,false
0xab906311adab7ec3377599f2b0a747173ec629eaa9cf02c5a86bab718961ad5b,true
0x2e718ae1426eb5309d08438c0652dc869fa0f412ee8aa3d8e8bce67aee44e199,true
0xeb3de290b05274217863dfdb4b0ae17262ff5df5276e1cb1a023f8cc2d917852,true
0x727f2c918acbed6fa0f9447a33379bff81eb7ccb618772009ff99f2fb999633c,true
0x922441b23b6e87856d4f1cc27d15dfc1c50a383e0ee6c45073ebe719650d3eb0,true
0x774a178f527f7e76410380fdae14b2d535535d30dbe6c0e658ec38b27bce68ac,true
0x0a39b092a670af4f47a8a90e5c312916d6b6361e980125755e12516d54eae216,true
0x8bc415ae1b1453fb50923c1028a4a53a1b527b88f02ffcec0f25d590b66fefa8,true
0xcc691c011ba322162a894f6138e43c0d58d87cd5c352f6a3ade9bf324c87596d,true
0xdea030222a2a40e0f47b53bd24f18567f87be0eb91ceddde4749b47b4a97644a,false
0x3754a218ca2dc6872125d6afc673a5758e793faa7dc38b656af0866b4a998f4e,true
0x7b465f8527b3ac4709fa0176ac8c0c89ac4d2ff78d5a7306b8f54b7e7a700b44,true
0xe021b4a4b0b2fb7970fb0931f88aca5f08dc0904a98d4dab52bd09bd8d1ecb2d,false
0x0dabce5a649aad5258b4874120c11f2f4aa1543b83d2204c44e81fa68bd66d95,false
0x1802e8175f4deee37975cf1aa878a482f89000e310829f1aba067204ebf1101c,true
0xacfe9f6553ed7c675c4b664accdf22abe06f7de3163829ce140f7d0855d39c57,false
0x702cb1f9d9b354f9c127448cf84e0ff707bb023294891ece1ab0fac2367de60d,true
0x2d2748b7c42a17586f8a7dcf6679d35fab534e9682a3a70df652cb607b69d8d7,false
0x620e6b4ff53a6480cda883e1a2e795c3dddd3399732793a74b16c7ea9195ef61,true
0x9dd623bdbb83420e4913ad631abc6644162e6e46d7c7f7d6093a6055928943aa,true
0x70cd61205bebf416802da4af25e7c173b73f8ee3c176d7c654d77886e56e2f01,true
0xe3b88a38dace8079991f465e98dccdf4f2f58f2cf9abf2fe934787b15a183cc2,true
0x914fff214f9c4addd06b34bc1b13721295c83c945909e2b5f0bdc83289dc598b,false
0x1aab5e70ebfe0709e199450ce1b25ca9c70b2eab32b8398ca899a375d478abb7,true
0xce76efc58e3c4b7f709cc744c0129c62cfd174da8fe57500850864da5ca6181a,true
0x6475ffe8ddf754ecfe393c05cbff3a4e9171076a524885b7d36f4785fbc5bd1e,false
0x78706a9f15a5b378c8a9838f8307f2da5adbb4b4c67fbf17bbe473e2288eccc4,false
0xb79d3e1fd1177e52f54dd0127d6fcb79e7c44b350eb3b0a8ab34a35264b88091,false
0xd850754207cb858d1fe16b1d0b0869a613f0e0d10db3682c4452768678a86d9a,false
0x9edc66e7b30d62ef4137daffd81e8acac72a2dfbbe1964e822337939eccba070,true
0xe3711f04d65d113e23796c82c88e8c0207a7092df1abb39aaf1b43b1b6f07ec3,false
0x87ea8395aefac204aaae4567cef7aefa64da0485a62f68be6f57e58427b4337f,false
0x301090a0b4d39f9803da12497dc28ed472138e1dda6739239ede66e2842a0dfb,true
0x3b0560d3a32cd0526cd3cd366a2979a334064533d5a74da9d9c17a244f9aaafe,true
0x78247e75537c93684974e0a8e15a74b28039fc4c9e241f623e5f7af21627e5fe,false
0x6a6f724e4f3c62a96f8f7bce07f2df61add019b4cfd78f7cae25b226f5c27bbe,true
0xdb4f2c7f063fe7beb1ca63a753d43152b0f80f0bc9e28143a101f5eed527cb7a,true
0x2be222caf2090b52887913ae6b219e2f334e7fd4f1ef21fb0ede8764ac1d0171,true
0xc5f231df290f5b66351276b748bf6da438b52a6d41351b0afb55a23686da87e5,true
0xc2ca285a9c014c55a115240522b883a6b8487f37a671e5ecbdb5652c173c8c9d,true
0xc18135b63f5a68948f7597ad85d102dbe2665b660360999b2b02b9c38bd88a92,true
0x1667427207c07beece965db0589d7b55d0cfcd574b2d4c589cf250de2ed42dd7,true
0x5d3a8b5e05817156f74cc44e6316b06eb5d945d19b5224746ce537154c9d8bca,false
0xc992e02a2f7c07d76e3e04e8231ed4f77e07ee5096cd892dd320bf99ab3acea1,false
0xc8d0f2a981e89b4299ced03f8470169fad0d69f487eb9b33f20dc1347974387e,true
0x9c6a931a714639ab194dc9aed8793c569795ef67c193620ed0a16552bda10f16,true
0xf04805b082b48096e793bc07fbed9729a7356b7fe2c6ce42bcaa07bda6db5184,true
0x5f36b26e239dd05e59c10b82b371516e79b4fc9c5ba6d1902cc937ed5527bc62,true
0xb3bff8c5b4e8d0a075c57916a0eba6d7c7968bd0c38cdadff0c9f9d0e1599160,true
0xcc581662c41df923c6b5b1d08327d8ac996bc7417951a5cab2efa9196bfb2873,true
0xfaa3385fb6e0a4e64cc3710bf0afa0b849aa78893f3ef460e74c480388c94cf8,true
0xf4b152ee14b783d9cf9e45c1dca3664a94137dc269c260f8577fe6b87edd9f1c,false
0x281b0b07415f3991d7f7f9fe802ba3437f58c6221efb67a5df0f0402a3241dbb,true
0xc1268241f9bdbf2ff61d921890f365259a9756476ab4f56289aafd49e21e479f,false
0x5b8b912b3c8dbe8502c3ecb98fec238e45b9d54b7573fc8a055831af03316d9b,false
0x2b8bad2dcdc73aff7c128dc663ce00a51a75d22060509ab19411bb85385b37a6,false
0x2af41a2ecc6ca2ce1d33a82acf9543c281df53e9bdfa6e28f7a1557145a774f6,true
0xee51bd5c33749e9373c9616f73e825a179ee644fd0f335271228e073589002cc,false
0x1a6a8fd579500bf34af4f849504f395f55368d20b9e25b440522e18cdf9d2a8f,true
0xe2e72bb8a5fcb013df24e4e036f78d8c6bdd57b8557cdd2e7d4ef4ccc90b947d,false
0xc338a02bc6db2a9111339884aac67e6318c9262a946ed6372a94d60815550493,false
0xf53a42c21d03f6b66fa4fca1237d1bab5ebbf18a5cb74c4a8b354fcc25fa87f0,false
0x7163d8d27279a063f477e1bb0f0ff963965a0ccb6b793a4b96b1a7d102c49d17,true
0xae41c23b969467c920839bbf0638ab9ef7382798b135c245b79752fab00857a8,true
0x12e422f713fd2158d767a37d3bedaf081fba80da64910e13e792d29e22e4e35c,true
0x24d0120b652272cb343f54b30b02b50b816b78357f0fe31fa97b9cb6fb1ae357,false
0x6f3b470f609c017e9d4803e7f1ff9c8c174d1a763f7491cc2c860a178cf284d2,true
0xbd1d25c222c09797832801a8a73ec6b8ef95b155b51b7ad5d49731d693eb2eb2,false
0xfc42f905b6911ec94c218db3f4a75177bdcf2b672c96d7182564d26cc7d136ee,false
0x105704254a7060a7eab45223ba403326770bb29dd87e232fcfef2ec94fe9406b,true
0x5f99bb305120a0f45167bf26739df429ddfb667e4c2fe3e6c6f35c4f6a105267,false
0xf6ad163c843fc8e89dc34f8e30f4e5649bdb03a2a8eae6e5952b3df2694be020,true
0x157745dbaf4c4785a9a05e7b27666ae739e38d578ca039773ef1c804a1d73e36,true
0x2ecd9a3e34f4b0673ce0cc75fbd578d64a64981306e47138d1931e43d9953dc6,false
0x0fb74951d2c7dc4ed358ebf6e55232fba91f808d5a73e9a2650ec10c9bd7ce36,false
0xa33d14721ece2b0959333b8a83519e3c16316fe8328b3195e0bfc93e8e6c2199,true
0x8d0101d60c200c9d05e1b3362915c141221378a53ce609995accef8e354ca6f7,false
0xddcc63e31180801ac33ff103432a1a339d3d89fec098b5db81e3a7ced5c4ef72,false
0xd34035df249d959e179e9eb41ab7e15f9d1f799193483720cad609dce1f59188,true
0x8205707b2fcbe45307df6b91e68bb8504509d9770b6228f5e2a0f4247093697a,true
0x6c297e22ed86a25c23a67f290694e856d48d0f2ce1ce601007877ebd9a77c9b2,true
0xae463605022b78c23bc3401049f315e8d651affa903ce60d6e58147540183374,false
0xe4d74d0e4fc0163d1a0cbee80dc0b90159c3de3472c2b24cd1ab4f323f441d04,true
0x5cf56f6d62be13380c01d4a47bbe8cfd4f8e0d8165923f9c71943df438a2fb00,true
0x46466e0b1a65b4f48ebef5480385c018d4185d9278c7eb910b47f6c6bd11ef50,true
0xff4255b15f20f20b1a465dacf3ccf28c58428487f44f5e560cde499a799ced3d,false
0xb8933fb45aebd012e3dfdc8ec15a76628edafb1820d25c43a70a7990e102e1a7,false
0x59f36fc17b1aecebbd379f30d3fbdb7a54c82cd2ac1d73517e72a208849354ad,true
0xf986a9f414f33e8c69f8feafd726f2e06e77ec5a521c4273af9472160431c78a,false
0xe6c0397cfacfa3455eca3713f93d3ddfffbacd2410aa205bb49320c17852f7a4,true
0x498bd2ae8b9d5f080097a3b28ba97c2d884e06acb7f6a8f9068b29ba4f27e0fe,false
0xe91b790724942394d41f5a0bcfcc296da06f39d572a8bdc70be5fe486321e313,false
0x33eebdd24387b5fbcd22248d01056f345854acc28a6bcee8f62fffa21d4f8620,true
0x22782919bd6ab307f258575a1e2730b5e470e6054c36ba8095ddf79db1582e20,true
0xa2b6229f65a322305616ff19dd08704e232e036755a00f6f0d5d4b52387e8d14,true
0x3997f44e07e24203a6f87d9a23f2ef604bfded87ecf4e4e4537fa67fdd1767c1,true
0x6eff0f63e99c5520cf7335a4b1f404a5d19dbe71e36c1277bd41049455fc5e20,false
0x73a469d00a89355441fbd435d7e0d390d0867f9a6d385cb38472a29c425d4fbe,false
0xd86a6c6e8ba88e09db3e2fa0edd62d0b3900c0ebcda8322ac3aa2b1b9e1700a6,true
0x2308d17a99defbae04db3df7e5b49f9b85fee23339e5ec1349d3bba726b59a44,true
0x577bc1224878be009120d6da841ca04cb07700f297eb533a77b5e67505e81ccf,true
0xdf20e88cf269e70bdda5e7b866eb858966f7970752bd6c6a1f339f31478f120d,false
0x7d421fa687c5abc7996561eab99359fef18d245815b24fe79a307b4f63220230,true
0x985d21a8fa5bc907b5f891fa7911ac451ecac77c181ea3a012ce3405dbd0ce95,true
0x75df2581e264ab0c12484a527e339a4b962a9d0bf4d7c0d88c7cdc4ec4c51847,false
0x047d995997a6b05b7659aa5e91175a2b02a4d1657ed8df45f1b5a5a4a106b3c8,false
0x3b47cd70ce067ee1a2f92719151042b4684836f8690bdfee392b8f24d0dd993a,true
0xf11c1339c22f3e91c362cda22d4aa7d7beb3cb9e6276b65fca96c2ad8ad84903,true
0xed70b9a145466b444508c7635c8705e5aa20f34c1575f9680ad127f3d9db5b06,true
0xd08cde8ba98dc00d3722650be32584ca2f644562122716287ac72f756cd5468a,true
0xf5173a9ccd0a88955b40f5726ed58b191a8756b26f336ff78f1f2478ac5fefe9,true
0xa8189fcbf5d7480831f7fe3f87b6ad3504b5433c3b081777f5477e6f460f0867,false
0xc39d7e2f8456ed2b576fbeee8fa6950c7acef4591cd2bacb4d4106b0494a1607,false
0x235c24f6901a4bfa0f0b2543de9815e8bca1dad059db65972973f297e0d3fc67,true
0x2819ba1d6e9e903f694181d02b1976a2c13d9817e9765d79c34f27b831ab97f3,false
0x10bf42b5841238b3aeb93a948c7376d1106056b2bb265d24c5669f6767d9f00c,false
0xc7b4db1a1462652ddf04483b2fb8a9b6bcc629057d1df59d02c0435fbcf9c9f3,true
0x54e72fb64c997e6205c14cd25d098bccc98635e47625d544f575db5e2f9631e5,true
0x86409ebb68845aa45f3831b78592f89f6872099d0cd6b4f0cbc7e4188dcbf048,false
0x0d912e4a84c91538aa3c475b2cb5e09e07b46a9b608990119a5d8a9812fad193,true
0x45484b450d0e48116d3fbadc8f672f348a624dda15bbb17388e181693e3127c1,true
0x8e88e1e124a7669f004ab93bbe66e2ff2009923569d2d6292361dcc8abe6531b,false
0x3e510f8f26f10920a320578475692e5820e3fe0a4c65856a31a020351bf287b9,false
0xab1ed5bda56fefd2db4b4acdd1dd5d3dbeb19c527f52013a59ac58493ab59fd4,false
0xd05bf6ddc0343a23c3a1e9740768b3d246a2db6f57be15a23ef271359cf46d74,true
0x06966d1b93ddff9a7bfd54d4a71e5dfe92a385a25717b28eba528a8e04331781,true
0x47e1a5bbe61cf2537d78f94b8ca47f60ff3b1f289aea8f8933fddd5080227340,true
0xd433b7a0d2275d3528f5867a79e73dd0181aac73b80a0b3d73247baf209dc5aa,false
0x2800080272c6f6da4ee32d6d281c81da8676d796467026a37a3ebc0111f30edc,true
0x8723cec38a350ca0a38576e81a122a57a0afcd7c0df13f23ad16bd17fb9c5b9b,false
0x2e9d404a2b00137e55c530a2376178a87a89c924ab4a0e76ea384f17bf42520e,true
0x5e7dff0aaccdecac26a1ffb6abd9b989e281f255bd5e84b99ff1fac35606af97,true
0xdbe2447344f652ee4b11dfe897080c882bc1452316a828b7bad8801666a49d0c,false
0xc54af79a68173ed21aed66f843677660f1a02badbf158aae2c208775012550be,false
0x0883528bb0b880f1b38fa91be6acfeb8c229e9f12de4a9a68865af8e88801842,true
0xe8697ef0e8adc5ac48c3cef322f4a9d5ab1cc7cba209b2a6da05776ab0872a18,true
0x4bf2d85f3bf1bf83e6f9954110c13679d9ba68f24001959215f2b26cf439c1f6,false
0x7c3e4b8fcb2fb44943cf6339bb7d95cf747b77ec50b50bf1e0c872b0d5fe95e2,false
0xd99cde0f23933f8a2595905051b4204ec58fe936329d8b3da3d5b6308f2c82f3,true
0x101d5b14c1fb18f8d0ee91c7031e7261b54d2816691b6b48ae51ff7dca12d104,true
0x10f11b0e377422c9edb7eccb07a2dc74f0f69b635ad62bd6b8b339983e2ef3f5,true
0x552f9a56232026dd550503b9345bca961aae6f1f780d38e0ce3634618446176d,true
0x0e9b81c214952ce9e3a13d8e519d571d506cd6c0e8eab609c0d46389354f0990,false
0x9f6f3b39c6dd93d22eb3a9f34ca9b6971516e15f4aeffc55f72bb2b0f9f9e222,false
0xe4ada39ee960c48d32225956173b4bb22a3f2f6c7b3fb012f9d55da1fadb0bac,false
0x74ffcae375109fcdd9a2a197d5da76e0e64d888134d210516d7751e9b4dd11cf,false
0x9aebb2d66b143553d6fb184c91c283f94a47d8ccb4215a4b8cdd0850fb11149a,true
0x6bd7af798e4005b524e0ba0087ca943c92926f309914151f1dac22fffa49e85f,true
0xf5017506fd338f222b61a47191c1505350ccfce64e3ba69c580750c96f9164fb,false
0xd01226810be4b85182ff2c1a8bc4fda5e9aa74fead32f0ee0eb7d0a3cd61c428,false
0x8cc081fabb6d85ffe491ae80ae093615dee17abc3deed9f523c2cba09331c63e,true
0xd5d89d796a1d34e2530285bb872725734af2a39ab28075216aa76a16884471a9,false
0x1a51ec4c4291681d3fda50e09e62bfd340545bc9fd07d9ac7f6341bcfe245fad,true
0xb24ddc5fe2cd56c450cf2977e6e1a7a59d1d1f59c1884ae53707f482db01640a,true
0xea36a559b2579f65ab585177b39f8f175eb49e6947989ed09b2cf43fee0ee335,false
0xa47030457a6759f22d3932ea1ab08107c99a565688244ff08c07813a25ddf273,true
0x917171ba4ebc47ed6dd81e473eb6261e3ede1836b7aacb6222a4d75e7ca4e16a,false
0xd7339d2b4cd33804596bad603c93f91822c6029ca4f74a9fcf4a94c593fb5f7c,true
0xddc926e494a2c5a6eda276fe0924b8f72cb45a4ac627417556abe35965a481fd,true
0x575d69f5cb782b100fcd8d3bca22fc671fdccb63a712f08474c27777f849dba4,false
0x0834333ab64132de47beaa68e99ecf0898c90c40b68ed5ea82863b7f773b2582,false
0x6fcba6939f21849540b2cac039fb758c0b9a4b6ab3ba9a7d3880b9ae9afb8404,false
0x327b5f546bf0557a2e0efe10d34c4f57fae5d39f83afda6506db535a33b201b3,false
0x1ceb4b5f7f3f336a581af95c49fa31673cc0bece72e7c4447c0d61bc9e8adc6a,false
0xb7f6e6c41e9cde1690f86d7401c0eb41b1b583361b9082e48aa52f494bcc317f,false
0x90cd5811b1cf9463240e1906c568f5bab74903c38be50a1e903227df82f72215,true
0x45a544a2608cd6eeaaaaea4b923358be14c43f3e573ad3d13a863f82e09ecb5f,true
0x9d2083547bb28c10e6ad8e1bcdc0750a1c48e87c5646a900cbf3360fc2d9d2f1,false
0x2dd70de4099e48a458675d62ef6c5370f81e3a47656812c75241f91a25aae0bb,true
0x1290b4993124086e562e60511d7270d322af2c8cef9672e0da592665fee6cb93,false
0xe0789bc076e775ecec30d60239abb9a21dc7971f098de81d6db59c3e6bd6b921,false
0x8a91b89cb2c033b24154fc20e8fe2869fd0dbcb5540f17abaa6375deb1d25764,true
0x8a1ae1db30e843da925df27c21c49154e3eaa2511d66bc7a6a5a72de26484f05,false
0xfdb1689d8677e674cd70ee6e42f10f11a5fd82648b45066b10ec79094ad2f9d9,false
0xce2f5d2bb34a443cf2ef58caf0accb14ea8b357ba8bc29f729a612fc11c094da,true
0x1bd8051d40f13d5fe20747c55f72ed99f2c9d16d82f76f7bf660c030fbaedf9f,true
0x873bf1386204d421143de8f42ccaf4f5316f5403862371b741cd2644ae76bf63,false
0x305c77f38cd3aa1329782f7fb4270512e6818367dab640043c8c25aad8ea3ac8,true
0x7a5fa727892dd0e0c7921f02c65ba9c96d0c5f6bfa887e463e6ed04e7fefa44c,true
0x6dd6ca99494ba5b261c0c3d866aa664b8365288e861216e29e5b420cd233ecc6,true
0x5192eb128806afe5ffa6beb4ffcf3fe86955987351429d21376f8f49ef21c98b,true
0x62ad10ec716f88a59469690e598faa6fdb7b0a81e112016cc371dc5b6a401b66,false
0xcd6d1e17df982d98eca84b426ffdd5f59b95b423abdbe5f38bd57af03ab08a72,true
0xed5c5bddcd3d9e48f7da09b32077c41b8770c891fca806d1887e3b2e86a555d6,false
0x2a591e0fad6b740bb84dc4ea8d1d971f27b0560703be7df64d272e248a2ca373,false
0xb7d1968016ab3cb40e9fd8fa535e98e8aad82fb8fa2e1dc241290c465ebc83b4,true
0xafabbb37cf7920ea3b75203452b4711e2390fe3f745782fc6ba706c02e0e3cdf,true
0x8dd1de37a8d2d8623518fa026055d22aeb4a87edab95266d586d8771a225f6c9,true
0xbc1f7e373bf08759c8034489dab9763b571c15bc5424c876ae4978279642a896,true
0x3fef6d556887c460a0dd315a298d037a27690b438a874d05037187d47019619f,false
0xdd91d10a9fc7d27eb04bc3290fc7af0f2c521d7d653adfcb7fd66e904376fd2e,false
0x7f473cfa28b858e823b9760adf427c83a638fd6044e59414a7e21c2e6611c52a,true
0xff5138c1db92b306da3c7a499883679f94ff34dc796384859163643402c3753b,false
0xb5deccefe95cca624844dc0b94f3d162e5d381042a4008d251433e41e5a7ecc6,false
0x526d0e221e6d2326e452d787959df7641c01b6039b21d5eee59fede23c8997a0,true
0xb51869e8fbc40be3082eb98987181172ef9ed118ecb3891165349c1bf56311a7,false
0x1eb714b63f1c1daab3316e74c79eaf4e39b3cc5d147ed6f6c1a1a4aed11227b4,false
0xbff4e8574708cecdc2c04156a2e96259345a3373c0dc99fa6c1b454448fb726f,true
0x4999cc22f7ed27efb407092d7ce5d99f51ce633f83dba0bec62a400992cdc465,false
0xd8841e9035f4ff2a059bd7e22faf0ac9af7f693e676cd43abe89540514aaa61b,false
0x1ddf1f80f0911e409d4d8f4d99851feb1697358e6201b450f7cab79f82b69853,false
0xc6455a166e0b36681d6d04c612ffbe9255e0191bbf782e39b1778b2d7f8c2f1f,true
0xd6ead932b5054d31d60c09da81be4194ea43585ae10718cbc18865babcb35559,true
0x6e27fcadb482cae745d45e6ea6721d20b289fc9b752db392ccdc7f618c4f63e6,true
0xcf9675267a9087977c2d07f73cf5da573c8927f6b4743a4756d48c9b5aab9b92,true
0xa22fc679a174a64ae0d10a8cf2585c7d7c5b0e0aa5cc151d5e9eb2e9f00108b4,true
0xb8a1b090f0d2a5e770345df865e4554abbf45bbe4a62bfec1cece02efedc3762,true
0x62b3b56af2c7db3f003886f2632a2caa86131cc683a45b4180cff7a0d706f1d0,false
0xcdd9eb4b583ca0283d09756d8a430bfb286d55725c6194506fffe6f40d6d58b3,false
0x857104c711a81a4743eeb3b7aafe04065cd7c1be279846826d990069a6670244,true
0x05678867cbbbfc99e1b57499420bf7aedeff865d16b73c21c514eb303f139668,true
0xafbbeed4fd716b04f7409d381b3fa5fdda005e659d5d53d63c7cf7bc0806efd4,false
0x38313f615c7a15b3c3f2a317fb086f79b5d5ae4c46c07e744e33cb00316aae1e,true
0x7df5ea7c630a9b59a93b21cf09cfefaab07bdaa70c56ed01d5351c43ae8d5eec,false
0x5b2e1695c4d370705d9e0edb03aa8c5d7d8a02a542b99e1fd4383b2f22b7d4b6,true
0x0c90a497a56458fee1112aac0805c796c6aaad19829d42c75c823270bcf1fd1c,true
0x662070d344b324761acca2e7f049c18b615c106bfab3e0a51cb58834d533cc3e,true
0x92dfdb98684dc8d5d57da3a4b06470c75347e7638fbce414471376934573fcc4,true
0xf232a54eeb3c2c21db85820c7d2102c262a9a069363baba9c1f2b05b1d9abc65,false
0x37d742fc4a244057ebea7e6ed2773bbf804fc973c4e9a212356e8a12b0e867b2,false
0x8d5bd8165b01e420d895c735c08c7216eb4a4a44f69c895a34dd7d052f897941,true
0xe769a8b6987eebd2134360b618420ff0cb3071857c5a04f782ed226f63f46464,false
0x664ec5049d01830135328ce2a0106dc0f50aa943fa21fd830e3faabc6e90bd1f,false
0x98edb131961d2566f1b8e5a5a363a966f2a6171b0e703bce78dae0415296de70,false
0xbeee49b16398b73b4659bf9f0bce0fc16be7d12f50cf7de889de24bc9f47236d,false
0x3df6a05078114a3aad192dea1521253d0f8a2f23e4e88ccbe01f3f1e4927de87,true
0xf696d7e9a3880bc3f4a57a5363a4acf833dc55e15d694a94fbafd818cad9b6f8,false
0xb32fd4842b2b5d2cafaaf305c827fc82e2a9d93a061cbda3a1f63597a3d4344d,false
0x3c6b81882ee9efcf6bbefecdaed5e9f7f5ea5e2d88550b73d254b01286175c06,true
0xa7c3cb9ae141b81cf563dd3338a00e73425bd3aaba5c2b1c7ed50809c19e6d3d,true
0x01f66f62bce63cfd37085603b2efd649bf15fdd0ac067578d741f0ae397760f8,true
0x650c3beccf8e46465e965f3128ebfb9231fe9750baaa5158cfa4ead61660c4a7,false
0xd2094f0e6b04387439e9a213f66cdbc4c78bdcf5635862ce76b3369fdcc86f93,true
0xe4049c96798528cf52557d32802ab098ffd173af1f0c9db6bbddc69228def79f,true
0xe8182a5c900656961f4482a9bb11ec90f6565a0135208cdaa17b55e9aad83e31,true
0xcca624312200ec05c4ade8bb7778c7d2cde39dc3b22e04ca7fe59327cea82922,true
0x4f7a5d3152092e12be9cde73f93913e4cf90e8b99adea26f17ca113b096ede6c,true
0xc5dea6dd14b61c64fa5863548b03fb10f680ac7cbc9657b6a150ab0ac89305bc,true
0xd6d6583d4745625f54fdb762dc9de4a2af0175605b5fb7162a8b34009abca8fa,false
0x83f8408418bc810c15b5d3fbaea91279f5a379773aa1282713845c522a82a1e7,true
0xc3c23d674573fe4f5d262481db6bc3e5d1f824f31198d35bc849e98cd6f689c0,false
0xe628371910ad2b4fbb2d648e38680abb3e08c5e8f50466c407a84ba6c4aa9c36,false
0xc0c6c901b9faa479e1b85468f893491fefd96399ac4a96d362a5d30450a4bdeb,false
0x8db417808062080990d520c7a83e11550622ae09d017de52910f92967edb2266,true
0x0f0cb3866139580eef2c49ee58f95e7e66f37044f5c8c6f97788f32c02ae2d05,false
0x063139df9267f4ab3702b8c1845718ae8d0d182f20f49bd2bbea187e695b5778,false
0x95fbd0146ce8b67782ba364d478a3d73db98ea7bddb22530c1d5006b044de2d4,false
0x1664ac47d883bdc18bd583e801daed38a948f95e41ac73c06ea4dcce04fc5a8c,false
0xdc71026065aa1a96a95ec2e818996be2ba0a6e1037d9b66f65689b795c3408ed,false
0x2765eb30dd44c24862ddbb86ec98445430a7b8e4f8a1321ed5905166d8ebad6c,false
0xd9d0debcc9e0b86cc11e86aff879eeba5f0496be1e7607771d8247484aae0043,false
0x9f34059d7ecdbb25a5b003910c8407b791f5cfc57d26453be335422b7d27f96c,true
0x8d41feeecc59fbbe1896a31b0975a8264025b9ed1fc6f231cbf5794a8180ff12,true
0x86571ffaddc30ace0472c0e078f7ebe0b4068da30475185429ae0df695109482,true
0xf2bdefc3d3fec2082027d9929e0a437049d4132051e26de172db16a292ba71c8,false
0x8be1ddc86f4592707e8dbd6cc66e76bf7935a97c0654e62a606e4b37f9e7cbe6,false
0x8ed291f05d75e92f0aa469a6c14ae5083d1be94da5248707f8436e6f3bde6a01,false
0x8669804d1f629a784cab39abd8bd700c15e2086e8df6758c890bb75138efdadb,false
0xc14ccd894ada126983e5ada7b8431fc6aba4b88b88a2105f1151f7e736cbf494,false
0x04dd3bc5f01031fb69e694436599bdcaedb3de1e57b39c21e0bfe8cdef9494e5,true
0xe7bfe2211e9e370995a61f1577475ec4dc187e393e95b5ac9bc2eda9f5cf93de,true
0xb6b17b6b1a70ce5c1647913aef32a6f825431fcf194d3f93bea19cdad9cdb386,true
0x50cdf01d664ab8bd7efeb927dbf9e95f678046b47ce32ab326ae4aeccbfd3654,false
0x6c80ac24d01140afac3a59eca2bc6f8290669fc80a311206409e5689a0b723ca,true
0x7bdfe2bcfec7a5b96651ae652c4a6d7f800e4436235777dce0bb0812584c6348,true
0x14f0654d2e9cf80340cf88763dfb11c2c701a044e1bd66a609ead5b06b772089,false
0xd3d9a6428d4b46c51b73a7946667c326482903c7f29ba314ca60093451814df7,false
0x2a18add3e0c64872edce6b80b372fefa34fec9a27116d278f2c5dc3a9798fb5e,false
0xc0fad02d986a75595e6fd7052f49284549153fdcd45479e28269adfd879dedf2,false
0xb8fc635fce639170cd3d32c39ae5f0627ac98f4631417ea15bc4179894dea74b,false
0x7339ba6f08ca955bca8c3b707e6a5ee01cc4d886ec37965213fe5324c5fa4f90,true
0xa1ed9910eccd3e145edccc27d2c4af5b753512a377b7918f65c9eec694051d2f,false
0xbb91023bb962714b5583a12537fb649025f3b5f319deebd7402c09de850ce6cd,true
0xac704ee547c7c8c42c5220937c33b76bfbe471e150b1674625261742b10fb801,false
0xb4e547a47fbd8422c14200e30f323bf6d8ec72e4e25d8a6dc50171be37d1234c,false
0x3e14380868fe34cd83e2337b6bcb883a78fc2665bfc1a086932c11a82acd3e9a,false
0x342d6aceb923a68913dd754d17d3ffbfc631ca31571acea8ea9844a6c3753767,true
0x598cc3ebeb2672a267cf046dbf04b6c5ef1f71f67f7322c586c0c63b454fa707,false
0x06b42105fd791f03e4cac8acf36d0a78293200a73ab5c5d4d5a8ac0c176e37cd,true
0xd08f3d6e8a723a2fda291571d98af2b427696995d1a181b75792c384c0be8eb5,false
0x16108cc9336dfcd37fc99e400354bd02591c4536979ed556930343b899d7b73a,false
0x37cd4e3f71e5b63f4d683ed88828eb6e2d85ee65fbbaa320c391f8145c1c3f56,true
0xe17a22d2ae14f491f14cc400f227e55f0f90c9f72e46c9e33a27af522ad3aa2b,true
0x44b578990c52a3aaa56d959306987639588456d763ae394745fc819b849cb2d7,false
0x8723584ad1f42a7ef4508ad27d3eb54426e540a9d8eaa2dabba030594c603d19,true
0xdef14b736672f61151aa5ee6ad4fde3f50ce5da5554bb23db9cb5275f413993c,true
0x4f9c0ba0dcfb24c53cb726d122e37aca21c7e543328d1ecfda8a4aa4abc4c8b6,true
0xce344d07fd974d2d2543324d2e6d35e2006f9c5f78ce1ed0acd6da6905a8eca7,true
0x031149d7f7daa746e6789fb6bc73a8dca59a2e2f3cd706be89ad0d8f84bdb2ec,false
0xf89cad8fcc658250122672b03583bd0ff10933a194d9671af05e6c566f001567,false
0x86bfcb49a29968fb57646fdc5ee5f591631658104922a107d8b9dc8b4c672ec9,true
0xfabf8df56b78808d4552480591a2a9a1eb0837cc16fdd814f054bde04b0ec9c4,true
0xc4260edd9796a136f654b941c0f9434770e09b7b5421322622e75221da864d7e,true
0xd7179baba7c4f4f859bb2997bc094d38d9cdfe0b5cca0dbc8835be525080b9ab,true
0xe7482aad6d7f3b4f3ed4274a9f87ec7ee42a5fc63a6883eab91a21625d200826,true
0xc82a9f2eb3d202eca7c4920abd0aa87c10df10d7ba2ed372d51d2201b9a7190a,false
0x0b619415be2c1634d42561a840e3f6da77fed89719130cef88c6d20bedf94fac,true
0x768f4b3e2750f3b6b13658d33427bfdfe9f3f6966740d0a4494c42e0868e0511,false
0x24659c8266a60ed953ec3344d53e62ec83b7be50d3d712d0187b209713f6e906,false
0xaaea78679a63a690b7cd6dd4535e1855833d4c1c261ef1fcbd811b3ba0ba55a3,true
0x29f640961257b41796ae00a3d223b51910cca20005c84d28261b089a7f25c97a,false
0x07e1d2ff49ba0034c1f8b999b30ed9733adc94fa9d7f58aeca58c1c5b4d4df01,false
0xb7ec028527e034770b19d994da80e002100caf99247f38ebdc1778f3a3de331f,false
0xb88b7d6fa7ae34206dd56cab0ea219d3e6c9da1bf03f320bd9bf59e60d5550e9,false
0xcaf5c7a1367856b25f6dc2dc6060ba75797f4a73286fafc6727b041553f60bc0,true
0xbef5cab4c0434712422a3479df245099fa6f46c09bbfb399defc632e915e6129,false
0x53d51aa3539fbda97171e4d5fb1a3ed495e8c9d20b03c48748f5f15a2cfddba2,false
0x3bd5aed9c7793862bd92e99567c143ac39fc96e9eb1d5a5f59cdd3007271b6af,false
0x3e45ade846ba7b281b877360a3514cb2c87b98a8bc6d24df36b78b88bf526b63,false
0x4e7dd16b5855a26dcf5fb659be9a59f5367ac63c59946076bf507f6fb877c495,true
0xf1966e43f01f4f7ce2d107175f09e8ab4f50a655cb022dc5a1c49438e830e14a,false
0x489dc36bd81ac79fa80d45c5c007d6684a188c1c86f1b2eec4f0cdafa8a8e55d,true
0xad1d5d7fda33a034b9073cdd2b920bfc21dcefc0f5f1ba55d7e2644ad227e051,true
0x0a7e9d73665f8b162e545ed95dd4af3f3c11be705565d0bb73de78f0ae22285c,false
0x10486f25d48fd1fe8d0ef88d4466c3cf6dcda25b611f6ee78d66234d441b3ba9,true
0x16d10500d5a615d109b553825cc756f3a7aafa78ffcd90ea15249e8b694cbbec,false
0x9d02b85103d67cd59447bf9efcba669c6922be246fa9e41a7d3811dc17629932,true
0x9a4cd689f2add09d17af9f40277c2a6deae8b9f2a43049884e735aba732769ff,true
0xe3713630acb571c9b1f61c24946029eeac121b8b5e3dbb87a84a1bbb52ce6de6,false
0x21946243df7213857eae6340eb564c91a6c03407556184e2df50f87dba9451f0,true
0x05a0a000c5e51c838c5de3ebe81aa5c4d6184776e8815d2ed16b19d94518fcc0,true
0xb3cc97059abbba618e1e69c702956c794e0ec28a13a74ee41a3a083c579e541e,true
0xa9b699507bd03231112eb84d64ca8a6849f18070727e3f97052bd917787331d5,false
0x62bf17736298623ec51a0a3b3def8a8c17983caf777a48a569f7b100fcfb669b,true
0xd946eb3bb00227ee166e9108a9e4e843f0511edf55e83a47de5c6999d461e033,false
0x7cf7cd3409a4163d40ca0de621600ca81a062e6f33e7cb160e13a0f8a7f4b257,false
0xd06d82ecde008cc8bf88e2f9311e799aea11f0c1f56320706383052560b66196,false
0x560fd6fd100ad673ed1bca46c996ec37518bbc70c7ca31d49ba4c13a45e5d8e4,false
0x01dd5e0ce3e8fffe1b1e894aa99a183c94ebed52849efaf0f879792f02e5f6ff,true
0xc3f3db957c89242843433c6e6e1d70c628fe17202c886d7a2e76bfc70a8edff1,true
0x18bf4e391a0ba8a2f031299aac7eeaf7228be823c3296f47ed90c1e5b03b5972,true
0x7b0dfae01a8788775f513163528bd71b880f3bee3336fe46b2ab8c855d6d976e,true
0x68e78e509032a60fa9b162b56be0ff962eb05fee56c02bbe722c5bc0735bf992,true
0x8d4e8f9b836737c4b0b9290e81c74052dc57b79536cdcc2dc3c83dc4b826744c,false
0x9d5344b01d22b37cbed345b210b11cc3834b35574b41b4409f61ad0ad0191d14,false
0x818aed50b6281d5c680ad1b041ab52e383b6f098f98fe372feb6373aa643fb8e,false
0x633a32e75168660e9e35201fdc2ca36569fb48bb65d320bf72ae61ecdd248c95,false
0xee4641584e43be8cbacf7734438f41f810321a2346bdfe236af1dbe7487e50f0,false
0x28ed9e70e0de0c076527305aa895edc2527b3161ea60afdeb2b70b8b31f51485,true
0x05011844a62cfd0d988f83110f2587b93fc6aa95f9fb6ca38ae53e0b7a939dc0,true
0x7bc9bf1d90de3c69d666744cf62d6c020288846a513e3badfb0462a18d494989,false
0x113305358c3642ff2a8f457e854efa96bf2b5b49a208770b37cda2bbe81f139a,false
0xc40da71dc6e7611ed31e49786c5c0632ca1beb37353e0498dfe6ea5c969a2a6a,true
0x2e51faecacde0abd0d0ab3493bc8aafc37631373d9c0d1f49ea52427b85a6fac,false
0x5460ce3320bf6dc99f46412f58c3d960914db29add2036825481db93f8fc186c,true
0xe6d8d853230d215250567f3e841a213a0fa7c51bd5765e642f09685950378b4a,false
0xf179ce1a5c74121ac82a5888ea0a036f15d25df5642a6537afa908a37c0cf738,true
0x4db10a914494f8d788ef7eb6cb9ad6b18901231ba9fdbf504864e8213828b45d,false
0x56bddbd22370de3f754aaa780ff790c01f6f9ec1b761d8d9a03110570befb0ea,false
0x4d76acfed0b63bd9b8c73324cc1b59510b05b48508da82280c71434592cbe26c,false
0xa96520e1bbfacc67d409c2f6804a8a9d21a464cbcb588f85311fcf0937eec0e4,true
0x45bae4ed4ad7b465ffb2626a182f94b24d7e960653b3e58c81808bc40987011a,false
0x36c06da1b173a1775abeb5a0b5b1a2e70d6483735d4dfa0a4cc2c8417a06da6b,true
0xff4b05435578c65527677dece9613ac1d9841cbb856df96f459c58432a04708b,true
0x9c3f2ade93072a3bcc92dad175e86a1821a718ca75da05d0c280f16916beda34,false
0xd6f60291cfafae2cf9454adf1a3c756581c62f98481e42d6aa3a388a5a54ea5a,true
0x1d630b7bef0567544cab01c57606d9aae60dd092bced41f8290c335349ed0428,true
0xe07ce5c30c6288e557a21872e198f929f0e41ea2e4c89d6acda70a35ed09ff89,false
0x181d8a774754507db3b10b1de5ffc33546078cc3d1137bd7015f430e26b51d76,true
0x4fdcefe6c596eac10e05d0d00ef1b035338d726744f23265472162cdcc02c65d,true
0xcc5ca0ae8c653752baaeea054a8e38fa1c6904b99e91988ef280e241ef10f342,true
0x90fde2618b6190280b0adb04c4777bfe203bd22aaca7e935d4131a860806adc7,true
0x0f6b303c1cb3a84347f260bbfa73116c9a0375abc8404efc0f3cbbdd0ff99f06,true
0x7ffefffdea2ebced10a5b0b7b60135f92817913a7bab9756f6b20c624391ad0f,false
0x1747fd9d4d3f238a101c0a423c6b43f783f5aea453cee94f8ff4a5c63606ecd8,false
0x420a1c15f953ba11bc56f548dccecd1e59151ed19e9cb430fe230e6a50b9982d,true
0x0a1b04408f12ffc3090d745016974db6402a69fd1c62424430c3939dc094cbdc,false
0x91f8ca4c676e2668b073737dd69ef0b556625a7c804cca033e53c276ad30c65c,true
0xc91b84137c72c8e97322e9b8909eb9a70a69c60fa47800c93368c1c9b7730a4e,false
0xcb2ee333dc688078a03e040ab87a70720315945eb767b7fe5460f12e6de1c13c,true
0x1d0d6722e9b70122f7c9e331e1df8709d98564333bd2aecc059a81d1c6e88a5d,false
0xc4df966df4070481d78e06039e867c089ce41ca433cd5bec33f6f62f9066e161,true
0xfee623169d7f0e3c4957ba061acc483fbbc5adeb3eaabb0d5d2fa115beee02b9,false
0xd63adf82f243f22438319263eabf9b48c21282d390e448dc9dbfceaa1a64fc65,true
0x11b91c7f398d43d7ef03d055bb8658282256b769ea571f47ecec9fb1fe61b37f,true
0x66e98253b91e90bcf93d756550084485709344fafb183a9b824d7571fb3e05d2,true
0x9316ed538342280c06ccdaf232d67835f32e6f15a434e2650959a9a2380d81f4,true
0x74a7feaa16fb73e620ec38f38523075353c7a9c8fffe5ca8a6dd0310d4a275f7,true
0xd4afa6651d1464bb88e6e1c64008a4eb20c29f9897f10aa81b138200c0fd10d4,true
0x5e2ffc453461152d9e69992295fd281791c73dc76e515bc9ac7348f9fbf7c89d,false
0x19bf055dc053d3abf5142056b4dce6dd0f5959c0deee226897a01a4a71b43057,true
0xc6eb9497b02858b56bcc9d541023b795700cf104a0470c7e8bdb7f321876882d,false
0xd181870f64c934c4d47ff2113142b33b21fe614262c79ce3168dc66ae3bf0f32,true
0xf7d78f4b306a469298061e25cc2154844c0ea00d03f8a09935d74f12c2408364,false
0xcd69fe27095cfc420826bdb26d24248d6ef23e794b60f4e35ffc9e56c731f194,true
0x788be0528110e86f204a8847b111b61d198cadbf3d8a91ce5a6d877cb5f11788,false
0xeab8737745e4a1c9890f2a7782ecb2a7686b66808e6d64baad52b1cfeafc2da3,true
0x529f0014d564db8f843301940cb630af262a80cbc8701948d2e9a453fc38920e,true
0xf9672df6da339b4a5cccb7f9fcf0f06b64bbc5aa3f67f9f640009538964e87bd,true
0x7e0c331f98fc60cab5618d6bd8c585e0428853f9799d595698da499493923790,false
0xb163ede9b497e590b4ba17ae90a020f6a0077ee4dbaee933e2f8bc9496ac0a52,false
0xb3b529d15c23d2acf9b6a554db2c2dc28abbcce54e3202142c24c7f4c41e324f,false
0x1dbcea39f9e366f4fdd3e11e2d94ed24e23a586be96a4b72803aa5afb6f3b437,true
0xe5d24071e382204dedca95beccb7244c23ddafb54d08254795b05a41031956c0,true
0x61f130c54ed37da83f54877d56e84ed1ca959c5dc50e90e7d4747343a9105585,true
0x6d260a453d307b6563e30c91c3da1d218f408abc8a321208ae58ffadc7ed1aab,true
0xeeda3e4c000e848443dbf5e4078d1e25d7d2fea9887cac54774a1fd7048bf6b7,true
0x9f9dce75e3978486e62888153327962cb4e195fcf40b408f8c8af93bd8f8d01b,false
0xe58de7f8ea5e8e6f899b12db43e2fe8af2cb46dfeaba8466ea7a1dee9c5717d6,false
0xd015e534bf2328547388ec83aa0f34dbc531de0a2361e61429eca541cb7459e0,true
0xf49cfec4ff01ee3111a7efae35cec9b02bcdf7e750d1b9594b9c53cc6d1b928f,true
0x2fe0e1317f925f3aaaa751ac650e07bed1206f8ee6a52b313a76fb9107e6b51b,false
0xbfafe9544b1dee4b50d4c764d7293b9a254335417be6893427b9e638e5330ace,true
0xb3d4cd1dd3b39aa0b5fd4937f1ec6118f6eec7772a189774e2e715452b9974d4,true
0x981511e0862d4b9ebc414d5a829356c18eed8b1fa4406d0dcb8b94f4dee6ebc4,true
0xf74cd0de08696eec76a8a7d67e427765f965626d40e4256665dc67db653c7220,false
0xe8959611a1d1ea46d6dc0e77047e9382498cdd90332155b1624fa284cedab9ae,false
0x22e0f60612cdb868335b2afda6f2ff125fffd50088cfb1ba1e7723040cdc6057,true
0xed3c6b5d1777b29b727b29c4547053b931a748fe6689c0ac08ea21392d98ce37,true
0x540f93e81839e6b5548a276568afdf05b5435ec5b5e82a163803bedcb4fd83fd,false
0x76fe3c4967c58fd4d11a3550c0155add3a76bfd63cfb137a9898fed1558064df,true
0x9954b469d1f66b5041131b0e30cbc71ee5888e5093eaed1e65d04fa5a682d7ec,true
0xb31bd9a886cd694d109523fb637fe6fa7fcafed65e04eebd5e20c75fdae5a320,false
0xae4008577f5ec2670af053aad8c26e5c69318d96228688ec2efa95991e171ee1,false
0x2632ee57269ddf14d6fd7f80ff3be7c1ae08d06603a143fb7d682d0715132ea5,true
0x2c79f42f1b71d185408f1e9dba560b7e12904a9d7229421d0a52949869971ece,true
0x927a525a8d9e3e4b961daa8212034fee4f46cb30bd82bbf230af7f4da3d47e51,true
0x6bc41b4192b9e8dbffcba6a2c5db0889f2faf71712ed748224cdc36b42c173c5,false
0x1315bf426027f954feae339917ffca7dd872f25caeb3507ca73c22a95dfc0984,true
0x9d1b869d5b972f92f0613d61076d2318a17818578a66b8839f869555304bcf07,false
0x65d97c8d2a858d8aa824cf2176a28827907697edc5a6ddb2f4294d0811439c50,false
0x0bfbb4b93f9550a9a5ed60d3df712b2844905bce880271b5deca6060db86469f,true
0x2cf3e34b0f168493436bd0222069253cbf3f7086bb151dd0edfe4107f4994e47,false
0x31749c0c0d4a9dd833ad6eeaf1d29ae39ba791ef358b2a1190047b58668bc460,true
0xadaeda42872671ff73828a740976296da55a803191f5f21181225fbd3566a925,false
0xd9bd295631fd4a526f3b83894401b6df6f59f9480c793a063cc8a632836891d3,false
0xab446808c818c20262418150a5281295dd95e040f6144c2bf5b44423a2416667,true
0x622b9ea7cf8ae15344f2311c46f3f6fbd3980d330568dff82512945cda187385,true
0xb7b1fc896f85a67b0bd022263097ba647ac252ff4452b8e927fa57037f4061ac,true
0x5eada60e6cb35269601de8a8168a99eed364a17e0ca0402439e6638ad92a47d4,true
0xd1f3665a4c1ad407ca0c6d9bc7e3daf4dfbbf0faed810d9073dd6f6f4c8b19e9,true
0x169a3dfd1d21fc0f465911f5c26ceea1e9d633289d6af18169d17dea55953bca,false
0x89b8686adfc3e6ef637c05587a712531d6e29accf940882e7d7cf4b0dd22ec20,false
0x33f4a7de50e00456e0f73c9fc202fb005f8839cf58b3bfd6bd307e2633094eb0,false
0x6c4a4ad82b57dd4f62ba7bbed791e9e623d48fb00d86c65688c561021bde4e8f,true
0xb472d9c3cd37ee4bbf6dbe329e3d8839d9fc92448aa75ae1413aa42ca831639c,false
0x963a8cfbc5bb2cea6aea56a8dc1808a7a3f6d71f047ab5a2380a37c0f8728a92,false
0xf9278020010eda4c48844134a7e674b6e581b9bbb1642c9f1813b899a8988cef,false
0x1ef8575f1e651888568bb1acf668b210887414f5ca1769d0900d1def4c698ef6,true
0x9c08c5e55d4935ddf3f297719e59d6abec7c6848a0305f43b17e2092d7db15db,true
0xabbe623b26666b7bcccdf5214ab0a781622fda025ced43161a185bdffabf5658,false
0xc3009cfae0cd9fda603e47f125c9bf8b407350fbdfd3acc76537e2e6b59094c4,true
0xb58ba74aeb8c24bdff971254317516cfb9f3c8b438c58630b8a217618fc96fdd,true
0x6312d3ea3e1413d71709baef5ae1aee70a9a2f4fb2c0a08136c36a67adf50b60,true
0x8f050ed42c6c107f9e947cec11d81c114bf4f6326a70498d8ffa298dfb374591,false
0x66da6df24f27da9a0bd901a5b29f95616331d756a84ef3034c656aed72e43962,true
0xfb9620c237c3905895e67854dde809a69b5ea0238b8f68fda040dcf10420a791,false
0xee812698de3f8a7826f3fd10990a8c14552f524c9a587b23c92ce14cdaa65f2d,true
0x0f6f915abe56fdf2c3d93e4cef08b2fe82c506bd1704ca15f25ec5f520b6d072,true
0xca63c9a1c9d00d54976732baa639f4b992d57ac535c18c4e3ddb3a0555bc02d0,false
0x5eb9c59b79614ca13beaa536a45e74535f225048bfe8da12bd8cbf9bc7f46b80,true
0x9e44789e6c5d8f8e78239ab75176ea61b515887c97cc0be95357fa18ca9fb893,false
0x94e355c17d623d86702f8673fdd399a88ff9531237d44e0ea21bb869fc59a33e,false
0xcbca0fef4161b5c7c5f92f31e34ffc19c643ae70c45233c0104963514f46bf83,false
0x8f169a191e773433c4f2e0b20135e3bbe4f2eedc48a364eae3df7c89784bfe99,false
0xbdccb6d9e1d193953eab6c520d3fbada8287d898b83bfbefaf622da85cfb3fb6,true
0xcbf9be1a2d5002df623b7fa0803c338486c381a75dabf83863c645cd9e8b4ba1,false
0x4a05adfaeeb0126bcfab0a7e594eb209ab5099aaf0f9f4c34859e230c3faa713,true
0x24e4cdb78ed5b0e4a5c1ea7866f6970657a5294903ae4a2e5bbeac3391bdc7d1,true
0x8babd434dec20f89d2ac23ea99eed38a6d0c63d37170a0d84a5a06c4ea2f8a2c,true
0x3914a31fea10354dce757eb63cc07b83f634032cc885a6a3aa3095b542f7fac2,true
0x9dc5a3479998fc24085625c62b8f78e33a357a22b3659c9c4b21f855a5281259,false
0xefbd875db2095308a03245b79de9b182f99a14b251aae764a012e5150dafc15f,false
0x18406fb1e6707beef5ad84bd275c8c47a4fad2a61bc63a8a0554db027cf3799d,true
0x3f9cd707b0b18eb3a462aabe15fa822ebf0e90d4b2c8e7b2cf6e5b6750462a8b,false
0x2f757ec54e07857bedcbd46a497963e7f948e9764b1cc542d1567a2366079ec4,true
0x15e236520d616cc28f23adc3301387f4d0063df13e3c8f0ea9a5f5387bfe93b9,true
0x5434d9150f1293ebcc45269862b75d203939c63f1fec52b8e874ac440cb0ff93,false
0x6ec07de952d4d051fbdeae4ea6cb0fb5384b176fa119e480290ffa250a2d3517,true
0xd565eed3c811ba4bd8d3802ddbff2e1349219d1e3b2b9d46af13f8e4d8e2ffc3,false
0x4c7f458d6905bf6255ccb2c0001c1c081038d8415dc68a25f2cfb50cbc21205d,true
0xe9757d40bf64e1cfb57740eaa72905fb8ee6b4d43f5c33ed0bc62c8cfbe8af08,false
0xeb4b74e446aeb2cb22c4f1c53ca03b0208af4dc3715a7c2b2250eab7f3564276,false
0x48c5af4982d59b256b267a0c538745e51d36348ecdee7eca5227a018066ecccd,true
0x13a5fe58c1ac754ac6e5b9af3c4a577cd1b7953bfa45ceafed073d52aa0d9cf5,true
0xefd53d0e9f0095c843c610085285fcbc8f0bf6a931626e6f5b77107437caf7ec,true
0x75c575001ccb435f4da5ee61cbb25e931c5df70fbd67ecc0656b809651d8f218,true
0x5f39cc236ebc6dbbd683048dd90c0533d56fc35c088cf0379d7e3cd8ce1c9658,false
0xc9faa12c9a3e4cf85b9e567aa55a9b0695297ccfa63ae87f36e32abeec82f549,false
0x947104cb457708ee5124f652c1a3d90521e089ac24d2f6530b7839def5fbbfab,true
0x8c84a81e61593942e57c2ac490856ebfa2bcc308b82f7b7cfc25c5d223d71272,false
0x649daabf4e099f53ff750fc51b0b8f87c8261674a41b8db79861a23dfe83c050,false
0x84546df8cc32ee11a4e5be5df3bc310ee5f5b84aa02f194e059d4ba837b295ee,true
0x6e76f83491505a4a7dcd287657ec82a4903c14f3a5d55f578dfd30d3dc5bac11,true
0x2b2b8465c14312e174271e328caa4180305e4bf1045cf42f6fa44ed3a38d7ac3,true
0x55b2c8eef1a311ac7462f9ff66777abb1f0a66d0d024b916cfa2c3244cbe8508,false
0xa646d4f9636472cd8a48c9450b47c69fe0a86ba5a1c7d6723de1a3229aa9a018,true
0x2822d05e0aa4e851b4ed62263531d1d65d6b9ac07bb17dffc924ddea156c00df,false
0xea701223ca17152ea6582cf5337895045876796cf28d598ed702bd3af3d43819,true
0xab8757b05399d1e866344dce959d6f3f2d0439c74ac5254111c2e1fc767cf9e2,true
0x21473296cda079c1719460fab55c0ca9a9693ab78b84e745e5bd40e7e2e5ed80,false
0x0535a9f4b6bccaeca93409dcd9e4c4f8b3bee5386766b6a790649ff976c2520e,true
0xa7e97dbc7c74906ee05af42497b53c2ca19da0ea676794641c19dc1b8e620f43,false
0xe38e5ac6bcff24c383179ee25ddd68210b0832996cd555b473453d7bab34d629,false
0xed809ad66da7134e01d1c9d9228d50a8bed6f44c7d95af2d0bbb1becce8caf61,false
0x45e4f32918cab521814ef91d47401d67006260a641beac391cee3f4d6c740df0,false
0x8849788125df7ba08fa9ea12613df18b0ad96a497c8332f83b58b7166d9cdda8,false
0x8c9af096c88ed3d1c65bd5269e097434bc4ccf144d3372b94fda90d02ed75b24,true
0x7096bf87beb38b0a2370995805af03adb8132e3c4f988dbe46750367e394f3c7,false
0x6fcce72b3ff05de04440568545c5c64614f94b06754d2bd48a72dfd211292b7e,false
0xb8baa2a6d24070f828aec5576424997a02a2a70dc31bc91fe3c12f6ff3fe1807,false
0xb66d42f6a0f0985d29d1bea37bd76aad0a80ac6123d43d2ec20404c0f7edbf01,true
0x956b2c6b0be32a5dcc1139800de33e7aa05a1736f619358490df8175f05a312a,false
0x35842e5b10c2c6afed0be5961f7f8a13a1d13adb6a3cc4d051542c1883155a0e,true
0x393bff3c1068800c3c4abbea559b2d17dd0b47ef62fbeafdc5f1d678ef0edcbe,false
0x7b3c4a23542065793755cbdd1312b884975e45188d84bdeb239b35560fb2888c,true
0x8e95b83379eecb7c4b64740f71f260eb400ebeac7eb86581712dd0e041b1848e,false
0x4da31a74e151c82c8c4cefaf201908eb58da1f8ec8f0be3b2911fc3edb6827d9,false
0xc9d064fac8d06fbba88203993ee341e715e925a811cba86c1a24011c04781a1b,false
0x944c1a05a744bc6de231d7830c677edf1071ed1bb00010f05471ff7c5e49684c,false
0x22b9a90cdbbdf9118439505190fab510ede4943caab0fdbc321bc6b5d0357190,true
0x817a67301b451e77ad1a9a03fa92af4e8e15e74acfc3231d9108c92ff460dc7a,true
0x8d260cf410462794a68b43a70befb4033fff346ac24898f9cbc1ff0fc7e3132e,true
0x5f26eadf48b17c6ba7c5f1a96b3850bd997a0663a37f1a5a5e4e009626791189,false
0xd94f1a7e76a4d6f3fa3c6293f935b3f0827ccb37373cc1a9160c9dc9309dc85d,false
0x3af9db775d0a972c756a6c105928ec45a8772c2727ac25b4ee25f8b6c82a81b0,false
0xf2441227903a21f787bc928e2c25196c82a9f142c59b9e216d85ed2d3ae08dfd,true
0x51565e0a755f3e5cca70e7a574e73dcaecf2c91812e43fda4523329db949de00,false
0x59aee93b78af7465b3a19cd8d30cc121102d6a1f8ba1aa7a96b59320191b66d8,true
0x3edb0a01b6ae82da8a266171891ff170f9fbbf526b21feb6f69a41f420d539df,false
0x90ad83473c27df30ee07d7529d441ac88cacf663d7aca1ae345edba0728e718c,true
0x037a83b51aa2011a5b9fc88805a2c3186a4e78d0e598d239ccf6cbb8b087613a,true
0x49cbdeee347501ed10889ba9a08796abe038903ca36e1c77b40761e265e1c2a9,true
0x6ed8a1a47c0b7da3185d2f5c53a310aabca53ea9c39e204c64ec39ff0589517e,true
0xe7873385664eaffc2feb3bb4bc36a6f7729acda7bfd01a2c044b3c3fc7400df5,true
0xbca6e3b94fb46752a5057f6affc3d1e8964b1f6f0d82a9f5f6744470c43b01cc,true
0x6e30e6dc41a6f996c4d751be79545600c91e6e4e1cc72a1cdd88fca703ac5ee2,true
0xc9d54b71ea9671f3bd6017631e7bd3827f2fc85e5df79d35689dcb0e468d4ea1,false
0x2bdc56803817c2edd8d9b68469a8c83d00271f4f7fa15f9628176a6dec4e3f5f,false
0x70a73e2c2d50c059ad7c2bf5a4455ca2661f8ec80d24ff62c516dbc1d1164ba8,true
0x24c9c94c8654a72de9149cf0d6f84e728e4b8c100372b00d085b9c08a11696d2,false
0xbfa5596ce24e2608d1a96e1bf01b7d5fae046ecbeeb782f2faa0ed3a3c7fc3d0,false
0x0f52ad9329cb06411336166ba7fe368e6d3e68ce9d6bd82009d287884215cdfe,true
0x0ad10b4430b78b54e99d939293a1008c0366bde3fe16e4a754867b04fdf982d6,false
0x80da101426141e0cd868e667c61198baaf855251fc07f49df4e4c6aa5ba96178,true
0x7f02486c84bed74ce4fe0ad67f39ed7a741a23699a1f6e6b6ddf201707f0beda,true
0xe76e0054885968afa0fb165aab7ee43d0f4472e9ecd4a14a0ab9fcd32981b599,false
0xd943e37c500a85731559d621308d928284b9e1309a2ae83a58d6157b9cc88e6c,false
0xa8ffd697c3c628163a0c32ae99c81535628f2528de3a186d0c3aa74742efbe0e,true
0x929a9279d770dcbc4ee5dc19bdc0689d8620213d55a4c349b3cf87bd01ddfe5a,false
0xbb7f973a18af73c90e37f679dd39aa862681a7a08f6429cd2600a06e27f4cf58,true
0x12523a1fe4aee5247ad523286aae15bbbd23bbc268769142ff8768abf1b694df,false
0xe3f7842c5df9cc7e36b576606f88d9db36a1a576baaa0bea41d150f57a661367,false
0x0adfb27551b5c59c3b4f707df624a2e3e3ace7bd3d14a5c6b275ac95bdbb8794,true
0x7fd456ab8a66ed142e6c204ba987bc6de92251ddfabf6662b82e4634efe97f14,true
0x4ee4b02e25cc27a7262ef72416ed08d6f98b7e54ad864db64b005bb0daed607f,true
0xf32f63c6a5280bbe7a8b649370c30881007b7bc645fb7c1db59cc4240435ca6a,true
0x68be995fa1df68d8a5e5f179d3aa7dd1a2a1b898bc9a18e5addff74f2532315a,false
0x467945c47f7ee9e60f7c4dd26b6392b585c45555d985b5bfcb550fd281a223a6,true
0x2f898346d6fcc7d939dda6f170b9f2d67009040ef9cd34ab06ee68dd32f9de2b,true
0x8835dd889bfcbec03e9925b902132f618355fa8cb568c66f0bffd643e635803c,true
0xa25d4d608490e5af382d2c2bb0e9285e0152111d2c983f1695e73e639430b310,false
0x62bd6f971ab29972f55a9f94a96b37cf3120d2258fdae44dc139afb950da05e4,true
0xae43ba0b975e19f4d1796fdd0707925d6d8aeedab9ede4e320729dce62548b4a,false
0x0a42d6a448e71ef7cdd9c2d3673c479e5abce7be0c15ba061ee8dc69b0206318,true
0x8889239d0530a6165f3b303fc68dae4bdd2608cc1745997426d54da206ab161f,true
0x59d37dfe3d8ffdbda3d45ff76151921819994b3829ac3fbf4870565df16dbfb5,false
0x19e851dbfef67ec07c4d7d80695fc6997da32534b8963380a6c0ff82431e61fc,true
0x23074bf2f44d74228be0922929288b8051f6a487c2bfc4c25cc9b88f60475a94,false
0x9104d6b835d728f783b7ab324c94a9b70ef0e73c122638283a325f8677839c13,true
0xe00907611adecd884dae0afdd90cf28d7a49121996f0f249e3ddf645b509c283,false
0x4628e4e60968613621fe15ea54c43ce2069be92267ae00bdefacc926fd387a7c,true
0xce82f2df19d7c49e8928111d9f2cc3698cf9951ac6086e61606f86f48c848ed1,false
0xa96bdf214c1aa34e1a2440b029af764c3c408d0103b2669e323d48fb99e55ba2,true
0x8bc943e0bb686acb0dd91b72fa7db463d155d8422e3a7a483c95588dfd80ca80,false
0x56cf56f35d763371599a7aac06efb5b67c69ad2fa9768335624539cae7dbc13e,true
0x91eb5ec1ff305f1e5c2f3e6df5d8d7838e68ec75f6d5665360d5c088301ef1e6,false
0x4c7d2ba84001710856d029540a3bc7864674be7d94c91da4ecc22abd85226c43,true
0x05ab261364ad22eddc93cbc21bf960961f801d9202d4f9154084d4a1cb0063fc,true
0x7e42dc7317e9af175e611d071f103a1f4d9a67754f57424ad5403773803f347d,true
0x0db5ede87de9f345a4c73dc87817f769a2edc2f97ee3b820f4f9dd186c502e27,true
0x2674925f979fa62f8aa9de9224f5a35bd910bc69fd27123077fd91ca052c2a88,false
0x0487ad4d2903a419bbca1bcf13f9387ab8703764ee2629515dfcfda6046650ce,true
0xecab9539d75592034e6b058e97dd7488fc1488e03168e3e3ddf414bc7675a3e2,false
0xa1a0577e554b1653e964e70ea9161b8312e530f61310079c7d3b13067f3985a3,true
0x3125dc286678a437ddfd8601d8adc3309fd237eef892eea4ac1b64052290b73a,false
0x57dd90ff2c3df3c8ed9980bf20c654959719033fe2f482da15075967820eb60b,false
0xac8ae594ecfb1657975fcf7d442f35706dc650921b9965b21de33cdab0cc2067,true
0x0327f949ede30644f4ef50a368644dcf49e1e0ceca1b8eebfd7dedcd18eaf914,false
0x1f5bd9783d0ffc558406bcd167057b32a62b74177cb7d3c0635f2515d87b9b5d,true
0x003251fb59be193378b0123cab66ec7bc852ce4a3e49e4ba20939ccb615ef14f,false
0xa503fc113705c7055544f642481b9802f98b53dfeb864542006cb7738ad3f70f,false
0xec47859e601c53b7103a197933353ee2e9561995fc5426f39afea3915901b1e2,false
0x6fad20870e19dc7ac58e467288a3dbffa7c39cc15459762fe478e6bcd0979e7b,true
0xedcbe4cfc26a865c4817b7316f6fe3de54bc57f540516c407221119af981b773,false
0x25437724ad91bbeadea4368b0d1a50af91439706b0ad5097a3e70519866fd412,true
0xb9ba290ad69db453e993a8b6d9a41d7c7c691b743828e1109393b234d6545004,false
0x88290495df5be8bd82312cf2448ceba4a1e84c037ebaeae791e2fc1c04b11244,true
0xc5eb0116f7d75a52f6028bd1e414da4dd7c1beab1e21aeec4cce00a3c773dfbd,true
0xf48fd4afab5e9718a92503bd161190fbfca3b56ad4db6cb5631de58dc0cb7637,true
0x4e56346ec3a0f273c00de0c38915e79783576f7b8f4df50273961ee7efbe5284,true
0x9ac19321962e14bb5eb77a7d39a7a7ddb37717fa6ab3ce4235665faee3b76f20,true
0x6924f4a26b10a568c255ef938b0a2d2f951e8ebf7ce64ecd258e6ca6c2506cb1,false
0xe075863935c9b8260c11d4743dc6f1faf0ab5bc94319f6b0f843d26c4eff0b12,true
0x8de8da6e2f7adf6abec064bb48c22ffcaea297da43cf00ab4e3c2fbbb65fc9fa,true
0x57c21911135a6526f0ab923e494e9b8e225188c3d5bb3576f0d42d1696178d1c,false
0x936713aa7d69dc7c5ad6e29fd227840a19c6f9872fca16f92557a28c0546a663,true
0xfd556de6c0ddff0bbf499d6fe6c5808dc2fa76cb2f91049cd481de93b3cca441,false
0xef33db6eb42800c2830725d76c322ae3975455e70b86f83a67ab43e3f92ef453,true
0x7697e08eb2012650e1f0cdb48518ea8b200d3fb7701cb5da2ccad7beb3a56aa9,true
0x7ae50b6110c8ae414bacffcaf49426f226d969d1722018d5f065f0f6330402ab,false
0xbe5eb375ac57b707afec1e71025a519473bc3e8b56388b895abc09c97d4d4029,false
0xf311c688712be4e7c670d37f47a3b44913d70cf6c4a232db2fa303990bb76b94,true
0x50ed8bed9cc8ca5074ac2a4708ee2d4c502510dbab6e760a9b052ec3eda1218d,true
0x72d072ad546b5143e726c10382264fb2fae67ee1c5bc82e5d40ce01e442926c5,false
0xce675c87c7d9a2c9fd33ebfe45424a6f3ec38a337c82d67012de3fa9142ce68f,true
0x83caddefc37d19089a7c1a23db46c7f5ec0097365d2b2492bcd9b23296ecab9e,false
0xbff84076f1e0be699b28059b6cb93b02011e3b82471227735f379baabde32b79,true
0x934d828b594618609e28d4727e820df87128a2f3eb8f3c7238bff145bbcfb88b,false
0x23e964e9d35307e0783cd9b019f90463ed356e05e4d9e4ec431d892484b8be49,false
0x9e85f0405cc33db2791484559cb2a9649e0d5e1e4fce911d2a13230031974495,false
0x739b11ff6df51f726970a65b4a65bdd3d1e30816a649649e2d90c72f634ceb79,true
0x8000fadcf250597cf5d96e9503bf3298580fbf487840c43c73cd41fbcc97d1f3,true
0xadd18bc75af075e98f3349bf2b0c85e162e0248247a40227bb21559bfb5a86c5,false
0xc098b5bd05b3ff54b1ac8b2d0b5396d132a34de5c10ea61ca50cfea3e4fe365c,true
0x308ab1244cf2a83b75ed683b72fdc6293f986ea3b1492d40a138b1c28039692e,false
0xc1c415b408f337a9d35d63d6842b2dcb46b4b5e07f526b07ce06791fcee2bde0,false
0xe04b1112aecb846bab2f547f92c5654c81a2cd705dfb3cb05b71bf110b29b2f0,true
0xf07d1ba004b8078e18216b94e93c364335492d577329282af081f82e0fc5bc77,true
0xa7aa94ee45a5cf1d05f87b6fecd093d66feead7ac7ba8b89cb448fbb57ea5e82,true
0x0f11cb12c085ec1dbaa224ba6b4b935d30767636afd7d8b07c78c5f0cbe7334f,false
0x94ce9af61d5576daebe0e8041af595fca58258873139d14b49395c4eaee7cf12,true
0x344241b786681ac57d28a8991e97762c332785dfcc0c1ce43d39a70270a41440,true
0xa362cdcf104779c815462d163c94cea1cda5d7b43f291d855eb0ab51aa468672,false
0x7be07b8051df3936a2ed144e2b0f6e742fa4c34f04b2cbae2700e234ed8a7b61,true
0x279d459836f08f8bacfcdf0ab0ed98eddd9e67a632a63abe8b76a32d80d240d5,false
0xe83bf5eb2e2b76ebb9c77666fda8479e9de51f1c0354311977cb3cca5aaefb98,false
0x710e360c1b394ebb62b6902bd7507a17527c30dc3998a6ad52c8a927220fa578,false
0xcf24378e15c1efab302ceb928ce7d9697a8040322f22a3f2f61e0d8e40da2115,false
0x7f37dd4027481584cdb977897a70189e5cdc048449f1e2c91043b02467ef13b7,false
0xb390222ce362836d8920a193ff72d1c0bc0f0a043c7fcc972618c577a022fdf9,true
0x58eae7b145f8d336232ccff5dfbe3fd8585896b0545de4722c4a3cb52a6038fe,true
0x1b10c1160066f333cd38de764a945189fbbf6effc5ddc6cdb9bb3d06c81bd71e,false
0xa1cc7ef7798d0e8986656b6e4c0931fdd52a532a9aab42789a7d4e690d53e5f6,false
0x12c4d7947a8130d7f03723e065d5bdef6df81cd1a79e85267c5207e50592e585,true
0xd21c47abb04d50134e03037eccef01e7c0b112abee00e0c1c4ee851a029a1bdc,true
0x59969cabd9cd34b74e867dc96941799581187da53db52f4eec378e815186bd17,true
0xe1abd548e1e8339ca4fd1fef33d00a5e7c4725f1c58779888811a49127f0e28e,true
0x24535c97e99fec590799cc6ae9e69dd083058ea589aa14d1717bf6b756bb5893,false
0x2bc3c98014940a66dc4fbaf72c1f8bc9d6763d39bd8f23e29865b1f0e17d27a1,true
0x2c4f933c804f6ac8ccae20970bdde8abf3030e3db1b2bfaf859e2a98138e8f26,true
0x7213f593f18a6c4461cc2950bf626afc62d1fa14bc1d6358b2b9f28ab73e8aca,false
0xb225c45e05f5f80404dadfdebe84e60b74ce526f7e5e75ca51560a45647d2d80,true
0x200e4f94021cc7ee9d22247f0f66db74994c0653245d9fc0fab9b8069ab57cc4,true
0xa76b31fe33f668a568941c486787d737cdf1991f4298da10b941ebaa2706b259,false
0xc60a7d9ac8e180e012585773e63d949eca6fb128bd406944fb63faf20247836f,true
0x9df1147c93984d4127faf8cb60ceb6bfde52057d607edbae0afadbe1db666231,true
0x39961e30683ecc9c24840a545f459df26f60da3f7d3c8524492bc72e7b23de56,true
0x181cca36bba5fa21a37bd789e910d56106927ece9c2901039e8b3bc21e115215,false
0x3df6e6e0a7a2ff8e5a0caf953bf5061cdf163b3427f926f85e86f6312394b007,true
0x142249a491ab166d0b81fa6ecc7b78ae37736b02e44c62147f42142d7d6d24f4,false
0x6a27a9a5bf3c86519153f9b48eab79b2d2c34b3b752a944783844ffe7739ab74,true
0x2bb4e57a78c35e4dd74456e451f3b4141c2e6dacce329ab16d51035fc458f071,true
0xf3d7c1d9ecddf74c4211e9a6d8815339ebfc7074c30e18af7c21d822ba46d45f,true
0xb1a90ae918892f7c5e68feca611f448485711c75c8ad33e615ea452fb0937974,false
0xf67986eb85ddf1856856df9f26de045f27e37b608248df7bd5e1b004edd2f3d9,true
0xc2341de519a21f9c3e6184296c2c7dde19abfd05d74fa8da8910602390834fbd,false
0x9b138c44296c157d609bb3c688849755f136afc20ccbb57299f7e83a1cf480cb,false
0x7190725f2eae1ecc60251503d77e0f62797737385413014fd5fc43a87db54d24,true
0x9364b6ff80f6d865ed795b4e6d1a0c107137b64fcd9a3f7a609193703eef335a,true
0xddcaa4d132ed7b6930ba6b6a7caa27ed2da70816daf4c2d1254c9a840035d204,true
0xecb8aff9a58d0540d37911c15259bc51c42ad03d89ce21392395192ac7a0c964,true
0x5d2bccd1bfb0708fdc66c624d36f1db83231b8ca9e8c47c3d9fc7e3026b19cab,true
0xddd622f05ae2ff1aab91ae81bca1c438980bad422e1ef1b766e66a6d86f727ed,false
0xee385253ef02cad52105871b1e815c004f39ecfc982e2c3cc2419e9876b9145e,false
0xb31607f3e96ccfe570237bb119b02a1e71ef4a0103750b34e4fe6455fedc514f,false
0x25884a558de5041c704acbdff4c014f1dfe3deadfbf84aa3a53e5befdc64e0ed,false
0xbda09a58eef657407b227c37ec2c328d9c38071453a8732a2e5499093dfcbdf3,true
0xdc5de0c1076434bb56cc930d09532c66fd30ec3ef2482957ca5b829668950b4c,true
0x9b3726b8e4d3fd2d59ac52329faf2516007df72331b502c8c28d25db551cc52e,false
0x10948c1600d4ea5cc502299c79d2a10b965648007f949441ecf6ac35d59b3235,false
0x9cb4dec2086f2a39dfdea9c69019fe6ce0f98c8c1da3000e5672cc4be8a21415,false
0x1311632c748e53a91cdabc3825a4796667e386674baefc87fd0004b4cb964da6,false
0xba30a2ccb3c1edfad926b36d83ac0eee3c4bbca9dfeb169a5219703024e3eac9,true
0x51e77377b10806bc7622acb92a460106d9b78d6c70552582957fbd98a9811443,true
0x038433b456c7718b60ae7ca8f88e924eb2d1ab3d12e71bc2f95a1c12654687c7,true
0xc1594562ae0b9c5b8c9b4dd744802d2e861666187872b38813f6172807300bd6,false
0xedbf9577ec3aba8e7dfd3e0a6d584f99092d2ad1d605f6779816d7a8a54a5c5a,true
0xcbe969af670fb0f8f2471adb091f72575fcaa646baa21e3c27a1065f7e507fd5,false
0xe15bad51e276adbe1243d375393ca4e30b4aa1f7a3eb744d5ee2820c3852e49d,false
0x7b210e4ff002d3b5820704a34b47fae030fd770672e8db01e95da2da13994615,false
0xc9f502a9d7e70d901e425a60d5861708809e68087095d9346a695753f203b3af,false
0x53b02cd91d5a16c123222e3a069b81d68f80c56cf1752e6cf7aa2feebb206b07,true
0xd26eb07b047b8587aa85249155fbda65e7e6f73279c2cfcdeb3ff9b3e1c70ea3,false
0xb4d40d149e8c88b41378b4dc0dca8ab50160097a954ba5c5645e84cfca8f6b68,false
0x28c6ccb0802a02f7c83b38142cf0f748799ba3feaa6bec5b2761a5ddbc9f9d47,false
0xb7a314e73f7bc327b4896e65056c899b1f1e027cffeddcbd40f7829137ca9c4d,false
0x49446430e65a5496fe4a6a091a7d0d5c1fcd36e73ab55af6c7cb8d4074bc5b18,true
0xcec6e570cf27c50402791851ad8b95c6864b160b0e16da347d05ff4c3f2d6e91,true
0xefacfd6c0a6477d5bac78e253862fdab8678607edc93cd2cfbbb540e2a34ba49,true
0x780aad7b5e8140629b9b05ade176d622905997fd8d4e18cca50ca173bf547499,false
0x1aacf60972fef49f7e3129dc3a7d027a0025bf80838e83beb10197074d9db2bf,false
0x91239a3285f56f587a955cf50269b92b65eb5975b93beb15862c32ff4e2b1f77,false
0x492b118bda141f89edcf651f940872983f4a7d969ae0ef2414ef5b4049911f1a,true
0x14c0e89c896c705e07160df5318a120c9251181cffff98ce38c78654b3adef3d,false
0xd7a04093ec3c1d2ead52e32fced37b5aa02e4befba9becafb92cde4b4446efa1,false
0xe1fcd3bbd69e0f91f005eeebd2a3a91426f7c1afc4d3c9c63ba0017a9e2b03d5,true
0xcebaafbabd537589d22382d51f894794e3134959142043f10aa9b60e5e5561c4,false
0x12b9a03417c0cc43fe38a3772fdbcc82a8f1771c8115850855ddc64f4cc9317b,true
0x6128513c528fb7cef90dad558b19cf80175705c496080a6533395987f663ad6b,false
0xed23c71f1c6cdf512121f456b1d132ad7f5a83125a4c736710ad4975f9d64c27,false
0x98d60f90a1a714888e12326b3607841b6a3a41886f0aa966785566c72f6eeef2,true
0x28a3257ac08eb508dd87f13675e91d74ca3f63389874b9940dc69d54ed534e98,true
0x34040c2be73be62c640cee7ad6b8940889ac4c18b13e92ff62e531c11a304b1e,true
0xd0671a025d7476b4560c8959bd0a34c3ecf470759ad1bac71ea160767b009711,true
0xb027fa32c4b32ebfb330da4a8a8be0e5e59a54f92f3db35d23cfa58c2bcca48f,false
0xf56956b1a68d216bc68d4fd856e6febe277665952ab823cd40393fbb0dc4897d,false
0xc1d9f033ba78dcff990990b85f8b7bf02496283ed8406deb13d2d01a42df6e41,false
0xd09591ecbe268d04f6391452e77af004f85cef582c2e2973856da2b3dd8ddc30,false
0x424c77dfeb6837eabf7e02b7f66a7bb06ed7d52e35c8d6c5aa535249eb765e82,false
0xa360cfc5e12334b80c06577468cd1324d65d851502a62f8e91b7702c97783c52,false
0xbc338bb19b5d2c2bfa312d33aebaa1f2c03d1718d3f6538b8bd4819f562b6fc0,false
0x81e9eb27e17826928a8adbaafda9a4a3d2c2cac2c6c4f03c21ef5dc6aedc525f,false
0x87b8563d9f03132a8a376ed0a3a96b21258c4ad0050515d5c69d07dcd68b0194,true
0x0619b904908670b8d631b6b415dd51c9bc20b86227085d95535e9303070c4b9b,true
0xaf0225a3805b0867585431a0931a499fbd934628d64a08574a973e0497c09875,false
0x9382e0f69c11c7844f6be8a8f7a8d91837877d703ee1ee7acb495edda50e97a2,false
0x86354faf4d10601fc8ce701479b3d90657324843ba6bd7f393b4e5a54a96cb55,false
0x3bcef16c33dfeefdcab79d7b2776bcb30203c598abd2d33b6bfebe03b98e8ec6,true
0x605d4e6945ad3dea582b3cee0b2ef2a7f969f292f84190b2d2fd95512a9eca07,true
0xfadfbf6bfba8963b0953df41d906a7e910246504ffa8d12766d45c46141ca5ca,true
0xc15a9e161582353dc3c4bed3117abf097f4e61996f51832a992388ef45666de1,false
0xb9225d1d19b989fce50f2b23960c7cc7f3e8d9a8a049d25a5fe6d273e36669ac,true
0x9ffd8b0567d7cb6753d526fcfe36ec6c00eafe5a1e95f38d16616a8a89b2a600,false
0x52524e5295d732dc8cb6801bd11737b09b8df59121cd948280e3a4ee136c9196,true
0x1c4cab49633797833675bf54cf61ebcd0d9b4d18ae2ff70070467eaf5e1aa088,true
0x5e76b51e34b7013087af2df310ad9f4ba628eed53436dbd3c4556e647ad1e599,false
0x5271687994399f0f5fe71b6f63fabd4ebc79e2a05d54e6eb82b5f763fc6633e2,false
0xd701f4773314c6f0c10a4a78110cd86d86dcf0eaeceb77e25d571d6820a0040f,false
0x347eb8509c181b74a9182db3c482bfa1972b65d55ec8510996ae84f3f6e6a4eb,true
0xdc943d752cf6acf7278410b2614f89c8451506f197d86817b53f8b517869ae3b,false
0x26483faa85b5ed751ab51d54e900f795f538a12218bb3afef7c43e27a02b7168,false
0x3eb7f9365b69b3eb1145db2cecf114d425f520b1a7694ede0d435412189b6767,false
0x1c496c4d911fec763146adb0e2eb7eddc6ab0c289e5a9986fcb54965b8f74b89,true
0xa7aa3e90792343e034fee53b67fc3dba4a7680ba5f5d0f26728fbb457f469032,false
0x94415506d2be96d3c754a1bf04b61463d0021b856e7a0f1d47815865695bbbbe,false
0x8f0a05ed72ffb8c4ddb91c46b5c20257027d530072161807cf0b77cab7f40af9,false
0x97be87dc1247ccb0bd91525bf19e05fa3b30424b63bf154b98b5a55db930635a,false
0xab06dfa391a504172740558ba9ebdc3dd11f65e36e0d448d914337105807a1aa,true
0x9c72ec48de011e72e42aa682132c2581ab341f205feea4b5acb772efa3689422,true
0xd76eb48b5be99b8faff6ce4214ea6f7fb23586df3f6deef61af2ae613436f678,false
0xbe57ac80bea2adbeeed6086b958a801ec1fb32b17a43c1a25ef6c48d56049a88,false
0x381482775f0340d77ae3d8d3e8cb25123907fdf6947dbb5e7e3411b06557faf9,true
0x9fb97ca37ca16456847fa6c79fce3a1b9abe4e2a69f18ccd3ac6aadf0a145a3e,false
0xc867f38f91803386ce6e7b390af7719c0e7a92d2d22c00f811d30736566ea065,true
0xa95da70e5b71ede5275a8bed5ad88d97b71908f370798aac2be625ed9985abf4,false
0x3644c3d3c2117a8d637b4e9a8ec28d05d75930ceefc229f392cc3a22f35bbc61,false
0x9eeced5080ced2bfbe01ae0750eff89a5c9006e09866623cb03335a959085093,false
0x0039001914686d7009fe374a12a896a8b48bbc40f8044114b0fd33bbc984e3b5,false
0x81b2d60b1f2dd68d18d2fcd8ee89213836f732c5a3c7d43633322e7745854e1e,true
0xfd2f2e8c9e4c912b8184f735431873701701fa6402350d31c13b856b0e371512,false
0x8b64e575c78ad97fe06889cfba6175ba3fd6a6019ef511ff3b01c753dbfa10e4,true
0xef2f1dccc21b1483707a76e123e9aef4035c55facd42683c81a8de11295977b3,false
0x3d66cc3eadb5e9816d339dd0d810c20fa3f1a7e13e7222b79d8d9ddac4dc9797,false
0xb148d18e2ae89322381337f787941d864e6e6db32bf7cb1d4e376f2f6a51b296,true
0x3b64c6f0dd045809a06b38ba39e50ccc047da7e7bff4a74986ce5ff9fc454d07,false
0x9707bd7d41177efb021b2f216bfa8d67ba5e61a3d51a77a549cee7a2c3778a18,false
0x7c199789dfba569998f1fbaf2a6ffe7791eb5113c4db24ff2a6b56fb04620a02,false
0x130c07cf616f088a9afd38e3d38c13aeaabc029f9cd6b1506b512da052573550,true
0x08bf1c82d2d83a974fe6f6fb9f3868fc43fe1cdf6e56c3f606b666444a4b3b71,true
0xeb4f9e80f88ba21b736c2ae5336fe880ff430c6f39d3e9e9e1563e2bc5c07f7e,true
0xd8476e8c8ffcf112a8cf5686ff429c06850728098ad310c691f62ce1c4548941,true
0x783059b5af7f21564ae60ac2a627bbecf4cded66d6b439e154dfcfb91bbe5c7d,false
0x8f03582ad3d51cf42daec7a55ad6a543a825bce02f7eea5c2c2166e7cd66b8a4,false
0x02403ebf543303cfeea1bb837b037d70fb4d68fdfbf97ba16c433e50e96610ce,false
0x1d0e2d3ba7939ec855a115374b431e3a5b35e6f18de2989e990a7e59f5b36b81,true
0xb005e5f90f03b47e6e2c0f1e2837c64e73a731c2f596acedc6103c28e1780954,false
0xc9f709e427999de1bd2a36407a82f523a59867f047942cc99bf215a6b0286fa2,true
0xd79dcffe14aac3811a9587112c6dbd0b2406bbbdc01b0adac0930188866b0705,true
0xb2b96926ac904725eb0e088bf3b6c94a3f3af6734bbcb5a2e1d0e8ed14dac50d,true
0xd05b86154014b4586910874fb50ea481fe3a8ca4cda4fd497a8317e45e2b9ee4,false
0x9e1a79eb7a9c182f0eb14920853d321993325234923806ed0490b913596903ec,true
0xdcd426b8b458f0fc98b77ddb53fa9249d0417e320a45320a0fec01095f19c217,true
0x96c941f44b4276fd8b909febdec70afe998c537b7541e668c60476eafc24011e,false
0x29bb3dbbf6a8c4e0508a8f22d54f75c797851e75873ca3cdfc2e929f98dae2e1,false
0x3c4bfa954040369500a02edf08ba2ebd53b7aec57674150b0d6b1f3a77931d11,false
0x60cf6fe3f23dbf3af99f7d44d380f8b2eb9c501cce587ba52900605fd7a42a3e,false
0x8f4103292f50eb8fed8e6bce43f3e037cc2c2d49efed8da1a7b0225d90aa44cd,true
0xfc6a0a6fbe2687ad4894b043dc1b3c1d42ad2edd719b437b056335ee906b33b1,true
0x4c29d87b303b0310524566991fb1e45649b8809b60417a01d1eb4ca96c04bc79,true
0xce06513c692d9423b7d84f5f763518ded9989848d91a07c9865ae6e54ffd9302,false
0xd33eb7e8f34b8d7872bd0557228def6d40617dd7f8af9dd338a92f0f651e7483,true
0xabc4a6d1a32de522ad93dc1a9d682dfd15f43386cebcfaf4d1bb635f9f050301,false
0x6cb5831e0d282402d3a32bbf8d46597edcbdc7c237e826e4762fe06730d89893,false
0x35fe5ae9584f1a57af4a3d6494285b9709114dc8d31d90e70cde2c757a0fcb5c,true
0x766ee61d5055a0d6a8614ed4c0c0d13ae647dae24346336cfcda071a59359e5c,false
0x778ccb16731d5c7866d742e66910013710e40c63ea2a464996ae20202b71b5b5,true
0x1ead134a02b3093002dac20b26131a9fb6b73ce7c9356b38c69aeaa64dac473f,true
0x06ad22e7c26f5b48e2eb34d5517c0a080b7b73b46438b8f28682ab7efa039027,false
0x0d5d00f7affe4e3a24a59175f2562c5b84367bf8c8f33b9eb0df831866430fe6,false
0x3b6b6e373822c382b821386065e49b6350405663e6ee2c570f2ffbced6b2be55,false
0x82afefb3e7effbf189a2aa2182dcc1b96b64d653d646827950490787bf8c24a4,true
0x6d74568c8e2f117e4074f023cc0dc2e98183b0f0d1e80e8be45bb40a23a3199d,false
0xf97aca43ae4d6068e1acd581fe0ecb0caf9ce0317a7078cc005a829918365f83,false
0xec9a1fa08d07f93bf63585347361d691c725a85743cbf42a5c0e082c672f8f75,true
0x5615f71e1e530bf6bd37a3fc7129aad11c3c3f38fdb9f8c2d35e6370a598eed6,false
0xad0b106319d97b8b07a52d3d48fad2dae42a2c7a83e4fcd24d3e665238034cdd,false
0xfd794ab6910021970467c1f2ba2dd3431ada5743f60a6d12266ff68ffc663b46,true
0xde9187dabcb089f4306e46308a694bc1ec94ebaceda27f7ed5a7256f181877ea,true
0xb2c36073b9d446b78d3cdc864219121043e88d0e62c40f35488794c947546843,true
0xe5b09a30bf4e9a1bbba42443923fa44cddfd85d83f731188d674ffec84fdcee7,false
0x76f3969c7c8cd6cbd11c7198e0518306239fa93cd53d50a2c2d5fd820923d0ea,true
0x26ffb045f2854ea9ba235ae6a5b60d05cef6118899f2382cbf0982b90d3a202e,false
0xbd3bb8bc84a4bf7bc09d34606f5a21d079395ba5b4c23ac22e213c6d4b30862b,true
0x8ecd36a7e18da2e2637c8bc40e7885db908ac3a4141af5c9b7b6b5147d4dd6c5,true
0x9fe59cc6494bcdebb606950448d139de49d589df9d81c08e3a6e0ab18dc5eb3d,false
0xd9bfd5cd1da4bf242918e78e5ea696e66b0f1c8ead38d2975d101d055656f14b,true
0x3aaba3c50505d315ce1c2cb2f1dbeb4d1e5c4b3e98efd867ed34cdafe96760a2,true
0xba736a965280fbf0f9286ef74a09406745c247f5a44be81317896eb9a3050ae0,true
0x012389a1624aad05f9e632e0b4bd26c9b1a1b97ae03c612028285838c1776736,false
0xbcec41d02e3aa12963a40a8f5195090bc8d2ca2a2681edcf40011131a438d043,true
0x00cfb51fb44c30c4fb4c1407862755b0a0fc25d60179794a979c08ed19b7407d,true
0x27cf4b163fbd417d5f88fd59c7086b5bc53f963f96e7fa9f1cb954251148f784,false
0x1ab6008fb0350d36360e311876d5076aee583148c3f43a86486d81b07d65b8f2,true
0xbd5238cb8d0c880da3015b5afbb080806c0a9c7675fd4852d9b749437daf79cb,false
0x566a1738c04c5f099706f53ec5096094a9b25611372281f1a6c8824641f8af57,true
0x219ac5447767ddc532277d7d812b7fa20026cd4b2ff25cf5bf3b5a3f1c0a68d4,true
0x084c877af513bc40da57fb99f4b914559a4d98f6fdfef5ad2fb1f3f4616c5c73,true
0xfa3a614a111e27858421220959e52a886e899bd69830ade147ea41faa9e7e74c,true
0x3ba0c4a1bdd90951b47a31945cf49e89b3af51e628056bdad59031f04da2ee69,true
0x87ed093f93cc27655910b4b3ec8b972e11b2590b0c6ec4ea7921145624d4d4ea,true
0xa90acc0ed79e96cda7b18296705781c722e1df4a919dd5d727e4b26b76d0cb5c,false
0xf32dfdf9d371ccaee15f9882bbb7fa706d05a69a06cf5a3664c73ee579b6e62e,true
0x778897d8912f724fd21539b7d5698a5ba8339cf0275198bb0bf0c0f1487b7adb,false
0x833bf513212e7e13cedd42c1d1a1d6cbb072c2a25f95f7f68ef8d3610e2cfb81,true
0x16b82125a8ef8d742fb28a28aa13d05c27a943fe3b9f3c96848808e7d661980e,true
0x0c4a49e1ad747c593e2cdace0704ad7eb075179f89db3f7301a1d851b456cdc6,false
0x965ca4b4a14af7dbc9739655eb07f7cafbe6d5496487540980e897bfcdb0fb5d,true
0xe63aef38afd42f85c4283c602e1360b6f8d306986b8dedb991cbfe426c48077a,false
0xaaeb3a4fbe938efc8d5ef54ad4eaa85c2ec45c522b6752072d7b8c04ca558513,true
0xac88eca29868f665b4008c39ac20225d3d2a280e0598aba039de53fde73e2b8b,false
0xa9c7956711cea90600dbe8c131a21721e2fc11e4103ed8f7d71fb591c0b3d38e,false
0x391961b2482a1da3d2f242ec30b6bcea095d2903e5b2558cbee28aeb21d9c575,false
0xf6af14c0bf210a854387ad348b86e60b5f5d5db4798ec166e2331cf254070119,false
0xece33f4d8df0290526fffc6f14b2104ed6418a8ab97447eb014be78e4bc8315e,true
0xe93bc688b9c477ab5f8c21d0cc2a14c4b6b23bd4ce7fffad0ff639ef9f98afa1,true
0xd5e0c5c4deb6e2da805ce198539f0b320fcfada0317f57e178adc4cb8c3a9da8,false
0xc5e6954d1e79d5072db8bd4c735affcd7ab53f756f3d4393bc2b7bffd71e7667,false
0xed7e65a1c5f92f414afa22c1bf31769221447a6b056324742c921dba562dbb38,false
0x6ec4c6af10c99b1f7243605a3dfbd93c9c3061744d3a07596674557cd02d8cc9,false
0x688500361e74f83ce7013938b6d38014f0c8ae1d93071f0fc09c394d8bbc3811,true
0x33035d3eea13cba0bcdd4fa802651ac89807efaca8202f1d5aacac64b5624bc2,false
0x0f5f4e631f1b0aa7d9e5f03192e28f84759ade332ecb9269a9bfdc19e9af6e28,false
0x175a185920aac7c81dad1bfa56a19e9b6a6dad93c9801eef42cce52db9b0cbb6,true
0x5488b42bccc2bd0b652faca0f58177947949fff637c19aa8263d78b155fc7649,false
0xbda679af196a26562c58459b882b750c87d16106397198ccded97fe3989b966a,false
0xf3ba09bf5c945b563489f91adfab3f5362d539a800b87b80a3037f97c38cf29f,false
0x3001daa880364092510ed5fbef8efa43daf6bb214a83a2dca5792b3d9d0bb3f7,false
0x473d074f9415712fac6effb0bb4ac08db10622ccc7b28061645577161fb84816,true
0xf7d6143f0ced4eac02e45a931c14263c0c089b85ac2d766d6f8707c92026edc9,false
0xbbc23d04053dfe5280f937fdd8637f01849d462cf14d3d53a1e567ac5fd8fca9,true
0x3aa76d964e61e1aaf68eedc17b79fd56a8ee3dc3744cc84d2e3d4ec68b21a68e,true
0xd3a3a019c919536e297f4904218c3f080ae1619ca0a5baf9b0dba9ec06a0e67d,true
0xc998903f57b6de9a702670fec6bf98edfee349d51dbc8ae426abb9f48f55e512,true
0x568e3f9b8f984fec7dea1057847eb0d1168f1920268c66e4c9be629c5e3a7046,true
0xe560073560b817d0f8e5cbcef904343dcecc277b100e04dab640d0e4a75dfba1,false
0xa3dc3614fe631a4b5a358ee247453ae1cbbe71ed92becbfda1b3a4d02e2e35af,false
0x7e5d94ea732c2f8bec6b3131de16ee5a25d4ef15faa8536977ba03c67806c27b,false
0x59d1cee5f322f5c5665f81dd14d98fc082482083058caa338def97c749ca3af4,false
0x694b76f540ea1469b8f47ad82f1dca294def7a68bd0c1d7a3109b67fac2f58c6,false
0xe3e1a81c3e617726a8e2f6120ad6a8dfbea34ffd7631157e29df460a17d26dd5,false
0xf3f81adf46629040b3208f4d36b76d1ef3e625928c3446bad87f476473e25d22,true
0xf6e6c39a1eade65466c1e40da567ced53901ace6f20fe9618b1038ef250f9954,true
0xc649f81b6fefd084ed05b2653d8d801b854580af0185c3e5d871cd6e501319a8,true
0xe3a697b67f2c4d3e2c2b7de18c26ca6b8776caa8c7dccc04d3be01d00fb13374,false
0xdd1004e803d51896eb48befbd52ccfdfe22b71613bf86536d218bd21369f71bf,true
0xf5c8e4766205464d7c8c8c22abde2c7d6e31bc0c0223d4a900e0137f78428bf4,true
0x7a4e6da0c3b395e286fe889a21b83d8ab41097d8dbc592851f724faf44e0e578,false
0x26d96107115e806d441486f0a499b8f98a7338a614762c6ab32f11dc193e968a,true
0xc524000e4da032c2bab26ac144cfafed8952c1bf849859f286cb8027e65c85f2,true
0x8995ab37dfdef59a1be1d3f683bb4517705c04599749f46d89df22214f40c398,true
0x9bb75106da80a9fe492b337e6a6fdc0397c6764f3f15855112b291866dbac2f1,false
0x9d01d729b6f8d0e271d073e9d7d3c528ea6052c522f6eb073559fa462de8af8f,false
0xb4736a7a843a25d711559bdbd7978836353aad53e07053e670d43541798288c1,false
0x0c8c89276824ea0ec653e44d4598708e85b47208a2f95cdbf66eb08594ae7f0a,false
0x2c6d550587fa18b24bcbcd8aed53b36be4409ad605aaa0e3506a046c9f889f76,true
0xe58949961fa03de1829820dae373d1d80838a46f020348871b3c4f5dcee16a87,true
0x4279c8436fe0318cc5a1449944ee85502d1835a4cc199dc265a3b775fc4d89f3,false
0x79f5643743d7269b3c2dba8a1676d741387eabe65cf15d1d31a8056cb7e7ee65,true
0x628645f21f03d445e2b3faf4399b9c3368471b3fe048c30474b680d89a6b6e25,false
0xf42eb87d8aab3959f89973b80a0fb817a89932ac7043432f93951ae2a8c55a94,false
0x58bb06f9076692c3e1dc8226f0686ca09e27c38694a5274f7c77400e5d8fc318,true
0x57f1d0b79d92468bb3eb3f6b3363d9578069b60077b9dddc516d0609730453a9,false
0x0bf5fb8d8371d86a53204a2d2068ffc85ef4645075efd58e1381790f80844176,true
0xe4783e205a78020821bd8c950c39941f2830baf59e87be46bb10c623409eb5fb,true
0x85217ce7e522c3a742d88be51fcc94cd088c08342fa78e2facb6b32b1c00539f,false
0x0747fe514a63d5663a702228c8f700960c206b52c8b1e7d6f02af8d949371401,true
0x89d7ac5355bd39f1b689a226998da11a27e3c023a67d3d3266c20097cbd7bfc8,false
0x48cb6284c60a1d1c78ad0ab1d7412bc48bb78a87ebc77b64aac878085fea56b7,true
0x2189465a665b3222c3607692fde913f138aa6007ddd84e30866317d1cc86b6e9,false
0xb184fa939499642ad70cdb00655e87ae13a1e4740311b39e3c023e7fb99d51d4,true
0xeaa072df2bb0b7495f381b287c230e1d03e4a6027251efe6d5bc1057a92fdf3e,false
0x07532899c0ceeec917f32c2abedafc6d574c40749f28a7d25911f64e8a9fedf2,true
0xc8ba73fbb3c3d3f5b5a97fcffdad8d125cbb374d3ba905a7b16e79bd15b7b435,true
0x8d318f97857fca34fcbd4c876a3c01e9ac32384ff04963aa76019c9f74aec2f5,true
0x7c170885de70108fca17a5272d8950b83fe928e3481bd5ba4e8490f62b93ca43,true
0x858f7f7562af029981e37b45b2a87258081a4b83e09074a625fba85e383b22b3,true
0x8acc5e2c54d1eab88b6fff8e73e0470f357fe5a11be34a7097b328b9dd2bf2b5,true
0x2c740877bdb28bf856e9c097200f7a1de2aa57fc6079fcc2ddb87c41f63e25b1,false
0x5891a0bfd854e04452b7889f5cddbbe8114def762639eaa5170653bf9c57cf2f,true
0x2494c3eb411e962c6acd4628a730321bd5f70459d577c6c485007467491a1e70,true
0x1d1cddf29d425c0cac57df478799887a29576db2e6a622f24e521d9dcd34bc88,false
0xd58bb516724bda65d51304cf1bea33ed2fce581bb12d720dc9f064a715f5308a,false
0x9688bfa6dc5de4479aa0e63844d8bc8b9a8d0063957af3d71c807f9cd66b01f8,true
0x2e6bd6dfb9b43075d022e23a0b3bfae9960d471fc70b5d81402423c10900818f,true
0xd783742fa78231f45e2cf5b9d28d0148eb88ce1ad6fd4cac8d08fd8a34a0ae8a,true
0xcc64b4d55fc380915c8ed20e04973692abaf743c9bf5c724e0167c255cefcc81,true
0x3274af33beb12dba8f9010bf5b0243748a193085025c1277f5d51befe1e3af17,true
0x87b19d88d8070e5fd6fb146bedba6e5ff5738677011bebaf94c4e558b5f3c99d,false
0x768553d5fbf11b562bb2cfa7276c526793bd7f7d886849a36fb4f0d001484931,false
0x80417a0e0b5a58d7beaea323f5730abb1bf0c02ab94ebe2097ae34a091a0f3ec,true
0x22ddc0071eb384337539ff7bf6a8d1d460081cdcd70fe7ec1dd249871306ffef,true
0x2cd70e170cb6d8d6d2e28e69632fe17caefdb561cdfc64b6c7b1d2c3cba20433,false
0x185cd31716011280036160085807d20ae9c45852f890d59d23e576715430b8bc,true
0x361e1b1dd2262c792d95ccc177c0952578551a6114188e0eba6275427533430b,true
0x59c2423a20b9d06a974ed7f19c7a06fa78bafef5a32d25ef9ad5ec042c8e4aa2,true
0x15f02e9fc9d3c6efc5f6673c46a5f75e3887571d1f0844114a83103233f06475,true
0xb3920097c20715563555102672e8eeb007f389ecd5e49e00ce5048a13a4739d0,true
0x47ae787de198048504c8ed0bc23dd53ca2d50e9f3c2e5e7895da9b1d719aab38,false
0xde97f8955d74e75143ce0a21a489c821ff84d458be69530ce8746acfefa9f69b,true
0x79e7d66dac45315ad631fb8ddeb8302527310e52922428549e3299ba17521cb5,true
0x136f9624d055e31ca8f4069396e197274268fb20fb8be4e58bc2191e6862dda9,true
0xbee753ccef4e2fbce34be0bbdb674b9ae3891351c359efc39360ce43a39a9900,true
0xad0dc0d61a892b82848e611a88d5c644bddcb521c3ad752cbcdab2ab2d163ef1,true
0xe02f70b03a0955da4a322942572ed17fd160118c169f5e994f23ea28113ad58b,true
0xab576e7820b54226c43f6aa6ea0692935860f35d77e9bcf97753cdcb86141539,true
0x4cbf8a0cff179c1fcfac0eb10009a2fd240096f557cef9d12a0d5ebc75b2a507,false
0x933d196fef7244e6277f5a0948d577db7c30f52b3d0112066bfe0dd8dcd9130a,true
0x022799225c0e761cc812ee17001b6e9c7f9f40cf3dce4a490c13ea223349cbc6,true
0xf7b5b9a8c177b6de7e9b219a42b2a718048a7175da7d9ae8741c245fb5832d85,true
0x16e8758d902fe13db39fa26c8e1065b27bd1c52f3457cea429f918f45f0eff2d,false
0x4bea0c40dc875fa96485beb681d5d4dab1936591329b47b9dfcd6fd5db0f6ff6,false
0x863c2c536b863947749c67b46a774270b42969ccce79447855bea6d6f9115f65,true
0x6ac5fdd82d8c137dcfaa960d61995e64cdb21b4e4b01afe07ac1dbe20ea74c1d,false
0xd01ffee84bf6560b64c17a4e772fc004bc9dd8106b16445b6fa7f7a82177ff1f,true
0x5b4f004491279405d67d30470eb5fd324d304eeb45dc6fb6d8688d14e0125ee6,true
0x635ddc5ba116c980a6c8fb52ab76f4389dd62bda4708c58a63cf55aefdcbc88f,false
0xc8884779cafe7aca372be1b61695fab03e62188c044898bc4bfb126a4770ca49,true
0x1b627dada1a113e6c09e0bb32f1a24502d007733986b7ee13f6cf5867efb0617,true
0x6ce17f3beebb5a15848282e4b1f26d827c5470040525f029192edfd5a2be527e,false
0x34871ab5823edf804d752273a866b6b178375c6ff4a2fd7aa04d92c2d21195a4,false
0xc84349ae9e13f1a8fcfaaf7ee693476a04774a98d72213354441b1ed0a84c9ac,false
0xbeacf1d880345cb2e75ea144ab19474224cd6385a3ded7b2b150cbee0bdefbc6,false
0x54deb1c704f59c0b04f1d8a19faa74ae5fa3db9b1086350dcb6700252fac483f,false
0x583a2eeab90ca57272991df0dd61ffa67d78456c5bcd86de2e5a1adc84030e62,false
0x626e2ff949a8c615b9769daeb3f7562c97b4f679ec49b9c6e743ecdd5cc97e95,true
0x071041ae43c7d91d8caaaa4852f8f3a8e5f665635671650dd3158b27c26340b3,false
0x4c86468e92c2762a12c41683b8e594ad3403f149181f2b7ae334b2a55cdeb1f1,true
0x0896f8fc6ce21c836127d48a305185a8317464c708969b40aaf3412d325bc7a5,true
0x386be84915bd3ddb2fb8be5c298f74bbece8931c38bd9c704038a301860347fb,false
0x1138e5fefc342f06e9cc34c5a283a8f0155dfd248fe85ef38ca1010c5c682361,false
0x85288719873408c6e84ff885ba82efa1aa9b28525476414d38e121f1dca0abdc,false
0x6a6ffc29bccdd20afcc3ea5972d8f824e5f9846f3557d4ed02884fb8bb538d11,false
0xd8b5e8cfa6e48383c31915e5e612f784bcdd0ee4bc024b957518af78f89e20e1,true
0x8fd002c6288d14125d4c3f89f2b6bbc2b8f6e8141fc28d916bf0653c6cb3d852,false
0x29c5fa9f748ccf6b47d9ee5d012be6b28f9e83a368ddfcb81d0456aedf43ef62,false
0xb54d3c651d46934a1a894dc6987dbc78095402cac55b8d6a00f98842b03431a4,true
0x1feb2361c4675ad265e5ad8760dafe7bb9b8f547570b3f0ec5f6106357d9ff2d,true
0x4794ed3f0dfc60af7d8b2d443014c323ed9ed9f01bb30fd6acacd96c9a942881,false
0x8a6672e54c6cb4cd7aa80dba134601deea16eb5454ceb03504affdf817483468,true
0x1c4f6f3a8f08d49a181abf3324fcb7ab2d30f7f491714919ca1d93d1b9bd1a5e,true
0x4d8c71addf180a97e59920db06379dc12ee895df38d358c44af5b17eda870a19,true
0x4d1c4619f5fb751b8047a73f6430f614e6f180a1bddceb6786d7c7607ecdcfc8,false
0x6aca28be92aadf0614bc5af2970668abd1c4be5d5843f60c656b33d25e4f30a3,true
0x50b08787d3ca79e93784bb7e46ffc261145cd0e757faa03de3b9f143a0fdd735,false
0x3bd5fc0ce84ed150520a92701892dfa444c564bb0ad881275fa83fb81d094a25,true
0x0dde092b58b2c8e0e0635c3dda939825d30872039e54a4d557d93d520a235294,true
0x5a511689067d17db5de807d95498fe7b40cddd3c0a4c1fd9577c32a8840407b0,false
0xa8bb6f718c5716bc9ddd7a7d89517d480c0adcfb2de8c50f259b9b6bd5f34a75,true
0x0667545859dd0926023f0cc6599b7f4de8c16a946710ca8826d1394ee01f69eb,true
0x22a64a746a3e870037d837a7e49a57fe522d64e5c14f24e72cc354f1ab9f8a1f,false
0xd0a26bcf48729994e148623751dba16cd952b41a5a2029af95df94c9c1528763,false
0x488672117801a5fecdb2c0c298befa8d218b8ea0e89c72ae287ed967b1fd7397,true
0x421620f55b5a47e6a42b6fe573f22f9717f81278930d51dd11ec5b18815f8230,false
0x229ab2cc1425f87a596cca8778dad17ab2284268ac452d5e5c5ff338d31f191f,false
0x2035b5b04f8d3cd3752e299e2d71b062fb246f14304f0a4b787d89a08dbf11f7,true
0xccb905275f954a263708a9f2c6a0c7f0c8f48ef4b1d7b3959e99ac928536c255,false
0x87eca0124f9a319cb7e532f6e04e92fde1ac73953cbb9f298132dccf377da1fb,false
0xe33ec5d07a5847dbeb095b678cab752b0acf9b4f52d1e81047cc89e031fe803e,true
0x9f65ab77b94151c0bf4c28c2bae90b364ea42216898c6149ed75637be1d0495e,true
0xf0ffcbb48f89cf34b64f7c3d5b52c90eefa037241bb731d5dbe3e9e1c1145f63,true
0x37bab01c5a7f926f33e4cc1e1f0105b97d45c7a064a905ad21a3931c5c4098c8,true
0x4ae6d0d8017cc6aae28f5fbf9a7bb25b1161306035844f19e028d3d6c5b1d3ef,false
0xcad49814ffe2e8651abfb2b0ff95d859b90db53b9d6b8888de66f6026475bcf3,false
0xe831691c7191bc82d63d766e164d5815e22d60fe7b1c75b7a891d2662d86d6a2,false
0x5cc807b2ba2759c39dd88203af9ecff630a901c010ca078062bfe537bd5e4869,true
0xc5d82c4bb2015fd6a276f8d9dfd8525cc85c50d7282ba6bf0b1fb33c51b60d29,false
0xaec846304a060a38e40a543553ae5d051f70400d015ff1eea24a569258345a89,true
0x962f20cfecdf70a872a60883b5f32b211c17051dc3d5c1db1576290dad2df66b,false
0x730694b4af84c7d0f88694a167dfad03a744d430182cb3cf90c86c6e479d88c5,true
0x65f942dfbc12879299ca477a44b568e62a27c7b86f5ced57454b4c8916c36acf,false
0xf830d2d8e6cd28da2a78c659857bc79b8f3b56227f4f136932777fa2b23c1881,true
0xc5157b526cb8280c25bf838fb935554f6dc3598c011a1201dae06a27b552dfec,false
0x12053ae70ab4988b73b57ee66d24a82ee27cd98f7d14dd204766f612d6b28027,true
0x63a5acadaa60b684228055947b8f9101873998b3799500e1aacc97b30e2299f3,false
0x57d1adfe43f923d65143a08d124925acd1850555f711c515205cf5ef31c0cbde,true
0x702b4c5078c1cea772c1f2174ea468b794ee4a38f9d2e19fac395eac0d301b47,true
0xefdaef38ec79e391521a1f953a597fa7a6f011819adebfa364742ecd26cfdf92,false
0xdda8eb93bbe5598961af89018f9d474c5609d15613a637721a2d6e5861eb173e,true
0xb28976f6f57135afb1a112cbd9fbd4f018fed49c929534299604178ed473286e,false
0x2942aa1ad610608a62c4faf6e0abe6efc1f60dc69a0d423a3abe51b6118e8b09,false
0xf9e926ad4d2a5cd784f729bf8bc860c6e825e640c57f5b2f7f707f6a0d9bf73b,true
0xc6d38c83cd85d054f409a9bda799a67ef332ebb903299f6092079397ed2c4d10,true
0xd656e8c293f234993c04143f502b2610f2471bbe4c06649cb14dd62e45a40c25,true
0x345d6d1f9ef7d2a4369adc8c622903d3e446bbfe66d14cc8a7c869535236b2ee,true
0xb0d63bb39c0f2e1d20f69eacb782483765f84acf5070858935119232a90c0d91,true
0xd6d551aa3222992dd74d38bab9ad7644eefba60dd3832c510d1b97d8a1e1ff68,true
0xd6754ff4e0aff4546564a99cb7018de1609b54261f9e07db97397f126a4ebe79,false
0xa8489c9cec645b3ec0f6739d190c98b440f70bd06371dd700ef3459f7645651d,false
0xfc1576e12c2f3c16714abde5c94c70c99fe0d200309fd674651291b73b73778a,false
0xd376daed9edb5a09ee7facc037e011c8b1978fc8cfcab2cd762bff7ba631cec0,true
0x175ec5458cd261a47c581ddc0cb1dc128f0def90212d7f472ead13a3f564eca1,false
0x591aab38bfc4f8c7d5ae7b8bc025a6714377703b66075a6be0f09db1ba5f5d86,true
0x16910c53dd79fbf0a6f98216787acdd994c1dd879ea8747878346f89b98fdb13,false
0xc4e82cb7a74abea7aeadcc0e793d64eefd0ca1f4477288bbd70e07dca1c40d8a,false
0x0a63c0bb24d84e141970366382c8437b97b30e7ebe48407b05097725ec15231c,true
0xc76afc0bb3b76284c56dc2a7af32a916264b378730fed283f091140b1cd6c81c,true
0x184e05fbd65f54bbe3927069cfd0521ec1cb7cbb5c382bdcf75dd49f84f6a459,false
0xcc9a6f2546a019b3786cf1afec2427e242b22b9155ea21423fd3c2eb9176a8d1,false
0xbe9b97aa9d41a4f810c0e21a5856772f49bfd78453c8a3d11fe498d06459571a,false
0x043fb3bc22875043a2950d7e02965b0b5e73ffa475a731a1cb8cecfe760e579c,false
0x2a1f435b99cef6932e00b6b1c1753617f9bc268b3b98392292dd953b46c31f3b,true
0x275d5038bdef2caffed3cb855960a07b1ce4787b476ba1566f6635b4dd21929c,true
0xd01b1e5c0f240abf20053802483261c6bf7b5b7d69ca2aa2b262544b8de971f1,true
0x89d8791e697bfb01eb29363081a8ef17336c4a0c73f970da42357e011cb42a60,false
0x86168c7be06fb10de9a93a9aef6807a35907f2f17a9729e0bf786818b30d1ee9,true
0xaef3f37c245a46e96a73e667fffc5115b66a59bd40ba24264343f8e08f45c0ad,true
0x2c1a67604d6d4c24b8be938eb92bb54079a1c61e624d611d801250c2db421a5b,true
0x43e5eda1b7c29eedbfa960b8b762e4dcc422ad354793b01400bc7266036646a9,true
0x59e58bf657ab5f0ebc297e5527681234a87377893a82ce3abc9bd2bc7513487c,true
0x54c4a53c7938ddff0e4e361ca1a2dff23dd032ebce81c8ad2471755cca6b191b,false
0x26d243fc457d2c4b33187f146420971a461372d83a8650eb79e7bb5f7e836ab8,true
0x3db6f3273e2203002b93014b67d5a70f0793d2bdfb9aa336060d5667e0ef8177,false
0xc61e63e6845b277efab21488fceebb948cf6b94a2fa3a57ce35507773224cef5,true
0xcf6cd8895ab740aabecbe24dfc7d3b0e81c5963477d3d74a0aa8299dc52c232a,false
0x5ddd34bf15cb6aa289ef3a8d24a1fda04c326ee5b2bdc054bf56143540e858ad,false
0x3207eb70982c50f74e8b863f03b9f1065129c352012cca878e34875619412f59,true
0x1c96ba48a594fc79628a9f9982342d933964cab618578f6161749f6bc011c7fc,true
0x8b5c4a6f03a4989b041614732c49d08b629dce4219bc9d174f1345f01f4c8054,true
0xefe9000f03fa0cb28fabaa9d3087ea71ea1f4129d8f39ba68bafd1a1cf32d472,true
0x6fb1472eb0994493635b1ef974e397018f23a68eba1aac34073d0d0211a1f780,true
0xe396fbf6fb13964d0085d14176e723f96f6fc43e3475feae698fbf867472e4e1,false
0xf911a2c59635742c5425e24e66b89f077d1e65b077a2855248a024b6fdedb68f,false
0xf8b99aeec125887540ee1dcc10c72fc188af288cda6fdd60c7da7fb360c97a6d,false
0x5a5d7a569daf6f8f2c90e47520848ee3208483ddd98cbd5738cba2ddfa362b1f,true
0x8cc25adc2e725df3b588036d6050edf14c95105c05de1396a836f0ca0a20eb85,false
0xf8396a9077eaaeaecce1a37ae177e034c75b80d970e099a6b90cd25706c0bc88,true
0x7a4ad4d57c9deb057ac2f387e0cdbe532fdbe6054622c8ca99660b00549f844d,false
0x3a51eec4fd1c4e1a30fd095ebd7a7fe1039eb3db2a6d8f79d23b2cc525d88ad0,false
0x52d50952688d1f2532d91227260944e24c8b83d411ba39a6b1e95aec61f11a18,false
0x8ca4e55df8ae089b897e82d188948213ed0841b3dffc36635428d8ffb77357a9,false
0x8a24455ddf689b7e663f11934e3bad1c518df2c9e6c6d263bfb3ebdd547b8f5c,false
0x9361d54e586c6d5665703a98866037c088ed2fa7861a2d78114fc97cfa6caa15,false
0xd5e35a9590583d48c4a53f6b3dfe2b501c424c4727590bddf0e503e7045213c0,false
0x200e1273e24cafe6a27c5ec4fc3c7006c70b2bb79264e26b23c80d39643e6269,false
0xc0b64d3da02061e1d954cce101ac56ada2cef1866fb51487be4b4c215f379927,true
0x321c478a1816bc7b057d509c256cdc7c650258c1bb316e3d2bea7720bc2d476a,false
0x54ac924d6109fd627e5ab1656fb2517d3b87937f7c02393c4c95dc1fe9886488,false
0xbcc9d3188bd4208e79851de25cc9622f512ab6ab09032426cda3a931ced9cd23,false
0xbf8a46806c6a4ef3b1721432fbebc63bbb880312f8a227c3578cdca44f7edc43,true
0x59ef5a916c8b74f9d3d57b0e055d4faca85b9cc7fd273c10b10b8eb99b782e53,false
0xb19592d693c5d34496350fbccc91fecc4aafb925b93675922282990ad1a3adb6,true
0xf0edda35ce198e10f54f0d11195d0e058acf8e7063152e2f9c18406a309becfc,false
0x6250abef65e9b52424efcdcfc3cfe3ce5b401f9736ac3ea01c29851b7ea53f04,true
0x0759a04a55519ec8b2afd7ac162b942fde6425828acba24845bf0d005a6d07f3,false
0x4225272867a6190bdca82d7f781d8185a44aa96f9ab9425e936fc3703b41c42a,true
0x33b674db0cacab416c0338258832cbf7c08735627b8410e3e1284eeaf49d0144,true
0x57f4cfdfa1433414f54092803d98938dda77f3277b85004f47b8f8537dd0a287,true
0x670b1b5477ddb675718caf898f769356a7af6a78dfe562cdbdf7737bd553ef90,false
0xb233f24b93757723dda54719f932427ebba107510976e0d054a35ded5871b270,true
0xb8adf0afa373f77d8bcce9286e4554e0a2a0f13a4ca4a9b34235b7800f771e6c,true
0x03fb380b8eed89dace3186f81ab345895d6fd4d3984336949027a1aed0b20e5d,false
0x02bb4a97e5d599ba2a7ee9a67d525e6a106dcf875ceb02a34ec4cfb1e22ea9f3,false
0x7d89f09a53a23898bd40aace0d643494c3df50cd7818a2ff0acf0233347c8d9d,true
0x14da8c9ef59cef30f3ec7c3567f7820033b495198faac78208c45a1ac9fc7c7d,true
0x4a2acc88d177391abbd20c5c80803a562e3d0f3f3053d451c25a182421b0c62a,true
0x8ca68743ddab245af785fa57dd8b7332092e73d79bc0bd1e9f0b71f1fb6c73f7,true
0x0a9b6e088d6db87c505d433599bcb74fe41eb4aeaefb0b011be34b576d2548b7,true
0xa075071d24f39f3c1fc1c0e9c7816d5e39f4cb79bec86c16de87e59b8adfa5e2,true
0x4b8eb8ec25493feb794cfc8e9188804f1d29edbc03293ddf6b46d553fd3103d6,true
0x31f166f42314f72074c3aaff81e4b1282cb702ba3db5037533f70a8f019ef152,false
0xd4e245bd46c3e8b1b45c5c16e97539cdd6abc66bf059542790e8fa990e3b2f6c,false
0xeaae5f1ffeb24fc02a1cefb4f81d5c02f42d4f824efba23a5378dc5c1c418631,false
0x2f2bbfa945c0bb6eefd75b18468df5644fc6d14af4ffba159d7ad29945294241,false
0x57768911c2ea2e1c298dacd8b76502f36dcbd2e66f798aa7fac87e66317766fb,false
0x40d9677b344edd5285ea16fcf4882a4b8c403d3eb111aafb414d32133c4e6e40,true
0x0dffb56dcec89b40b113ecff7a6e2109413945d883f477fcdceb9ad53f9770f5,true
0xfbd67d9ea5ef90329bf9170fa2ac38a8e3ffa5038503ceae46b1d0400dd75a5d,true
0xdf9076994de76a4c49898b2b4026e38a7249d68dd73509deee35082783b88c7e,false
0x53d8a474c0fcee5f94dd4c1a7ea89229b433cdeedf5ec115a3fff8896dd6f393,false
0xe7e8b2d4e85e06613ff80db24bd3ce6cd8bad7d90c379bd9f7e29eefd2e26928,false
0x2c01de62c090b209f1796f95800e712955d0fafc8d37f6f50edeb6cba05161b5,false
0x87543a29b28ebfa4b2d948e88855f92b3064090da03417b82126bd46b0c8278d,false
0x4e92a71818455bffc9e84f32790d7a823cc3eb874d10a8ac732557e585bf201b,true
0x48773d2b9e99a648b343acb7ceed38101ed9d9f7e85bbc9430698e4d55dde710,false
0xead0c0080397e9460f52a564394f2e2f00c76cdf11f40c49ee36923e1480998d,false
0xb4c3cde7e974184be91b24408a0e2550ae074c18ebd1da87a5abd666367cca91,false
0x9091da033aa51615c150062e7dde2b5d8ac9d452d54abedaf39a1f2feac56ac1,true
0x2b88d2cea25ab8c6e2fdf39b86a0f0959f112e7ebc527105755710b0f1c8087d,false
0x57424357182e827ae2751be0eda7964def9c0fd2db40f76e5978caec6dc827fb,true
0x5dca6748fae718bc6cadc13e37a97e888cc5d6be4e17d81f34aac8312d4b0012,true
0x6aa8d9f654be02704b9aa81ba023f096f4aaf8e934a45d168a580dde9a1a00c1,true
0x4dd76fb1944e8377b07eb89b34cb17084b24f8e2ab795e5b5e6bce8f52377f9d,false
0x5fde068bc4884f90b32d361235c55dc2b3ecee598ac5ad936f664b713b112d61,true
0x1e28afd4d5709484ff204ca304cebed046bd3dbc7dd2ad8c59e7bfb208d82962,true
0xb095a223cf7e0bf598590bff58ef2dabc3935af4ea224765930bae2e01c2ef65,false
0x004f9ec6ff2d91cd8bddf11b7217dcb9c1669e49ab85ef49eeb8424abe6ad6d6,false
0x0542913406099f918236c5c865c508eff05a44c3ada4f694510ad60ea1b5448a,false
0xd3eb3014e046f1621e8197c1ad5af964cb0f68984f9bfa2ddcd15d01cf215e59,true
0xfd946bb6b8d652d1887ee20449800c90da5a4e38f2fb5ae1f41bf863e32d637f,true
0x31e3cc3300d0cfdb500cc1109afe20cff1fa1fba6c83d2ec6f5785eb3e0b3f93,true
0xaa6394ed1e7004760d65ee7c943f76611c73cd5931adf2e0a4a51523b860d50c,false
0x514749d2e56daa4f964773714950b14e5a083d5cdff49d8400545fa3f328b6c9,false
0x3b625357ebfa4da1ada3113f7a7af66cd32f47b26943b8b559ecc2bd8245942a,false
0x606b220cc6d8071cd46483f8e1cb941cd4a936de33932577f3da15e74badb7bf,false
0xefd9d9e6d7ede634083d093ecb4d0b52e84aaebc748753b94eed46240c21c5a6,false
0xbe53f005ed55918e08a5ba2e79d7e410a08f3d920eac7d468dd587882dcff370,true
0x759b2caeb712b9e982412866a3d2153d567f553e06c68ee25728563d41ac1c06,true
0x787dae436522a5ba2b57d21cd572004df8245f969250bbcc71fe24ed5f7c0010,false
0x22bca1af614b662c1bb23509bb282064b27cd41806125f43c0ba25a771ac2748,true
0x04941602e1194183d6290bdf11eb73a48d59410503a1870f8ba89da57dcfb9fd,true
0xf5306d03612296bdcd54fd29797913095af410077e52e5d5c207ff7ef50fa3fa,false
0x451c732a7a328b8aabe6a4c5ba3b23a4cc86401fbc1142f30d7589c7684dcfb6,false
0x36612bb1c2e94f3049bf0127d116aba1a458f7b998b4f788299afde40e3f73af,true
0x1215276a30fb7e4759315cf2eee302a0a625ff30eb576db647e55e7109755fc5,false
0xb8ee10bfd3e95510678bfc6cfb4150fbcabbcda954dfe7a47c27a76a41f93c7c,true
0x24b1bd7cb5b6e93ff8273ec2fc3ee9be9a14faee83431ceaacc1d411f46f538c,true
0x07eedd00c3c53674b63f53a4baa67e3c177a18e75b6ec2869e4bbf5a49743f34,true
0x6dace6722671b2b298612785b89b3f3d37a29c1cb726f87cfcfce3a91a159a95,false
0x368de81f7f6ef313b248ed73cdd0361512d6c95d58f0d634010a02dbc32b94a6,true
0xc019f9b028e3bafe25af6650e34fd4f94879420ac5cf22b0d6c7be3ea23ee190,true
0x449225cbfc24b8bba744b8c5831518e96b57ddf663323f9902367700370535f5,true
0xfc7de46947f4c07cb9f22b38571511c5c301b7d32cd49c24dc20169cb5929b6e,false
0x637c2f597800539a7252d2ea46dc1cc2c5badc43fc7ca42393ec55efb8e95ac2,true
0x4cda7224a50a127195131411229e6a08eea234a5e3ab36c55c80683e180f2e53,true
0xd275cfb868f377972d6ffd532052a1c37b3ec683ac769dcbe8fab18bc621efda,true
0x0007d55cdf2c3115646d668db6f4407c05671aa7118a380ef4180275565a3307,false
0x494286937fce914c1938b511f6f706fbdc8a19d0354b4c913a3d149f315ade71,false
0x17b5c15e8cd75d153fd58f3bb27445f5a91d39415f0d5fd3e0ea97d582cc5669,false
0xb58a3fc4dff9fe34e458174d09d7bd331fdef8bb506bf338aa05f7542288ed3c,false
0x27c0d4493691927fd0f49451e5435997510018a575f43c7c3d82664d1fd7e790,false
0x273b6c09080cb13b0030a2b713d996c5b4a03c835cc0b3fe511923b59f29625f,false
0xa64ce9f7a02c14b594388c8dc758ad996c036b03b1f7f0b012a125a173d9796a,false
0x02d1a94bf27bd0e87f619544d6170780a2f6543d912f65457d78fec38aa6a3fc,true
0x68870429a99d79e240740f87066660a72b6b44793b93b29e61b642cce75f4c85,true
0xca96237ab006f124d6aeaed2ad29bbebe4232e54d415080e09765fe18bc2ee1d,true
0x42d0581fb5f701579eeb711fcd30b3d280c6f5c7d6371f8e398cd3b381579721,true
0xd18f1f08827033c0683f74573c4e5bebe95af59de05cb21cb38ff5a2000aa738,true
0xcd5ab8e6bf38207047d9f1cf05835944d9d2557a7e55d9bcc34d05c846db1f61,false
0x3f14d847734f2bf99101bbe51e7b1cf1701b4751c7cc00a64bb37f7fa910c094,true
0xe2b5587d8b02d708b0cc121717b9ee11eb3db716e307223c377aef528b94d7a3,false
0xa50ad602282708948df478cab7c04fd04710fb6af40dbe6003b7f73c9a909767,false
0x9d4985514520c8db03644bc175ee9d1595e9b04f2d8b6f5ecd8c3b7ba126c3b8,false
0x2b367c28cb98c040a576b492b88dd9c05f10945fc1d271695b3deeee2815bea7,false
0x12df5f22741b81c0fa6d1901da7a8a5050de78ae2d309d027f892119e02ba49c,false
0xf1868a66376cb888f49836fbe8f851c591eb068320528370ce9af5ef2d28203b,true
0x264b78621500506ef046ec7d3a24b5e6a504713ba1d8b85852883a07abceb21d,false
0x36e2fe3fc37c0db4d8ec43ba46c3336058c37bc2aa6932861f678fdf7601dbe2,false
0xe7c0dcfde496a4cb6cf15c9cb2613ea037c816ccf2d210d63e2f9c1b4b536971,false
0xd2676a6f89df03763b4a28263da26669b7959fbf183a8ca43d4e66d21075f44b,true
0xdd7e672375214dab6947710c429d7871da2647b3e06695d6d8fc5c7a0e619712,false
0x55848ed742b4558ea91637265dd7f601784347c9cb2e754f3370fc665f8a0a92,true
0x4e63d3b2ab05b835434fdffc26df31d8031c2de3bf25a062912961f4d567bfd6,false
0xea1f3ce6bdbe28a55b3ed60d7d1bb4c448ac29cba6e3b124870eab1f1fa55831,true
0x1b35d9e96e826de959dc538fa880f3b85f170f2fa37ed16ddd0187dd9aa700b5,false
0xd23db506a8f1c1fd7469073551016b5bb8ee8f1f808d18f327b0177b7f0a289f,true
0xbc184619dd61205b60273ae8463bfc707259b39dbb9cb78380ef5d69bdeedd89,true
0xfd279ce6a28d26ba7dd2f35bf3324d3e35bdffe8ede7b394d1e67d654e064860,true
0x477090bb809e34a08b1bf524cdbaff50da2be11eb366208eff3a9fd9a65261ba,false
0x35df8d94bb8fc5739988fd6b0ead0e1210c6d669c52795bd65aab2336495e848,false
0xd0090a8a9c3797ebf899ace22957d7c1a19b292f6b31acb427882178a5a9d500,true
0xbed7bfad2d23eab6249bfdc23b52b63fc7b262a6a66610155f4b31370fe18d44,true
0x12873ee7ff6fefd0503b8d18565e0947594529258a339ad1d3c30a52906c7165,false
0x5a97c107ddc6dc3a995430444498c618948e825701a104d3f646f665b8f298ba,false
0xde7c1fd76d7055000d246c52bc2d1411191c0c1e026ebe07873845362d184c15,false
0x21f9a4017260d72c6e25ef2c8db8a1a7fe969bcde7d940dc8b6d6a4ade49870d,false
0x25e5ee9a0ed20eb09a1543fed60d4394fd45446b00be2a273ba69fa958c6849c,true
0x3841d72d8130b1af0d5a865bae24c1ab27d4766015fdb54f0f27d167df405294,false
0xbdedc846c8c4587e7684f1c5431604cbb4703fe40d9ad2e8bdaf6823bddb89e6,true
0xdd3d03d5dfec7201f471b3fc42777f7dd9792db9fb91f0a959b11f785d13269d,true
0x7fb4a5a75d7f12ba17fb890aaea5b94c21128f116b9e5b20ed350f642e8e2419,false
0x421b2e71c7c55353de8e7bbb140ef3985ad738492ea67d1602f00292e3f17c5d,false
0xd934804a4e5880e1ff2cd079a4b186013e2ac9987c59238404ce47500a64cc53,true
0x1d34f14839d951700f4acdc7330bbdc027ce0286234d4559e359200a70805cff,false
0x88f239f2af22376c0be2edbfaefddae37b5c75612613d74b60e8e4bdabf3078a,false
0x61943f53d1906f1332a7a8e4a1f44be596fabbed5848b59f21e4af03e1712df7,true
0xc7ac1859ddbda297fc488cd939ceec13af68c36b128e559063090214d8ad7621,false
0xd8e4524920ae2487a0c698b9482d709574dde3bbd6624d695e0a5797d63d7827,true
0xc3b61d597829cf8d99721be2d30b108d26d7d192270071e2b0ccf75c76eb7cd6,true
0x3026c276c06fe31fff162f7a3d3ae0680ddfb17e823d62afa823dc8e6034055b,true
0x51898cafea4bb801f7d0db259e28a2683d397432f2f160ae00427f48948d352d,true
0x6944d71274756489564f943904d3ac0ca24bba487c978abb7a43945449049df0,false
0x88d4b9c49f95eeaaf12f04a1c4a7bb562cd232eb78849117a0a8770ce641d681,false
0x23f6d6b7e2d7b51d951f4ba00edb55ed7b886ad67f560a1cc5fc4ed21c7204bd,true
0xcfe1d37d18e729f7b5e2d664bc91e346b527a4f4406572b37ce1ca7db6e42cba,false
0x791dc4cf86bf3437efac8777c657ebd89cf702b0e98e7c64dd45a8d4e2428c36,false
0xca1ca44c95b36d4697244db64a49334a41df789640d767f56fbc9471ed773e40,true
0x1d2bf951d7cca8d3247316c834506cc1f1fb142488190cfb56faf79fbe4e0744,false
0xc593500a04cbf442e4aba2f3ed1d63e22a9c1b112def3952616eed5956c6b533,true
0x7ac45e5a42f3a46c94e514684db34ee0147b18e25ba44d3dbd24c9c6802e5066,false
0xa3eb4a0e8dc2e7415a01564b91dc829a44b1fc3eedc58511609373d6e3ef4637,true
0x3db6440bf99fd64fc4c43621f9830a18886f223b0bf457eac15054673ca44f23,false
0xb51984e9a916c4bd08ea7c835ea49996891ad6a8bba6ef83007671853cadc10b,false
0xef10e8fc1e8b603a90908194c0f579352a811cf7ea74c4f72eabd25189a0ca89,false
0x3e8dffcc563df39bfcefdb92f9aeb092a58ca238489ce279ff3b25cb3dbee29e,true
0xa0132ce8546323d80405a45cd6da5aac7aaaac35fd165860e39a06b622be0388,true
0x8ee51c8d6cc3814a8d143be072e49a9a557f1651cb86beca91b57a8ac494e574,false
0x01ff69660b31328c1c9d177521f3617724e360cf2347172fb9bf9eaaeb039f98,true
0x52e4db363a819198d12feef611e082261362a2bc51b448f3910464c7e583b3ca,false
0x1f133c668f1ae4890209cd6a94d61d5bdedf8ddc3eddb5a833406963c585f40f,false
0x5006b74e7767bb2119613804445fd125c7c2c5c545724c28f4166ed4e6fac3f7,true
0x589b5ad108910c75a991412748b1a9c19f9ac71067c288fbbe6d0904c47ec1d3,false
0x8668635b417a2f6065eaa2ffc5e26d7698e73008a3021bf091d047c41d20413a,true
0xd480d74654a8f09c8827a497eb8aa86c9013a03cd21975dab23a81b54634fac9,false
0xb7d829f5d9669993a5aae3181dfdaf6f1bf185f35b53b22e869da311ac7c0080,false
0x7d520da23a2adc478f26d393d5e18b3be711b1ef7550b0dde0d53ac33dd1e02b,false
0x92631c63550274fe9cd054a82776fdac1dd7be7de1a609d7b9729f9616248dc9,true
0x56a2204b3fac218bf3d4d89f70aeb9f9d28e132c300f770e230c450579f2d3f7,false
0x97b3b936eb4e852d0aa75fb803a9f62c2f48881d5e715d9243e5c559d3f6bb15,true
0x314e19aed257b4a5037cdf9548b76708aff2fbec0370a124f20b9cecfce8fbe1,false
0x2ef3bfe6b1c3583a3577c1e4a072468bf9dfef12e6181025c29992cdba18c910,true
0xb02dff335d61025dec145241bb54c68d59ac6adfb3061fcd4cbe6e9a098f2acb,false
0x4513c06dd8b7508a7a36311ab1c5fce3cd12cb30ef6798f4007185a3d88da3d1,false
0x2b62f91b8e324c5f5300475b621fda19d035ddfee2b60f2419af90c97f87b6de,true
0x0f3dfb97f419f1f8f0435ca4d0a4da21947f6cac362ad716da094fc3dafd1916,false
0x37c62440064acf8e64ddf4c171397707e137252c7e5e8c9dd15a2bf730062d38,true
0xa883c40f28d23cc9afeba450ffcb6d0d715e70c50c521a789bd2c7086d74da63,true
0xf92286315d59c293e5ba0fec82c222692c3c305aded97c9fa8e8933806b8cd74,true
0x0125063af7661c53cabbe5018648af69e6c2faf6a31507f715b7058d80188d8a,false
0x6898ab11e3c7a275ba6e75b1bd3c89d11a9999d41602925a3d34c6fcec0edda6,false
0xf8e8c32e1baa9768489f0d42ca9bd9b1eb49905f1c5276baec90c23ff03bec2a,true
0x424779ccd6c3cb8e338232f6ef92449aa85a1fc93ff7ba5459c9efe2f91d44fc,true
0x2de2492a799ae6fc8adafd1c54775bb4cbe1148074c0c80bc41b9e984d5c5902,true
0x2907d4369aa6a48efb2b0fe2eb8d7f2143956252b080846f8e37a1287c8ddc93,false
0x0ba5d21be17b22fec30b23f2c4a46df055553d68f42506d4800eb6d29d931aa7,false
0x274801a4a1d5314a7a7a38a534f257382b4f3bc6b8d87fa8648873159c847da4,true
0xe393818a39443ce8d3df7d071883fccbaf7dd53c1ad13f9273f14edca376372f,true
0x8d5d7039e568dfbff77a52fcf82311d8f5f9468ea2c050c37c23042cf86e3904,true
0xe75d072e1b26b46d183b531a96aed19d97ec8ae81491c05eb105a640b201d9d5,true
0xd403e083214898001a0414bfe2abaef563158b2ffae607bac6b38a7d6801dd07,false
0xc122964dbcacb3100a58ab71a163c8e5cc2232cf9afcf9d32190eca0fb1a17e6,false
0x5670e467493d7ae7d70895ec975d470942a039eb43849d2fb6191c1595a69aa5,true
0x41a6d02bed615e2275ebdabd69d92a4b03911ee209b7722c018cf5b6abb0eb21,true
0x4fd82b528e03be4d552a9dc31f7f12906be8768b0f0df3f0bc62a330f931df48,true
0x6508b158e2091ea9d87d4f47bee9f6c91a7bbbc387f87a961f8e203c3c494c97,true
0x5d96e008b944c876d18de88aaa4617bdfe814b9193ee695ca448088959a81e39,true
0xf332faacae4e06f307f6fd9fcaf3afd76eec1033268a39f775a6e3b4c8e3bd70,true
0x54f027522c4df655b2944e8e43a49b26ad9987b11153379e9d52f1072ae5ebd2,false
0xdb5bc6726a7d74795e6b0531f732419a7192b4d290b33da9e823af2870b164b9,false
0x8be7e4cdac48277c9a794bba063bf517ff5002ea58793a5bd7b89f321c30974f,true
0x4c38577b58a47469965ce0d1e3c5219552175528136eb66e935a6b2082672842,false
0x575423051eb824e833f92484b7465d5d9f0cf58523d6881a49ca3646676b6b5e,true
0x98c85ca5d496204c24a1ecc3e286b3c479e49877d92535358fe271c08f8268fe,false
0x6758981dcc066f6f1cb15951215bf6600f44ea092b57c44fbcb04e1896720ecd,true
0x81ba4f3860bd0673e9233925ee68af61bbf4c279201a8a6a8d1b5ef922872b7b,false
0xdd36ac4566c9531a06c7123c9bad661b76ff5a2ccd5ee03fe499e782651a425d,false
0xad73b5c11a2f5e27971846e0c1ee9af986066dad78e14d5e6123d30a819bdba0,false
0x4906ee17760f006fb0edfe0667bebf009ae00d043d9fff8211f537266612addb,false
0xf4f719326a1ad7c9544af8751c6da2411e2f6f7e5d6a8170b8f091c57c38e3a2,false
0x7cf481ca8b63dfb34c9820bec304ce3d0794a08e8d53d16d198ce531ccc44406,true
0xbe9c36a97d44f3d0193ec81daadb0ca7d8b828a9cb5f302efa3618b3f10c61c3,true
0x635bc973cb05ce31dc982611c106ab2a0ff6f7f8731a3f55f40b2a4757d34631,false
0x2408cc008dfeb68e93072ad3a8e14e68d3e91207edcaa951ab3c0b56fe8d8cdd,true
0x3bf53fe617f6100913149758989c2cfb7e287bf7b9fa4b1a1d128c7ce2894bf9,true
0x48a55a9af059b08963fb6c217e7ade41f50662819dab09e6148a656c3f902f6f,true
0xf4f602c08291085ab487edd1bd78f39fb52c45834d7dabc1db260b7931b4880e,false
0x9eb9570d15b68a5f3f48c0c47b02f1febf12ec4076a3c8aa45c05bf78ce9624d,false
0x9a2d60b5110c849e656c72feb19f638e12744800ba43d453c3dded89a8a5bd59,true
0xd681d5fd6941c70d93b5eeb52179e15ffd4d91abef0f9d4ee08a014abfa52cd9,true
0x285fd8e4c4fedd330773897d2e6ea1c6e3dd55a048faccf5b4ab2c358248b9c4,true
0x53fb170d82930ce5af11fcabc76cd5f71cd8fb36dc967fdc3fa1b2ac5cef0e4f,true
0x3388b53f9b5e53cc2b89c79f27949a9b70cfe81307aa4c767439a91e9b115b5c,false
0x80292b72ee1243adc64068e0d479a740c5c5f51458029b0522dc21f8ffb7ac1d,true
0xaadefa2ecf04ae1f24a8a20ada5d76bcedfbf880eb921695d695b0fb787cbad2,true
0x795f711c8d7c0896f974bfaf95070bb213a7578abf05b3a7d3ab200207dd1c01,false
0x4d38d694eb3efa86c7111bb1b57d8ffeebd73552dd626f4b6ec61b479bea0933,false
0xc54829508c6411b30622fea86053a1f397fb2bc687df12a51d29fbe6be53f20e,false
0xbb59160b75c8a80de6ed3fa82b044f45b4319d174d8c556f5ef5a32f70eee5c6,false
0xccafd02069a02bbf48ed448a58f33cfe7a86127439eda3fd3dcb4840d9c93073,true
0xaa700265a80cb01eb8986ff5ee91bbbc5dc9a30ab9ae62e09c78ef4a69e15e3b,true
0xc725740d2495a0d4a7d484956f69ac87c5318a88551e8a17be6f4a709ad744a3,false
0xdbb3616a23dc36304b1cbceaecdebe078b57152f453a2696908b3d753a3878e5,false
0x37c0a5e8fb38fc2ef03ae9bbb3428116efb511bf837807ce8a6e99750943842d,false
0x8d12bbd2f1840171b1f31fdce9deca582167b5d60313af000a6ffe4933db58de,false
0xe8a9c8be5e79f6e1ed37ea9e5561fbd736917745cfb4fbe857b7377b6a230622,true
0xe961a418157015c0e9094e0b58da8b2142685a78fe7da95c0f07b0412a7e5123,true
0x5f05f5d99008a8448aac6db70331d66d2d35d09f936def8b16af6e5997c4bc51,true
0x80ee57b4d4eb031cf478e7082889dfb0317e62d92159e60bc0682ca4e41ce617,true
0xd6ee88ffc11d29dc40e4c8cdddaaf307418e1d856b4b04203eda5b83e51ac197,false
0xdfa4b10f3f41b036fa5c6908f63a263ce3176060b58d26d9ca89a4b4a40f1f0b,true
0xf26c08e3f4bc37e8dceb31ab30dd3d6469b0a0516e85a1661c95f98059c7b436,true
0xe7f403f295870d1a8dc86fad32088009bdaecab0f3084a507b4a8bbcff6c8cf9,true
0x48d728cc6b22301c07aaae44ad37593e3c5d1742d4c141937a3a2097ad682c75,true
0x32b31fe1ec32112f08227ca28d0bc81dbc7fa893464055e0bf6b60d08079af55,false
0xc8efb6b866d59326abbde62d68bc85797f8f73fec794c9ed46318bb2fb869b95,false
0x672c9b11492847ffdc0ce0086fad3c075b8267a6f5865f6a9fe682daed60d536,true
0xc18c7f924ffe2b2bd17b51d85533ee939b446dd585c11dfcdd1abaed8f51f187,true
0x7a8d68092af7821a04a85ee4f6a8dcf733d54f1a63bcdeee5f23082139782f9c,true
0x6c2283e5dba5c4c4247391d6877204b3f2551cc65054ed77ca5ff58251197f6d,false
0xdea825a48cf8468361e331b500b3e4214d184eba34626dcdead414ea509a3ad3,false
0x52f2423f2a5c1371c422878d588ff4d6454258c052fb15e3e9316b4856813255,true
0xdc2673396d441f8f8704ee5f860fe72652ee7046a81c144114625719b74e7634,false
0xe54ed3efc8d9112e93d57f1f10680e82fe6f111be7f8bd0c8b4eb9ba415fe257,true
0x0243d91afbef1a0d152560db3334b760d6a7492a8e2134ebc61c53507da6ec8b,false
0xfa9a8e7e86f24c8c43dbe1aee556ea45325c95e57a537c07f187898e2931bee9,false
0x62c75238b7a6404309992a503cae2993ed4da6d73a7a181c727e4ec56ba23797,false
0x75d316427801c4f0814f2a2052cf2c29e981bd04a52803635ae3bf337c57c33a,true
0x286ca1a024e501d00bc2346491d80e86b6fb2e7a3fbd20e4c3b2bbbabd726d29,false
0x36de99d197a1e88cd72f16a7c4a4c51ef8f35d9b552ddd21aceca61608322323,false
0xbfb8c22bfd1c699a4af93ab59abc786b60eaf52997ac2911ebf22224811d0bd0,false
0x02bb1078e11e8c8a17be69442eb29337bdf897744b3634f7b7f1f4e0a98ababd,true
0xb3f998ebb9d95a1ec65d984bf62c886d2c00355f0ff1f64217fa103ff9203915,true
0x54041fe39dfca63ae7d6b9a3a20d3243995b06b4dbd209d2b1ae5b7e04a44bb1,false
0x29efba66c4f7a97223d7dc03dee7049583881ae301b4228b55ba0aace31a40f2,false
0x76c537411fbaf1d7d90aeaa47f520821d657b98560068d246cc7384f5dcea2c6,true
0x88e2cced6ed21f20d4b81ff187cc64cf84c01352c73cecaa53c31021f753ccf0,true
0xaa05d0acf0777f1e5da9490a30885dbdc7f9ad7bc6319e889a1d103a5608de0c,true
0xe3d8f0027b3a4e0d55389984432146369b31dca3cc16deccb959d02c97916bdd,false
0x75f04e6162a2fdebb8f014655a2bfdc1c81230e3917c08179d2e9f3af7988aad,true
0x6f24d94e0707a5f7cfdf3a31137004e2842f35620c50b864092b031aa55d3548,false
0xbd8b0f068f4cb4ae7ba1639888688bf83466961e4a66394218ad8e22e274e0fa,true
0xe7d693451a4ee376228cc99aab1994107415880dd51941e6e634c4288dd8a26b,true
0x90ab67b658db8aed82eb659362bfa886e19b4d26cea3796ac6c69a014be6e8d2,false
0xe7effe24b6620214020c01d7d089a7f99c339988fad543a213fb5a08f4e670c2,false
0xae970b52ca607523c49f838f084d7b055d693d6fc40549830e7d1c6778ebcbcc,true
0x8368dd3e615de42b3151a1dfb21ec886a2c5c0897910599691f50cd0d0e80ff5,true
0xf22797c6d47bbafa7bd5dcdc13161685771d8c886641c097639aa87adf001374,false
0x8c9cc8f9577a74604959fbb0f29d05a7184cc2f9cd188c23969b8d8176f2747b,true
0xb29ad2de7ffd60280e993a78b8cce4b254d6ec70987a68f9699e0f3535483caa,false
0xc33e4986297a452608e0c6e85f9f57f63a89bc9acf9e827321b848740cac32b8,false
0xda0d1bcc5d81993c1c48fd3c1628e7ef9c269e17aed7285ae7989b50fe2863d6,true
0x2e8bede979b9171437dda2c7fc6f97f5497114b3c08dddf1fa174994069411ee,true
0x9036bae2d8150ed1f8d2108f3cf989b77e0f740c6780cac69106c90647943935,true
0xeae4e3470fe66308e92711c787ab511e44a3291548f4723523c8425f34fa23f2,false
0x48cc8a07d595cf8965250c7be3f37148c88df5463db6328b4ba4c4f78f9bd502,true
0xb9ee0875a63e4d980f89a45298df259fd1f55260579c4cb82a7715b0f4bbbf4e,true
0x807c18bbf807ce854b237b292f04727cbe5becbe3e02ca77001f2cd99fdc50f1,false
0xdc293efe7acf5ee3e90af7508d008411b4c457682e3e52f0c547c44a35fb35e0,true
0x8deeb2df180ef9c543c1cef595517bb8ef75f27c5a32b6281013828f98bfa99c,true
0xcdeca532db09b74e07a830133c64b2b02bdcc914c6f6788fc08ff01f3a2286f2,false
0xd010904e2cec623d1a5c17afb60044d27e07d422df16b87aef97ee5f7539aa6c,false
0x4f313c7495bef4afe4f6238136bbe84bc98dfd5fc18535b9d7002b9c3a30e908,false
0xc1fc992d06b34e7731ae4c69dbb2c1f19ba320c1003baa6af982976da5c5bd3b,false
0x7eee81b24d127837a361f248cb3e2a6cfcc3e54c80cf6d60ec674ebefcd5eaef,false
0xd798e052c0be2c8808554c50cf87bac5dd1d34c121328c1c77ef683c196c8904,true
0xd7bbd740a2028e20936edf28d2da2fbb8231cd2b04b7d6e2649c4e5ece2fefb0,false
0xc6381298fa47109f68da2cfea7da3f9730227f9bc6d991b256503c7605643d37,true
0xc6aae7e118f19d8431605ff89169de42f23afcf95e7225b5df0afb4c20d3edc2,false
0x4946f45b8f4e8919be165839d28bb589045320f9bb25032c3b84b3e4528a6737,false
0xcb5b0cbcd122c39c6a4004d2cec5bbc52d6506f3ce1712ab1a5c9b21d43e7173,true
0x10ff66aa0bc0c328d72e0fd06ef5cb716f6b2924ff0c10b80a54d92a11c5ad33,true
0xbad4979f3ada8b58a482f47a98769448f2771cb0227d9d00763feb3e35cac539,false
0x1177718b1d3cf69dde3d50e7d36cc5eb9a5b2473678c337c2dd997a7bf10b899,true
0x84da93c6a55d1e08ef03f856392cadd04168675a5f3ba8e16386a42f17e3ee05,true
0x14fba42ee5940523b8fec71e925e788d7c833eca44e60d358cef2633bb5c173b,true
0xe17dc3f0a3888a007ed7a04daaf03b66d1400216e5c821106993cbf67de5d6e2,true
0x803053eec401edc87f4e160368ec6a93416eecbf852e8ee6324f562c918afc4e,false
0x3aa349f90b824c8436de46efc6d48e4cf1848f64ca807fe0a9ef0bd86a3061d1,true
0xeebd86d4423218d6b4186e33de463e863e40c0121fcfc93442a71b5bbc0b68b4,false
0x2868b9ea8a1e76414f761b5b7c0838eb40b9a51f5dfe46efd969a31a4954d3cc,false
0x1ff4dd795aa348fe7d98a9b36b8d0e5a9d2ca10f0747ee0303b6e5b8049c45a8,true
0xe6f7870639efefcc6eb6ce2e9946eca1e6542793239eb79a306e1b5384a0335c,true
0xf705ac85b23b65f1138b612c0a059bbf52411a74f9d7d4b534a5f63e02c8c898,true
0x78111622f9c982ecdf5e6045d93204fcebe27abda00796457c0ce1c3993ff532,false
0x687dd85eb057be92f7f46df0b2d3593059f6cc43222ade84e541d872a7e69d36,true
0x62f9d626e8a50d4f1f18a19c4e27e6f33e46c4ebd638c2f21f6de48a7481057d,true
0x7e9e804b7e21d9176a1904d8ce3d2b512a2115633c141b2934437a716ebf4955,true
0x1888016bbf0809d626f3d8fb55ece01ba9544611e4237226080ef43e632605e6,false
0x0c7b4a7adb068d1ab653025106001cb5f85af75c3bebbef84cec2aa532c18d0c,true
0x4a8998e1702cb9dbce98dee613f9443b0eb1679332258584132bd7abf1d5814c,false
0xff7f6f9f766c41de5489511165bc5a3d748be2f4c53b94b2f67fa1706e58e003,false
0x7e3aa0a2249e62ec20626794f1cbaf244307d6e791a7a1549ab171a3c8674a30,false
0x4f9f7f54aabd928eae2527d83e3227572617636435737915336fc68771dd1b94,false
0xb8ea83d7552a8c264a2dbaf0e696da59fc3236d182845227e5e4a21a0ff1175f,true
0xdf664f55e90470c2bfc3bd0eb020206f05851c0a5b7ecde9e83e700b45804708,false
0x1896243c65f6b29086fa0df784425c5da5c6d3f6b033ae3ebcdf92f7808582db,true
0x8761c4e083f5df81d2a7e6128080183169e4a7ca574f5774096226d5a8d362c5,true
0xcad6e7e5f48024a994e77cf42c60dd4ab71fab71e87f8d9b2fe4fb52007ccb7b,false
0x2ecafbc680c617106e4c43e1cf1482085f84b947d64fa5a251f65b738cb4da3f,true
0x59b652010ea859e1aef2e54f9886840b267a85fd1f62a60c11913baea564aab4,false
0xb297343f6c108e6b4dde60d280a2e4300ab49c7f64ed9426647b44c35fce2369,false
0x5c95d01a48fbe7e2d43f749603690596a12bb49d07644b7219ccc3aa4ff4adfa,true
0x2fd5b46f35fab51d61ecbe15777e667f0271ffb5b1e12287853e8e43152da5da,false
0x44456e20921cdb7480b851dfa2b0e2c1c9f8a6e44522121420596289a9078171,true
0xc26bcb4c72fcff0d45033f7b05ef1476dada335daf5f25858554bf12ab602e6a,true
0x89f956fdb58c4c1984f685cbc58658008a2b3a6833a8dc4ff7ac0da9256032a0,true
0xa45a210efc7da3b8b115ff399c35cf5bd02b8d56b749ab496672839ae9c0d49a,false
0x6ff0a11fb1c6c14be04bf829513549f2a03c5a807fd7492808fbd0e263b1605c,true
0x5751638040ba48d104bd60536a285c62f87a3e7652471b15e7b9ccf0a68730fe,true
0x3aac3952d5922362479ac54f75f41799d34db87fa31514eb64beaeb6e69e3d56,false
0xe8d3b265d12c71a4149095445c3a97a059054713e29bbf47f71a2f412229734b,false
0x8cc8651d3bf2b198237792ec2bfc0fb2ed8a601ffa42acd6a85a12c1cebd6b93,true
0x8488a7fdfd4473c3071cfa484c8c99ca7c4f488fd50f221a2687bba317399dfa,false
0x036d8da528aef36daaa76523f500fd79aa88572e5f5e51198dd570d2712a8cf5,true
0xb640847ed13ebff3355e011ef96c30dd6c2f1bcdb38099de70a6ff12e48b77ed,false
0xfd43142f2a27da26aa4e4709e3f147b955fce835e784e6291d5d1a0a4c64cbbd,false
0x00e3c5ddff03710a81e5d58f414a373a13b06f0507bcd66bfb59ef52abdb2d2d,true
0x44306231b37811e03379fd30e28a201da47329171844ffd3ae78394be7b8a483,false
0xe14df3224b7e2645aef59dc630b776a065800e271a0fafa575bac7c825d187b1,false
0x156cfdb987ae7bbf44a2952a739240dbe4828e621685f2766bd29fa4fdd5de78,false
0xd6c0f475a800c7e09adee8bfcb450e68bbcd0322e75b8d81fc08c3793463107e,true
0x125a50b470e90e72fbbcaae7fbc65a160a31ee0ea45a363ea40b823ffec34e91,true
0x0607b177fda1c846dacb954860b655feb81d19e3ab60d0b72a88006d9de422a1,true
0x1f893b90e80b270166a4c49a10d3c2043f8a10503cc13a0c4bba7c34e6f7ed91,true
0xb2234bc4534d12cbf1148f51c0a2c7cbfa0d31f07577134a3e7eccf0ad20b42e,false
0x6f4d95861a81c01bb650119aff4f3bec2d5c0cda617b71fab42660f1890a096d,true
0x5168e389a8d6014bbbe9dab74e394f3dc3a820174add6e97f2330207f24e8bee,true
0x9015b264f85bb917a30187f25d524a22f66452ecfae95167f9d0893179bbd034,false
0x2be03449d98923b4dd91ec01130a0b82346eda03715481854f6c208459b12e57,false
0xcb82157f02ce3bb3a5a348cb4e7658c1ee85806691be7ad265ce84a391d3c8f3,true
0xc3edd078ee2f3971f19616e149c184c0d8f5dc1578bf919870a88ce8b19e142c,true
0x5dfddc72892e1ae80cdd173346236d64f617d8add42c43b53f7835dbb9e0f0cb,true
0x0e1f11338454b77b1b04781501e2f45f53118a5fceb3578967c014c19ce57a73,false
0x9e7293c76b079afce9542e6088909f47772cf39d382c5c7e29fc0ead3bc08fa3,false
0x1a3131bea2e6aa2e205cf7194a2ba4a6580bde0f47aefc85703556f65cbc6f1b,true
0xe1c09832a3ce870de5cae325e277b60ce59c0b41528b5b6b21e1256a7575dfa7,true
0x740d9aaf1e18b85f2ae03c3ebee7beae050f6a04241e2ba3651cc0e2ac9e8bcb,true
0x2b678731d46be55f8ab2634c8842199cee01db90d7477e4d02469884377e8baa,true
0x61b397bf8fe2ac0817f21a7105ceca803b635b7412cffdf44a42a5a68d0302e8,false
0x15e6e1d0d6261fa6dda5b280bdb1076aaf6e325306ac41136670969db39255cd,false
0x77519580022d0d58250bbcd3766a802675cdb825d5fb7def0c82083612cd51f6,true
0xcea54f627d8385e20ffb841c6b4f5f9b8b110efb100a61a35354dca679d2dd3b,false
0xe7f503eb357a28672c249a08803065b69fd9d357cf2965c4c8ae0b667281d098,true
0x669b2a9780ffe40ce95c254329a7e13fec9cf79078d01cfd137ea88d85602e31,false
0xa73ca17992e0869d878946e317b144f01275a92d1d9416d7c0b731c9f928bb93,true
0xcc3a0b08a00fb90763c9cb85c07c4ef4a747447be58439cd83fe0199b24a84fa,false
0x95776bfe9c14006c9c18acc92f571fd83044ab82e2084259864f3b3f72e28dd4,true
0x7409bcbe7741e894594bfd53de2fab1fb81bef8312439e2298f925c41384cc68,true
0xadedd1fc28f43d560e903089d56d10290d310884b36e4d1e3a4a27cdb4cb835a,false
0xa7f13ec89a1eac8b3d6584d3189870a3c78eddb7c97a1faa6605f1fa83a89355,false
0x8f9625f256ad1fcba5e99f1500766739516555d6c9cf281b2583bc2459ea9dcd,false
0xc88364331cfdbf6a7f7c9ae09bb788430603051cda0164f0366f258f538bd546,true
0x4c9b02d4e5b1821ef90723e59824f90884c94384f0f26fb6fd430c504bb00797,true
0x9b0e0369c500606153ff1709ebdddfcc59773d9985820ebeff4332b7b03d7679,false
0x876f8b763b9d0519ee130c13a2a0adb18e6355ddfd17ca00af11406f84915da4,true
0xcaff8214e2f94c036595401cca2791fa780069c5f7070f6dc35e383f10bcd389,false
0x61ece0bb19da7be326e3d3d361bea6c88f3d3998916a9ffe3dce3b6e9b56e773,false
0x1b33d7f9eb46637c870f410a3897c99850ce333fcd327e4ed132dc20d8299352,false
0x6a3655507dbef549169c4abb7bbcf52a4bb95f5f146d9ebcf42ad5563a3abcf4,false
0xf492e8d951e40a369d42731c78cac324810d9f2dc485fe591c226804695faa45,true
0x67ec56ff75437d9e6a8a40dd3cbfd5be4cb6a6036f21478c0ddd4db8ab1109c5,true
0x93c4b407cb4521696d12a27ce24790289f27267b1dad53c53f1fe5f4fa303e67,false
0x3510134c061ca830bc237c8319e22944af8b4591138d3da91dae47faa0ef83c3,true
0x9e9afdddc9cd578cbd40cd83c6257130e4918057107a609c851654ba5a903da5,true
0x1f3d8cb1f31433c632857913ce0e92f2c04172a2095ede8eccd2b386075e978f,false
0xc7be332d9c949eaed3278cb2172717f363a13cbb29b048340b64595e8c88d68c,true
0xf7705f6788a1850d604c5ae5bd7b6060e18a0bd4a081040599ec3ee6efc053e0,true
0x187f2c32931eba188ad8715b3cc33783541d151f257fd60ee3d72421bad47940,true
0x7b2ae19309bef97965586182e6a3a1d5bcf222dc5027433ae336a308a7d2b834,true
0x4419434c2365cf086e561939300c84c2df679bb838db8edfb4ba112e09becf56,false
0x7831a0332ba2e0c7b940d58108067271f0fa187e8c27f2d6c6fb4dffd1048965,false
0xd26ada74e817b0073e5b3022b67705ed6f2fb9db2f6fbc76cd5594596ff63747,false
0xda53aad00420d4a5ba26909499ad72170bc90fcaea1e748681d6d791eeba5885,true
0x48d41ea407fdfc4cf341ac1f6329f2b2d00a83391277430ec347e2d3889cf712,true
0x7ecb064f033496187c348a380a3e0f1317f5e96023837cde40097bf72754de85,true
0x26ba7dd591f286fa8f5b85c1be651392bd188b500c822a0b764ba3cdc0acc9aa,false
0x94466d22aba4dc13050b078ce3bacd3be553eda4f85d86f0b42b940140b02370,true
0x6737c97bf781677b1f3b6d2f53a3a0a956cc155d153b22d274933cbdb47486fa,true
0xeebdf0c18e91517a33c82a5b6fa26768515912566ad3c36820e2ab5fd145fda3,true
0x9adb175d0a77bf5c7c92781f81e57d7eda72731e073ca6a90e38141ec51c2d59,true
0x6f55cb95e12485b469a06b9a5bae49cf295c6011d52f1734a15681b8eb661616,true
0x24ee9f4a6337c9fa2bd5e26131677a05c3eab72d5f25af150b011489a8f3aa3f,true
0x39867c854f696104085ae0cc5c019a1d335f6222d07fb8ae19e8e7fc20fe8128,false
0x856aa3975c0636ed523754bc3853d2487882bdce8129af6bd005de6f0b3264ac,true
0xf4f84c3713c755dd7eb953b5ebc83ae35526de6094e002174170c122353b232c,true
0xb29d0eb4bbd97d359bef826b6314086c552f54e8963152950a95f9b2ae467800,true
0xb9157ff54e5b284636c3e938e98bee31c80d88f4d4f50c9a1a0de8c42a82e19d,false
0x01a3a2156ea8440e4534d93149009adbd8bed7db10f70acaf4462e147c583b3e,false
0x9b521f0289dfcc4147c6f9c9453f0ce420a01c7fe7850aa1c301dbe18e7dfb84,false
0xc23cea789830cf0720865be8534f37ee8a329a4c2c95b3f8629ce4fbd8ad0605,false
0x2084004e55ed74ea01725e8dad42de511b1a38a9856b3ddd43e6f21ee536a876,true
0x1cda5459c2e93c402581d14dca9c035adab903f1c3e871f677d32f6bc6754b3d,true
0x486bc82235193f222029fd8c6e2ed733f3fb1eacd54754a7a56b0f37909541e5,true
0xc056d9e658a0971d7864192075317f88006ec928747bc8f260d6ebf1b835f0a2,false
0xec201c3e3b89c9c1b005068b3924156568af67a0a37a09019cc5829374b2e6b7,true
0x779d02b74fe152e3d20d4bccbdddab342192cd844068959c0a53d4da9ab73630,false
0xd4e728dc6703c6b8618bcae5aba5287f8e2916e33daae3eb9c343e8b1894309a,true
0xbe04d0f7b33863c33e8ec00f75658e116694ffa93dd7ae7738cd89277c59d4aa,false
0x36e4f75ef98f31121e923194e49fdbe4c368a4ec1a2a38be66ce1e3a07d7d5e1,false
0x83588e471d8e00509e24f955c1b4cf67af478cce292e1658452d50d492d6dfc3,true
0x500a72b63b843e245dca9e7b94f1d67da16b16d568fd4fc6ae568a9638c63340,false
0x2b3ccdd86c09a38181d48b74af8e70290e7c1caf82df4b9f38364f472af74885,false
0x244b7c4a4d186846a837b1221252671ccbd9b54fc31b449bcfde72502a043db7,false
0xee60b013fae2b29cba3de4bbab07e1c3f9d548933bdfe084b3b05914b5fdd16f,false
0x18c8bf8ded596e0dfaad67a5fb7c8899745248c8bc7fcc579bbda77e1a9002e8,false
0x17127282f0d3a415325fb69425c907ccdbf054e797a1f8b93c3bd0266c05ea7f,false
0x7422ff9021cc8b456d7473d34ab4974fb51ec36d889cd1cc719afae84ea82f11,false
0x0565ae1b5ddc1eacae747aa84c973f9b3280534e3bb3dd81d086311397346e5a,true
0xa479605eb1f36d00ce49709d0d884090d9efd27492044fe474e89f73c4339cb0,true
0x2240dd920adeada375175ba33668df670369600099ffb2897ddfb5dbebf21cfd,false
0x47df3cb9f881a9374af0bd9a63751a3f95bf1f8f942962531cb0eb6f9781b732,false
0x45051acf48880d9395288b206b3bc34fa8ea0b8c0b2c056f0091f155d980ecb2,true
0x6b290572646ee7719c68ab907a02433e285f7f4ff3ce563b47f4cef0dc8b37ff,true
0x48c23a41e9fe0c4c43fb87b7a1e1092e75eb2d1cb4199579a198ca0fc149ec8b,true
0xcc95764c537f44fb3fc7f3b6c5e18dd32e01acc4cebc11e90cb10b9b2f12ba2d,false
0x6f4ca6a0a2946cf548b87e33448ac879787a9be1d486aff230c05506618990b4,false
0xd21236b968b71e89fb40d778c28931713d26c4535277d83798b0e3f32a3033a3,true
0x6f833916d719a6cfedbfaff5d0f9e28048eb6d5d546456317d878a820dbb0d8c,true
0xdc39d9d45b37dc11d35c8e6c449800f47da2fddc48d0be8ff9d1e30b52eb7d2b,false
0xa3cdb5309f3def6313d521e2e1b059953e6e598f9d38127ec5dcad033ea73856,true
0x087809b1357846d699cade5c55633da9158e202a1624c111ef9d495226f876d6,true
0x526e7c9ef1a97ef106bafa2fc71422197b860c1e524acdf6de0004ed388479e7,false
0x558ae9315df0a19c7052450c01123c1a43e347f76940686f798e197d1e784f35,false
0xd4944e828aafd5ed3a60e6a43e3f0e862b27675a0467095c66182156d6273b5d,false
0x13c6737fa9a0f9699289a8e62cd4c4b2194a2169e0921fff41e854a9021173f7,false
0x7238b61f05cf1a4c995a423076e036bbff39a33e44a4439e6ffe2976c69b7631,true
0x79d5e43f4f33a8e5f015996468599c2aa54e968ebc7f545392b76f6c1544f4d9,true
0x039793087d059e8e8744303c87c95d0d8342f88f2daac20d38cee8ac59ccfdaf,true
0xa3d37d331bf764dc37efc982b3db38da285179595e5401aaca6d1e87bc94a841,true
0x87eb4b7ec825f94c1045cff3fece7397c10a2f37f401a613502bd5c0fcd317a1,true
0x8d559ebee6bcef99ad78261cc5232de98d1c7ce861731adf2cebcfcd92d8b105,false
0x716a8118e7cb95f7d0ae9367fe4f482bb4b53d1749f19a0e2423982a0ebaf5c8,false
0x7abe701c9f1c3a49ef7207c11418d364e0a59833217dffb0f89fdebaedea8329,true
0xef26584650533f0c17f09442bc1a0808fdb0d840ea09857417b1cc6da48ff490,true
0xd989ae871b00f61eae7ee4cf8beaad8fa099d7e3b7655b093bca8c16b33c7ae9,true
0xc7cdc9549aadd24e1268e6d5acac74957b2c2adb907dd473f28f507eb4031422,true
0xa68540eeee2ed46dbfd51baa9863c2c0863cb708118ed17b8425e06390da199d,true
0xbb0f33d139aacdc8e0f6a063aa2fdf3a76a7d1b6246a517f0d7404f60fbd81f4,false
0x0234f58de4c54103cc9ca14ca20a41903e66987df2bd378ebf47107503ab401d,false
0xc4aa56a80eac637472b5ff19fad55c645d5191085efb25d6e41a734c67fcfe23,false
0xe41febc8f6de84240ab5bc70dce83c8ceaeacd730af21906f08f3ceff95a321b,true
0x31c0cbd34d240df686d6eba9e044bcdfb96e9945a68c97f7dee58224753670a0,false
0x31ce6398be9a94d71abb9436be146c6da8f2c3970187fe7bd4ceb3e9aefb8c30,true
0x0789ff29c0cc1b856d3e6c395a3ba43789102aa7a47cb316c52cdb2e536fb93d,false
0xfaddf61ad3f19a7e9fa2d5e817ee8cf69d69c06ccb79ce0a2cc86e600f376753,false
0x5aba5132f6d8364a59b9525b23aab8716f37807b11deb03e7f319f4b0965976d,true
0x05cfbc2a376a7ca69ffc8d7b4aa8ee9fc6d4138a7a697256fd5f193169c947b9,false
0xc5327002ee0376fe31c142eba5752648aefb4b5438e99168db89fb54cacfd6f7,true
0xc47a4ca54408fa75d604c4e2bcc89c794686d958799677169ee413b3a9830017,false
0xee68e18ed09178c8d30c852f8478c003d45eaf8782b50ccd8abe1a5820a8ceee,true
0x3b5b92b7fbcc802fa190f96c44bd076bcf84457db2e02ed848e6fffca7d1abd6,false
0xe32530cd5ea19cbfe8008b3921322555d6031440440667f8b64749101582835d,false
0xdb0266aed968936eed9f37f863d5290e61659209988ad78be5e90e7bf702c0e5,false
0xb91e02dd0fbcddce8aea97ba3db191ca6ff0a0f4ac507b5d196207ad46f43ba8,false
0x5266e328d328426c9c284abd3d83ba8d154c0b1da9809f822dded73459c0a0a9,false
0xbd037b2a143d3e1ced1c4a62a622efaba1bdd9f29e2c98bd79334d557be787d0,true
0x6c8d7ed243ba1f5bdfb22173c0d5d969f727dcc43e1b2f5d7f6d6699cb9a2ebe,false
0x32cfad8c4882c5c42d738345e8af04661d235cf4c7534a4f6f0fc6466486d708,false
0x63f0c934a12fec81445eb9fa4dc569a2483369d044a91c675bcf0b5bda6778da,false
0x8aa7b77867e3122c50ba78bdd7984defc7a5d0452ba456d19a2e951e3523c687,true
0x1a698be4064cddad97049b9b67af6b044b502acbb462d04983a4a121cc54019e,false
0xdf230a555cc49111886f4327450a08aae1c09d2a66b1fa22d81dea78f6eb2b08,false
0xe5036645482b04ecfd3aa66aa1bbc5e9a5341f80d50ae25b1674fc432926245e,false
0xab9e41c15055f40b60894d828d8457f0a13ebf74c0c02cc49c609a23cbdc38c8,false
0x144d36598036a7979c58be3a423518a48bc50bf8a0898bc7cf867c46439594e2,false
0x6835ca66f9e2a5c0475644a96b4a4b94c7150f212620e83f83737e200ee57965,false
0xd83483f19463629b346e8bfeca91072a7c1a0b266e9c2decf57f4ccaf81ee837,true
0xef5f73010b69c6c06348ad6bd8208177f53d7c0a09dcac00b7a24d103af1eb40,false
0x26dc86518fb2e5454f026d665ebbd9749f453fa84344f261b00c4590e0f2eb1e,false
0xb11cf3bbc759540b13eeac39e2eaf3fa68e206955c0579ff18d2dc88b2ad9424,false
0xa4ba99210b1d49887597688f3aa6d7a96075455844f49361583bcb91602b1e83,false
0xc9f9adf879f35913e3cfcfa3912b69b5135f017c3d9c5ff72125ff0be5b2c81e,true
0x759153d4a2cacdbd66b620f05329a15af1f793f16a49e530cec8c5d3705d92f2,true
0x33270f40adbf444ddbe368d50df5c50f0e6eb42f3cc3adb7872c12ba0a6f6743,true
0x96c76acc67add180a38b99be6f634c13070cfdd9a99b78f2d6557b183243c368,false
0x2f3a651e0fec205f56e39e10d31372cbf8752baa5b5b3af964191f7a4acbe7dd,false
0xbebff2e2a814c0022e48c27fb3e305c75b32f4ae398bbf893f51c59415600d35,true
0xbca3ed7534e8d379719e9ad6c0d7f5ceb0aeb7de94457fd6b3ca94e4aed55a85,false
0x235ea86177e30226f69430ce9acd908de18b79978da9520c65336fd72c9bb8d2,true
0xa52e7e6d304277272b6de95f07d98d6c9eb5e83fddc88ed453ad324d77729c12,false
0x4e87b7054cfa711bd0edc8d36c144509aed9df3da54db700ce0d60ffd3182ea2,true
0xa66e91b026455538770d0ba55c8e602752acbf608ddee637c93c6e03ebd0d4ee,false
0xde0f71cdb9f227b30457256ee042abac4e7cbe97d1ad9ca2203b06df772fcdd6,true
0x4f89d6a2c6a67a911bd4a650145cd993e5041e775c1a6216fd38775da3191eb3,true
0x3ffe647cb1b78b1732a453a394f1066429a6a8e984a075d20168ded543beabb1,true
0xec281de95835db7ab3f83bd87ae741f3671b60ef9ac73a1ee86fabb0c4bae2b2,true
0xc4cac8ad938122898a0c2ca5b7b444701b6899687ac18ac833c77de2b583caaa,true
0xea9526faeb32bc2c74cc6e3ad6a79e12e959ed8d85d8bd0f28fcdacd572fec21,false
0xa5aa05c9f368b7e83321ab6d3bfc13ce015e4906d5efd198119587d06264e901,false
0xeab070ff1bbfc23f7ead0a5c0d415c1618f54a7c729c28108fdf2c55d58475f8,true
0xd4356708b3532b00648a375f282a2fe594f8e10994d9974d9fc90131adc60462,true
0x0f441c72d1d4376ec4eaade2f0cb3954b8809f8387e3707f358ef632bece6d14,false
0xe4b70a788111b179335be34e5d8fb336b84ae09282218959a75f46a502c003bd,true
0x0242bee3510b059e637b2c8c2a5101b5ed3a49dd8470daedd039955b615d9428,false
0xc80e72576348ca33a8b63edba97964442dd4c4b23db558d918be8be547873200,false
0xdda015254ce207f118a01dc386e3ec6c1de5f869683adfca51f7f22db4b1797c,true
0xedf4829f1e4ef351256301fef38aaa3e0299022eb085abb1e5cb08d8fbd906e2,false
0x41343abdae8cad687ed4965579b150c086841528a577b1433b3a945e5cfb4c3b,true
0x2c8ec8125861cc4e833000a31907c9e8caec656f3a7eedd8f9dc3803fd4dfff0,true
0xba00546ccacf2e0b41dfeaeeb361dfdd6ea4b9de7154dec0372affb1982bc213,false
0xf8ad7433d4e01308ffce7d800ca50538ab76f66b2d354095ed1f318e7c48905a,false
0x4c2d6d0747f1b033c06e9525a04043d514f64035dfb7e6db1ab621c2e70ac6aa,true
0xb543f26ed7ded6ac3b6e25674d2b5ba2340f6218044ecd3110759add3fb4e873,true
0xb62cff6565e853bf67da7589a60de032d4025162d76b78267a22774e19f9da10,false
0xe577592da630d2a6ad156607a03dad06b8739172426e35c5e8809ba2a47cddde,false
0x0fa48460f84cc946f9663c4ee57fea6c77d4f8e05103e8e5941afd5bb1e8d6f4,true
0x0bd2bc9ed28a530dc2cdc433011081efb229ee7f72b6bb42a0e53021e7726752,true
0xca8ccf37bf702c024fdf69a8bc70d831c55a99df15d58872c9d1d70829307358,true
0x5b20c0822b6cb2c419d35e8e40d28bd57ce9f5941375d7986be0d72dcd460470,false
0x5617e110c4d536b39008679ef4f931397f6c5f1fa0df068e0a208eeb3ccaddce,false
0xc6bebaf1893a17c89aa8b95a04055b5858b24378fb9021c1161f70a6dfc8a5da,false
0x9416efc08d05808e999624049e9b2b8f0481354a7a0309a4f7eaf78ab0908865,false
0x14bff696eaf60c7301b3df762dc93f1276e4cf29d36c3a4702b5aa7e135b5a85,true
0x579a48e5df521cfc0249d952bc588528d420f8a260717d502d11e0220f57234b,true
0xecc3d14f9e5c7b5cfae72ebac1b210e4eea193bea0bede6b976fa7f3abf4b494,true
0x52118bbb9fab78159117db062fc832c57678aef62713c5993613058776540f39,true
0x7e0afae9757e832ff1b33362950fefa9377e0e91fb41073f1cf0d8b3873e0873,true
0x40e61cb22cfc5ac374794e23cc6adaafc09369cfd496e15628075512489dc465,true
0xdcd38b75fd6f5f07fcc118d34d09326f7c7d6c10aeb86ee45498bd6d64f1cf01,true
0x549ccd3f2291676c2d955e4f40bd683dbcb671ef97ab8e1542fb1a06c38c2211,false
0x11cf1b8dd4f96e37e37ecec0e504eb14a7bbe39e2ab6b00f891ddd1036efb04e,true
0xa67446bd6043b87ef622d22e6d3ea68f7b6db2038ebe8bd4d856a634c0ee50f0,true
0xc163f47af5c9dd1f46d729de2c53023af87440729d4ef3e16b481b9ce758f58c,true
0x302c9a333cc59e72f1d261416f6115238a2ca448df64f5383dc99baaed19e456,false
0x0657d9d77f55082367a1823029c410bd989993358d3c9fc4da5cd7eca724d14e,false
0x24c1b5479acc292469730d8e7538366a84ec17847e67b2b1259dc2c991e53cd1,false
0xf657b95b902e0c36e3d50888747fe718d9bd010ec1921d2af259bf8dcdaabf3f,true
0x8b91322f92a370c58de31aa5aa1508156e0cf31e0c00f52be33a43abc907295b,true
0x0b2feac97cecfda46f222b350bf75cb4e7e8374d3f36a8f6566727b2816d9799,true
0xd801eef865238014e22d66efd81af60cb971be0c8f8b0f80c6ff5636f424f026,true
0x588be66511207d0e914c86d515441eba217ae19653ae7f0e9c5dcda459f0e0d3,true
0x0af47a3692431a8eee5981cd327199fcb3f4dd2062aebb36b8fffd376882c2b6,true
0xa6a32d387dabc5c5e8089edf369b2299694041c315171094ef0be69e97adad3c,false
0x6d6473395cceefb1bed131202875a359bd5409864c9370badd85b31c756fd990,true
0xe2bcd58160b93907ce61ffde5d28576005617cd048897e8d1b2e2882adfb915d,false
0xfb997356c8d8b13977640889c06fa198d7c5e9e657fd61d828952424b51c337a,true
0xcd4aecefc61e1518545766731f588303bf8bb88139621247919230e0bafc5c2d,false
0x2a1efa73c32506847738c6a01a61a60f39f3a9bb0304a67773f90f3606db968c,true
0x1cea8b2dd5cf3c18425bc6e3b93c3fe7de5ad3c903800e230913cb5c17636cb1,true
0xd5e806ffd33d2f31ce66da7fb0c0665dd3a2e1556c85a9886cca6f0032ae06e4,true
0xaa2a3567b508679871941083b534da4204da74805e81806bd2a7b90d4dc478da,true
0x2f8b1d1d7b0ff3178f8c6eb089bdfbb45f05ed7c4ea45118499b09cdb5535d04,true
0x4bab554afee7f8c22a6321e74f5d7a3bac8958335b90d08d41f4ef6fb444f640,false
0x9229ee060c5fb86083ba4878388e77fd60a7bb54856f2dc303f27b7e34751cfe,true
0x04e580e6ff00ba18f72b42f701d268f66acbcbd3276ef0774bc9d13d67eb4060,true
0x19443e373b4d00ad98506fcf524cee2cc4b044c6644d33ea4fcbef5cd2d908b3,true
0x13c45dc7c5b50cef897c1ff1457c29d5b852e4c09a4923b95fd489f4d99ad418,true
0x02aca1f815c499ffd2610d443d5efa3fd02666d5e8e630a9ddccc56b004a2ac6,false
0xf8c64db94472dd021455e2ed6348adead59620cfeb4b909a6da74ae3e2bedf33,false
0xd2fc0bedc3cc2a7aacc0305ffa567cfefec86ac37e60baf52e04907e19beeeaa,true
0x3248c07f720e49cd7600d929e4d38e4deb6842727c1a70dd8140a85daeb36e6e,true
0x0596df3da17a0ab073995e4928f63b7604598424aee4f82eea13db2170e50a76,false
0x290fa293325cb61e5d0f153dd8e2875be02fc7a7e25ed094f154438627c3c7b0,true
0x2fe6b85c61b6c2866eb09f73a7f189115241071a3b5b053bc611a070f77b05e1,false
0xf087e01cfb3286c5013f28752404dce641eabcf6541d3cb100b6a48a50dd73af,false
0xafb52fc644e6ddf295024e9a0b95308ef98d21a2883ab4dd8252489998b52b59,false
0xf9aa52766287d16a14428af4532915d2e115849e9486af5a46e974f95877fa13,false
0xbc04314e7d45d22c5f560e2ca6e7ff89048a6594d559a90912417c29bda2f003,false
0x1dc9620329db2ed9ce3fb9db594f506711ea30ad32bf3c6948114cc838be036d,false
0xb80c43246364f52d46e7eee8af00b3edf4cf66db16d9f522dfb3ce0412df8320,false
0x3c59624b8d89b3f21d5846d459e983d2d0c81db38ef87ea72a42b774547b8aa3,false
0x0f615b07c6e47ca2f0a428fd955b351697ecbaa4d089badc6bbcd2ba43724bff,false
0x2ebf906bcd8dad7ac8cb4e8a63ab38485f882fff6470db661b0d6fa17eb82caf,false
0x4e5c7b4b720cea7476fe084ef2a8cdd717d3f8be699a633b6f384e8e07cf2945,false
0x578c8ed1d427ae078859cb780528dd4a94a9ddada585e91cb0b7706ed3a562d8,true
0x9aa603e69a8d5c62306d8afd76406a31539b6460a082be66766a3d9f1849dc27,false
0xfc676e250a0d4f13460612f949d40b3a9e42aa6f920c32657fe85a9394ea6e11,false
0xf748c0780e97e99942472331824003aea83851585813491f629b69f075002959,true
0xd75fb476911781f069275a74e4ae8eab4cc33dd004a66f4228196e7e775837b5,false
0x02e13595b4182a9bc0013790ea429ab98a0e419b2ee865fea9340b1479df22de,true
0x67c0b9b4cf0d583a90488674ba782ee9bad5ebf03e1af9d29255cf9d1e3d5ea4,true
0xcd3dfb3b11c817cab900a00ef0ebeaae07ef248f8df4c5521f3377c59e753a2a,false
0xe49b67f48708f414662f6d9e9038ff430f85cc34cca3d416b8535c06de3dd586,true
0xc4d3a585985beac69d1904d2b6991a4784423fe27f07188a33e0cf334c0d5296,true
0x08ade35aa09c3283b74d13d053148215df10140631fd1baca07a672df4d70671,false
0x8b54fda4d4c082b105db4f5bc6d3840069eb7e6d36f8e7d730e579f929e2a77f,true
0xf387ecb77aea429921ce79e423ac5505e64a99d273bee6ba206adf68f336052f,true
0x00c5e2462716fd487a7feef5ea83b7d052ff93eff2cc78a9a2ae3b36f42b6c7a,true
0xa1ddd40efe345cddd10a8f01a4415f98d57c1913fa585b74a572d04ac489ca66,false
0xdc6bd92a04cd89ab029e7168702c05e901b4e29fed590e1b0e8d635104549fc2,true
0x1102926b2efd510da615e116b4bc2e48176d37ec0b9088ca7bed579baa94f4b4,true
0x564a846a00fbbf7b8d6e00e4a358e3848948813e84c27755d38fe0ea199a1a98,true
0xa1f162aef69cd82003c29da1894a375850dbf7a607c3e11b88de16add1c09ccd,true
0x2ae4547b16f55d0e88a9c5cd8cfc0b703a217f36db8e1068a7de816fe63db641,true
0xc7dde54fa9d169a6560f8c89222ad313b34c79ead1286dc9f976bbd3c68f5788,true
0x950abd93cb0a553bc12e29aeb28b2d408a76d84a8aca280a695bbe8c6c9b9da6,false
0xf9d995193d309192b6e9252eb793367af9b97a1c081cc8ae60f41955d688a4e2,true
0x928e2dfcbe55c26f682fda62ff2a3879eaab8483d6242becffa480d6c5cbde48,true
0x80e3f313435d7a48b7145aee500cb2426c15c61906251bfb61d78451748aded8,false
0x604ee91dea5ee165e51eda1420167e94dd34d0da2e6be6e505561d917db7a678,false
0xc247c9f1c7bd5fe9945a94669c0b1ce1463d585df03a228697bad883bc66f657,false
0xc8806c644f7030534ccc265b705bdb9431d9bf03af0ce82d3a9dbe377d0fc0dc,false
0xd380b8e18f057547470b9f2261be1d7a1a2dcefe52a606f3f72f28c85cbd13a7,false
0x9761bb34ad18972b3430da3d98cef76d9b43fd6cb718abac8467e7cd0413f489,true
0x8eb23662716cd1146786b811657bc74ecf3a0755499b3759ef772c829597c143,true
0xc8ce3c8876846af6a6f19b9da6377fdef8760b6937a2c682a6aa5668f75b58ec,false
0x28c04f7d3266fc74041e4dbced6fce1d41ee037e5b5151c3416ceff3e2fd0864,false
0xb1bed43f8395c2148f7da7996d6a9b52110aca8de7b43f67f20b04e1397186d8,true
0xd8cfe1fc0c0b0ef8befe4a3d014795d26c4d312f6c3806f9d1fb78b90763f46a,true
0x02e9b9f1a937c00ab91e09619935c7d24602a925cbac8f0d8caec6f4268a8995,true
0x8a38f123ebdd114a0a0c8cd76f332fa2ebe78983ca5b0a5f1cf674ace03be048,false
0x9378c5b8943ec3f1240dfd41503b926a9554c4b3a44ee100ab97fe6b77dc2c67,true
0x5412587a45171e538601e23587b56f4ff7b2d5c9b6e23118198d6e3412a0d24d,true
0x91c8bc0a7d2e9f33f99514efde080ba56b3f9e6284c53b51710d52aaeafa6497,true
0x1468644e777207c4ea87fad1fc5ba438a715862cb9b21836ed4384b01d95fe08,true
0xbf26427fc35f4c8944cb6b72e4d8026534661e1427920d019948bec5e41d9fd9,true
0x36c4e0d8d204753e92702d74441bd408c5a4b41ad12d1cd6d6b98b528e895382,true
0x4c6706acd41b179e053d962a4d45a1e45b554295818aaeead062892b5ab6a61d,false
0xaedf38d37a289f8ef972102e835efbf144fed5144db6a3ae1c9f2cebd202cd87,true
0x8476efddb77fc3d8f733f8fdadf770ed294cbbf38834cdce90f1c48ce542f9da,true
0xb4481591a653c2c4c2e6ef91fe3acce5b7660f4c5f351607b2f9128ba9d5c5fe,false
0xb5da45e14ee7dd99743b482e451735ed573261196cc0ea9f8c40b57207eabe37,false
0xd44878482967b6faf35d634f7e5cd44939dc853f31014da0c45f1267f5eb8bd9,true
0xe33cb558f172832415f604608e07f20dd1c5c935febea83ac712912c656f3fa5,true
0x0db56acce8c45fe05bd1c8eac3d5ddd35c366e0286084e59d4d7fff459e28fd7,true
0x1fbb927b27bc4c29d9c134662c188f6bb1ca9bea517cfdf6c1e13a9c833a624f,false
0x521663e89c9c74c501b9c49ec6e46bed93a544070d9df013367dca98b7664510,false
0xca008990b06f4d9118940cec9f220fd401c8eb63dd3556118b86341a13ee711e,false
0xc6c46ebc5c8ca69a31f4dc73f9fce713151aefc4cc18288e8ad8d77580bbca7d,false
0x396d3cc73a14dde7b23909a899e0a79eaa07677327ada130ac4e4a68f7543af2,false
0xe39826f1f38daa3b5aedcb6dc436c2111aa94026f2e569b21a50ec85f59418cb,true
0x5b4eef65e0bded616cce9bd42dcc553fb0519614bd243deea934113e50717089,false
0xb15d200ca8f5f18c6b96e69578516e9b5023fc9b917f6a36831696772dbca4b1,false
0x6f6c663c1ff8b954eda061cdf21421650bdc1ee2a2e1c85b8e82ee7a052338e5,true
0xe7445e309747f7be447dafbfcb873a7e41fcd2a6774a37dd3fcbe3f42f485fcd,true
0x0e2c89cde75b0193436e5bdf73cb5d39f60a7e06f06fe2d1fa8a4df1beedc389,false
0x2db166ba5c519ab46354f2929a051455ae52ff8562c5758c76c9ae9c79485d5f,true
0xad0414969018c0106d6991aea6301b0a8a6c180f9a2ccfda48a461b6416d8bee,false
0xb10e1fba1a1b80d930bad630d2b13c2c120f5888994bfed4729d8ab98cb3516d,false
0x2544da8f165a5bcd30048fdb4ac1f23975e3717de87bc8a8a69982b076c00395,false
0x9a193be91c6aa3c41f93f569962a31cd2d7a57973589f0446b5753b2feb8622f,false
0xd1dba4c9a4de3de381f152f5e896ff41b1d6f8d9da401d10e958839ff971e6ef,true
0xa3edb6b91d4093b44df62104b051f617c0a6e36c81ccab0285275acb28892d1b,true
0xb20dbd7714ff27e6f0ff740aed641c96c960bc35f471ca1686db2de6e7649388,true
0x00d2783809adf62b8b9d16484770d0908627f66ad4254d89b0f5195706130868,false
0x4a33a540d92bd1405336536902c3e6d38b6fc6825d81c60280c8080a8d93e1f7,false
0x560073aa2428f929bea2eae49648947188f6f0750b1c1c86efb1ef05a4e4b4e3,true
0x4d88c427aed4e310bf188b641b7291baf349798407084395f31724d00be85bfd,true
0xe1139fb56450ad079c3ccfca1c91b4c5aae5ac42e94b30bf2e23a0098f638198,false
0x740c80f7d01e206079987cc1a15bbac07d991e41fa9b41b9511d728d2d45ee4f,true
0xc6c3360e2d74274f6f6ca1c684ef32ea252c83a98d287347778c2c03222dc970,true
0x2af58bc1871d4d08d189bf5d8aeff0e532c4d53969311d740e3bc919a3dc6fbe,true
0x33e6702bfb423773a8bf143c057c662d9c3e6f661b878907af6fbeeaf0e12445,false
0x091eb5feeb2caeacc5b9bcda2a0f514db45f323c679b075165be4bac5a375c77,true
0xd78c29d3b04fc2dec03ee358b0918834d45d7c7d19effa30b11e9538abb30178,true
0x2925606323017f2290d5fa1e80d08c61fcb2e8e487440284b309807fd258c942,true
0x3503146df7409361615feeba257169e70d45218797fabf08e4b570ee82bc2420,false
0x4bc8c40ea68261cd0dc82a17ef919ab07a252e1a72130660b38146903aab176c,false
0x4c9a95b904038fbcaa23f0abcfa83024cb8d0862f612d56d76a29f23c65a27e6,false
0xc7d011898a222d8c1757811ddae2b583518a55089985d556dce796c51a3591b5,true
0x5ccd7f6f6f257f43a3dd7da001918b0962c13c1b068d8dd83c09efb5ed422327,false
0x9398e22669017f251cb08d273c09fbe7cffd5d2296403585a42299e792eab4b3,false
0xfc0332c67c8fe05f5860984a453543fa272b93d42625f7d7f2168d8840e7e918,false
0xe07a866559c3724634c316a20d10055257e4e96aa6e814f7d52d11da591c691b,true
0xe96c25c8ee5b1d9ee01294bd9521fb39af73a8e1b597c3c259dd492596867e7f,true
0x9fcbda153b10b165298781f76d0629089a2bd598e7b158deb61bd418fd4b4a23,false
0xc2718385e1b889ced4f93dce0040721783621b63242e4d2bcdba0ba75d4faa04,true
0x07b3cb02834bd581c81f85f518fbd2ab4aa5c254f4e53c125891e91e05194500,false
0x1a51b4ee5728109474ca0879ef89a2122b88ff929e358bf80a0deddec6072da6,false
0x98029244db1ac7d9148b5ae4561ef4977d5850c639c72666af5ffb4c396dca8b,false
0x9dd8d7c5aaed6d0fa6987ec0b0133fc6c5069cc4f212536dcea0e73b25d25717,true
0x6c6cebcfafbd9401d4c0e304c0e17a1d2bf493eeb1d33c9787028ab533db21da,true
0x63814537a671f0ea83871457227c627cc0b71d02188015e366f46636ea37da21,true
0x09de45693f04632b9e7d7257af4e7d7544493aad4d1e9c7fc9031e902650502d,true
0xdb0aa71c9451f8fba8da4fc8391816dbd9326a8586e89446af0dfe30e5e78599,false
0x92c3d757e14f7bc35a50318aae72766315801fd3659b309a419f01deb49d3503,false
0xb6db75abbe7153b0e7a08cb80fa59144bf087074b9725423d9d2f7a0452bf2ec,true
0x6c0ffe683d007f92f2a247bf823dd767772c480a27d15a2c3672800ee3ab3edc,true
0xa38c0464e616f6fe7febf7d680a6aa5f376858e6e94bf2aecc98706fa9c69372,false
0xac466ef938597f36e9346d7f5d24fdf1389e51f1584b322cf2b993c7f0cee354,false
0xc3a28baf5750b20f8f6a2d5dfb2d58646da253cf7051dae5da25b103edb55750,true
0xd9ccf221becf480d71931770aab933e30f382d52d2097e4528faae21ca0838ae,true
0x47f01d2447429809a9a252eab7795ac1652aa394fd754162cba8939a40b44038,true
0xe177dfa5d00307c70d288f18e244fe7287b4ce9278418088aee37802042ea203,true
0x3a622f3771607c877743a61d10161c896004dc8203e203a0db11d72ea1a43bdd,true
0x683540c9dbeb9c6cb129dac65ea28cf7f4b88a18915636b03b883087bb57b996,false
0x10cfb475480abbe8456aac3b3805ad2cbeca9b4ba6717336a08896ea60c4a234,true
0x8630a10e724cd99cac71f10dfb0f2c6a3b304b517c65d1a3b6191cdfe960ac2e,true
0x50b7e31e336691e44bfac1df63c964cb274efd9ca5a9beb46a0b3004e775d21c,false
0xd71a6e32449efcb4a11980743cbfbdd6553d47e853546bf38fb62918d71bb893,true
0xe1ea582fc6c45c160288ccccc61646b99c4565bb89930d79c6f376f2e264e711,false
0x794bbfeeb0027f0b8ae11c755bd2b04ac4697c8051b83bcd2e8a6c5dcad775d9,false
0xbf1a35f64727dba55a2634f68403fc5b54f6f58bd9bf4e1fde72fb2e07a7f448,false
0xa4fc43d290def937e455771c165d9e1a2ed165dd452b4f5ec63a5f55aa8785ad,false
0x94ef62dbbb233d4664ba784715fb4805ec9a61642c766465ba74e1fd5405851d,true
0xd2b22216fd565ac6043d535fdb66bcfbfe6e144aad0a19eb246e363251fca5fa,false
0xb214c48dc47ed9f603e4775137ee583fea99882e77d5fa7fff120d57395a3a7b,true
0x764acf80d84b766a332cc32a1e73a03f3483b13f4f3cdb3d4854dbd4ffd9bc7c,true
0x03e9da49c6f43f0dae2cf7b74b657088921d44845a715cfe3b3c96c5cb61b012,false
0x8284125e983a8e2ac4a70fc80cddfae302f3eafd7e182736eeb341431f14b87e,false
0xb785712acb2232415b07308f1d1fb87a07de17eb59c820837ca0ae55484b5c33,true
0xb08d07f219e0a661e05d2c57a3b8896ea0d48d1d7bb5c41842a04e441f561dd3,false
0xe7e72f6662c585128a97675bd30f5f5fc0d10df0e1f99fc1fe58bdf69ca7685f,false
0x68ebe4ca65e0c5dbe446509d8ec648e395fefe903fc9ec5a08abdf8314a4c5eb,true
0xdedd5b51648817796fff471f0cb239b108043fb7f83bca28cf5844cde03bd361,true
0x090662bd9634feefdc2811e97e1792f1b85ed9b988ed56a7e072ce028a84ecb1,true
0x99b612f8599056d3fe865cfa0737da1d8f9446e85aa0e54a953ecf031a38a8ee,true
0x491d46e61d23dacad0e353382d9114f6290945cc490fd886296d5ee78d24ae19,true
0x847c74cacfddb9b324cb2ee6e8ce84b432b629fafbd765077c75a1bdaceea017,true
0x3a73273eef7b4a02e5352cdbc1c76dd7b1acf6ce7d743732ab323b19f8a46b9f,true
0xa8569a02f749cbd07af666f16e54ba1e87ce5dd2b3f4e129af3b5fdd2aa34a54,true
0x64bd41a44c473dac43ea55c52aea1bc11d7a2745c99e8877a4f93a225e1e23d5,false
0xd68f8cef28e67b7a0bb43241b2bb809dc0aa80f0d9c2d4724fc49c33b8f48586,true
0x25f42be43e42675ee13cece5c8436d81080fdab5873bb0df210f156589c96832,false
0x65dee9cfef5a54596fcc3d450bd921fba817e412e364db1be29de068d8311b0c,false
0x0c4460072e99392b9a84deb9b9fd10b2d40289951d083c94d51defc75b59be7b,true
0xf917f6d9032605bda134c4324e969c2d698c8a7118402ebacca209846a27d343,false
0xb30b7c1513b81f59443bfbd2749e781ff3cd2f75e7b77d5f52102cd57b91cd4d,true
0x728f41a9d0e421a5ee59ede09ca1e666898bf2738b0f9c42ff92b5d54bde50b3,true
0x5300d82871cb1cbe61758cdd7e5b07af69aa766f98a0c40c32420ed00b88d28d,true
0xf4cfba6d49b7c3ef24e9dd7c8d19bc306ff26a8ad6d2aff78bc5beee63d3a5df,true
0x28a838a93198adbc49acafda892b49e6416674a7be839e3d14b73ed63c290d16,true
0x0b1eeb1742995e1b68a0c5391f24e38e6bbb38dc6e8f5fa88d213427e4de5243,true
0x7149378f6a0394c96b34fbe7789334d8b3c07783d4eb1237eae16d6498329d2d,false
0x4997ee49fe7928aea6f58de0cc9eaa4f0e60d58c16605ca60348a982887dfc76,false
0x6d7ce0a07895449a09ac633ce5d8226c9c876112e4f7d5aa14e697d7a4b4fada,false
0x07c6cc7d6d344351ed6fe0dd8881935d6d7069dc8c151444ec6526821536c9c1,true
0xa334984fd79fb305a7a6f1d628c741ec05ff978771dc77cea72f6cb8bc2b65de,false
0x0786ab0f44c4323691d99d1e9c1aae3dc1fcd71640cb5cf1300f558492d81482,true
0x46c480dde54262d6ae8f02421aa940943ac90d9af1053588da16cbf7cd5e8535,false
0xc410b9393b5593e36dfdac23d72465324f522343b75ec079b9463934d9aae4c2,false
0xf75c75e1ac6e18817ad35b3c19a38c10a481c5c0e9e73fd6f43558900882e9f3,true
0xbccee7af80fed2e439ca78855ca90c1cf25ad6b43459c41d41f0baf8d4b2e43f,false
0x021708b3968b266040dd003a32f622a34678a5407a2c52dd805deeb48104efb4,true
0xa5629755899191373ac51f751da146c22de9bd772ac85f85037e15825395cc36,true
0xb7bb40f198fec0a948736e50ccbee80386f54949b4314a517e004a55c7791dc6,true
0x2c35d156c8a5c4d7d20553068affede50e8c9fefdc2cd7ca0c31b301528fae76,false
0xaf05fef37206ebf89c61d2f02b170856e2d352872a6a0ee3f06575d482052819,false
0x4b29443a1cd1306e8d4e5c4e8b46d0c78eef754026840f56c712a5a41732322d,true
0xcb07fe425e6c80f8cbdc270c06f996bfc6321943914325c8892fd033863ecd71,true
0x2e73d53b96fd03184661ae0b9ca8d0f90b9530c15286a2300fc343268d33f8d9,true
0x6503d4770e89106e52b69d5ffa52283ae09545e1133957e2fb79c30b5c22ae08,true
0x58e2c6f591fe1345e15c4933e3e9781312cc0fcffa88ae209817f1570ad896bc,true
0x0cc5cce2ebd2afcba8b02fcfcd246c6edf462b6e2c9c84d1cfa1a8885a3f2365,true
0x37ddf5499d6c26f3aa0f506c424bd2ce9e05ed322adb539317cf140b50546e34,true
0xbb4b9e817e020d2d780bbcb3aa52940d946665b7e83cc74cc62b6628e5e2bfa0,false
0xc01451c7eb236a7887fe0b71214ce30efd551a9bcc06eb5164c0bf23f297d8c8,true
0xbac3d899d15c86f5dd014f1ba50824d22241b188b0d91d9cd941ba3767f7d350,false
0xab23ff97a960a5ad6a63aa1b725cc9a7f0c479e1cffd8b92d2cf7a10a7ac4ddc,false
0x7a083557741aa78eeed356fa0689beeba31859c16557d866ca0b5953623f33fd,false
0x6753955d2ed36eab9bbed73a1a6312b83a3e7fae778dba87392c29921c997bb0,false
0xfe981b7a542976d971f18fb3a63dc3515348b21267da695d52099f2ad5224493,true
0x3dd7ef93bcf28e381f8d803b0e44614dde9cb6b867b1e2f469f61b5001a046ce,false
0x43efbd553ec276435c8583d9ea121a4d6dea9f3a72a04463db11fff87c5f78a3,true
0x3f139dfac99d799e5e744b9096cfb8fce5d4f54425e889fdc76cf90df40e44da,false
0xf7d0ff2a4eda5d85d71bfb97393bf45f57e82258d2a388312b0e0ca4bf85b1f4,true
0x354ed5101ddf349a89ee734087fdb77d938a954c880f6a667e181fc76c670097,false
0x1819e029eda6447c1c553372c1d2fe6744880dce4d66b7cda9014047384a9e16,false
0x461a3b1a0b118607a64343e8397b2758e48d144379f4cdd611712b88645ea5f0,false
0x7f4f8b0775bd6088c251162cacb50771ea072aeb031849358ac3e67f479c3bfe,true
0xb9783748246b76f6a9b340159f019313947937812fd18e136fb7612346529331,true
0xf94f3de133b613d9755dd32f361285e562c795ce901190b75ce826e3e2e3ec64,true
0x49db76d1eaf45ab8db6893f9f0fb0dfe74ca28f5a8cf44c2bed0bc1968d1640e,false
0x639c925d01e7c0fa145d49d7c6d0f3c8076a6ccbdb6127fe9604c054af8027dc,true
0xdd74b0bb2e78efadf68044b3f616dd453e73741eb47bdc042cb8179ecfd91d83,true
0x5639b87908afbd93e89e37d1f63b243ce895f37fb7d1b65aa92472324498f125,false
0x97d31fc14a1dd62c624486a360379a71552034568f6dcbd1d774a6a49398af84,true
0x0604939d6568ad4ba913772e71bf5b77e4f2d671e04f770c927cd1c061ca8b9f,false
0x2d21403c88f6ddd14bd26ec8035e5fe3b91b55594b9b32fe7b8f4ab436521255,true
0x1eeae7647d1b236fc69e30ffa8141fc697f4b02bab2dae419c7a9e85cb9de10b,true
0x9be4ec0854448f3f6f84e32b384be2a8407b75e2277758980a6619aeec2d6435,true
0x7ac44f16418103c2168aee503e8c46249a4ee160f7a16fcf3f2b5d6db8d7712f,false
0x7a8149191330cad67391d0c40a9b4d86560a87231a649a4a0cb1df894bb48603,false
0x93138c7c4b48ddd760ab7591fbdd147cab04c6af1be19e7a33c000b37d4bf5c6,true
0xf563031e1622b4739160bbb29950f988e744dbb317a848aac8bf850e8405e5d0,true
0xa735eb13ecc268714d872ea3d1a6448d4608a03bd31bb4947beae45f6bf3691d,false
0x00ae6d03a05e7d7780f11d990e15a7addc52104d487d8cc6e6ee7e6f1bf68409,false
0x8539541fd4dc9304832873fc2e90a51340e9f4a81aa4b66a4bea23186d3715f3,false
0x59dec206d2cfaa494fc1201c2b9f256a7ab8e8780af54ac4be9e4f19580333f5,true
0x875d39db240d8cbc9334d6dfb14f4b2de590dc1a9cbc1a09ddf2e07defc8d68f,false
0x1375b8109948bf5da376f7e403216300ad0bf5f2a2405e8ec387de0a278caeee,true
0xf28464573a4374e70db96f90a1a2fc1497ad840b903f0f345dfc832834eaf7a2,true
0xdc1f7f0b352a6582f197a8c9ab2ebd97d4761832b95b8f338293b934a3ca3296,true
0x6c4769b9f811bfd3b4bd3821acdb1014324879dca453153e2ffab549556e3808,false
0x36f935c604788addedb899e3eaaa5cbe11af92ff8ea9442112a8b55f9cd8bf8d,true
0x101336e15399242f5f0125850ae4e1a81b0c6b141d5a84cb766663a04abc4cef,true
0x51b4942639245ace41fe713cd23818a64d30f6ca53af33fbdf5d237319af2dc9,true
0x2687be978f5ef4cab0c5b6aa1264a7231cab491d0439df8bd617713e4288ed04,true